calendario_sk,fecha_dt,anio_civil,mes_num_civil,mes_nom_civil,dia_mes,dia_semana_num,dia_semana_nom,es_fin_semana,trimestre_civil,anio_operativo,mes_num_operativo,mes_nom_operativo,mes_anio_operativo,periodo_operativo_sort,dia_ciclo_operativo,semana_calendario_num,semana_calendario_label,semana_operativa_num,semana_operativa_label,es_cierre_operativo
-1,1900-01-01,1900,1,NO DEFINIDO,1,1,NO DEFINIDO,False,Q0,1900,1,NO DEFINIDO,N/D,190001,0,-1,N/D,-1,N/D,False
20250101,2025-01-01,2025,1,Enero,1,3,Miércoles,False,Q1,2025,1,Enero,ENE-25,202501,7,1,Sem 01 (2025),1,Semana Op 1,False
20250102,2025-01-02,2025,1,Enero,2,4,Jueves,False,Q1,2025,1,Enero,ENE-25,202501,8,1,Sem 01 (2025),2,Semana Op 2,False
20250103,2025-01-03,2025,1,Enero,3,5,Viernes,False,Q1,2025,1,Enero,ENE-25,202501,9,1,Sem 01 (2025),2,Semana Op 2,False
20250104,2025-01-04,2025,1,Enero,4,6,Sábado,True,Q1,2025,1,Enero,ENE-25,202501,10,1,Sem 01 (2025),2,Semana Op 2,False
20250105,2025-01-05,2025,1,Enero,5,7,Domingo,True,Q1,2025,1,Enero,ENE-25,202501,11,1,Sem 01 (2025),2,Semana Op 2,False
20250106,2025-01-06,2025,1,Enero,6,1,Lunes,False,Q1,2025,1,Enero,ENE-25,202501,12,2,Sem 02 (2025),2,Semana Op 2,False
20250107,2025-01-07,2025,1,Enero,7,2,Martes,False,Q1,2025,1,Enero,ENE-25,202501,13,2,Sem 02 (2025),2,Semana Op 2,False
20250108,2025-01-08,2025,1,Enero,8,3,Miércoles,False,Q1,2025,1,Enero,ENE-25,202501,14,2,Sem 02 (2025),2,Semana Op 2,False
20250109,2025-01-09,2025,1,Enero,9,4,Jueves,False,Q1,2025,1,Enero,ENE-25,202501,15,2,Sem 02 (2025),3,Semana Op 3,False
20250110,2025-01-10,2025,1,Enero,10,5,Viernes,False,Q1,2025,1,Enero,ENE-25,202501,16,2,Sem 02 (2025),3,Semana Op 3,False
20250111,2025-01-11,2025,1,Enero,11,6,Sábado,True,Q1,2025,1,Enero,ENE-25,202501,17,2,Sem 02 (2025),3,Semana Op 3,False
20250112,2025-01-12,2025,1,Enero,12,7,Domingo,True,Q1,2025,1,Enero,ENE-25,202501,18,2,Sem 02 (2025),3,Semana Op 3,False
20250113,2025-01-13,2025,1,Enero,13,1,Lunes,False,Q1,2025,1,Enero,ENE-25,202501,19,3,Sem 03 (2025),3,Semana Op 3,False
20250114,2025-01-14,2025,1,Enero,14,2,Martes,False,Q1,2025,1,Enero,ENE-25,202501,20,3,Sem 03 (2025),3,Semana Op 3,False
20250115,2025-01-15,2025,1,Enero,15,3,Miércoles,False,Q1,2025,1,Enero,ENE-25,202501,21,3,Sem 03 (2025),3,Semana Op 3,False
20250116,2025-01-16,2025,1,Enero,16,4,Jueves,False,Q1,2025,1,Enero,ENE-25,202501,22,3,Sem 03 (2025),4,Semana Op 4,False
20250117,2025-01-17,2025,1,Enero,17,5,Viernes,False,Q1,2025,1,Enero,ENE-25,202501,23,3,Sem 03 (2025),4,Semana Op 4,False
20250118,2025-01-18,2025,1,Enero,18,6,Sábado,True,Q1,2025,1,Enero,ENE-25,202501,24,3,Sem 03 (2025),4,Semana Op 4,False
20250119,2025-01-19,2025,1,Enero,19,7,Domingo,True,Q1,2025,1,Enero,ENE-25,202501,25,3,Sem 03 (2025),4,Semana Op 4,False
20250120,2025-01-20,2025,1,Enero,20,1,Lunes,False,Q1,2025,1,Enero,ENE-25,202501,26,4,Sem 04 (2025),4,Semana Op 4,False
20250121,2025-01-21,2025,1,Enero,21,2,Martes,False,Q1,2025,1,Enero,ENE-25,202501,27,4,Sem 04 (2025),4,Semana Op 4,False
20250122,2025-01-22,2025,1,Enero,22,3,Miércoles,False,Q1,2025,1,Enero,ENE-25,202501,28,4,Sem 04 (2025),4,Semana Op 4,False
20250123,2025-01-23,2025,1,Enero,23,4,Jueves,False,Q1,2025,1,Enero,ENE-25,202501,29,4,Sem 04 (2025),5,Semana Op 5 (Cierre),False
20250124,2025-01-24,2025,1,Enero,24,5,Viernes,False,Q1,2025,1,Enero,ENE-25,202501,30,4,Sem 04 (2025),5,Semana Op 5 (Cierre),False
20250125,2025-01-25,2025,1,Enero,25,6,Sábado,True,Q1,2025,1,Enero,ENE-25,202501,31,4,Sem 04 (2025),5,Semana Op 5 (Cierre),True
20250126,2025-01-26,2025,1,Enero,26,7,Domingo,True,Q1,2025,2,Febrero,FEB-25,202502,1,4,Sem 04 (2025),1,Semana Op 1,False
20250127,2025-01-27,2025,1,Enero,27,1,Lunes,False,Q1,2025,2,Febrero,FEB-25,202502,2,5,Sem 05 (2025),1,Semana Op 1,False
20250128,2025-01-28,2025,1,Enero,28,2,Martes,False,Q1,2025,2,Febrero,FEB-25,202502,3,5,Sem 05 (2025),1,Semana Op 1,False
20250129,2025-01-29,2025,1,Enero,29,3,Miércoles,False,Q1,2025,2,Febrero,FEB-25,202502,4,5,Sem 05 (2025),1,Semana Op 1,False
20250130,2025-01-30,2025,1,Enero,30,4,Jueves,False,Q1,2025,2,Febrero,FEB-25,202502,5,5,Sem 05 (2025),1,Semana Op 1,False
20250131,2025-01-31,2025,1,Enero,31,5,Viernes,False,Q1,2025,2,Febrero,FEB-25,202502,6,5,Sem 05 (2025),1,Semana Op 1,False
20250201,2025-02-01,2025,2,Febrero,1,6,Sábado,True,Q1,2025,2,Febrero,FEB-25,202502,7,5,Sem 05 (2025),1,Semana Op 1,False
20250202,2025-02-02,2025,2,Febrero,2,7,Domingo,True,Q1,2025,2,Febrero,FEB-25,202502,8,5,Sem 05 (2025),2,Semana Op 2,False
20250203,2025-02-03,2025,2,Febrero,3,1,Lunes,False,Q1,2025,2,Febrero,FEB-25,202502,9,6,Sem 06 (2025),2,Semana Op 2,False
20250204,2025-02-04,2025,2,Febrero,4,2,Martes,False,Q1,2025,2,Febrero,FEB-25,202502,10,6,Sem 06 (2025),2,Semana Op 2,False
20250205,2025-02-05,2025,2,Febrero,5,3,Miércoles,False,Q1,2025,2,Febrero,FEB-25,202502,11,6,Sem 06 (2025),2,Semana Op 2,False
20250206,2025-02-06,2025,2,Febrero,6,4,Jueves,False,Q1,2025,2,Febrero,FEB-25,202502,12,6,Sem 06 (2025),2,Semana Op 2,False
20250207,2025-02-07,2025,2,Febrero,7,5,Viernes,False,Q1,2025,2,Febrero,FEB-25,202502,13,6,Sem 06 (2025),2,Semana Op 2,False
20250208,2025-02-08,2025,2,Febrero,8,6,Sábado,True,Q1,2025,2,Febrero,FEB-25,202502,14,6,Sem 06 (2025),2,Semana Op 2,False
20250209,2025-02-09,2025,2,Febrero,9,7,Domingo,True,Q1,2025,2,Febrero,FEB-25,202502,15,6,Sem 06 (2025),3,Semana Op 3,False
20250210,2025-02-10,2025,2,Febrero,10,1,Lunes,False,Q1,2025,2,Febrero,FEB-25,202502,16,7,Sem 07 (2025),3,Semana Op 3,False
20250211,2025-02-11,2025,2,Febrero,11,2,Martes,False,Q1,2025,2,Febrero,FEB-25,202502,17,7,Sem 07 (2025),3,Semana Op 3,False
20250212,2025-02-12,2025,2,Febrero,12,3,Miércoles,False,Q1,2025,2,Febrero,FEB-25,202502,18,7,Sem 07 (2025),3,Semana Op 3,False
20250213,2025-02-13,2025,2,Febrero,13,4,Jueves,False,Q1,2025,2,Febrero,FEB-25,202502,19,7,Sem 07 (2025),3,Semana Op 3,False
20250214,2025-02-14,2025,2,Febrero,14,5,Viernes,False,Q1,2025,2,Febrero,FEB-25,202502,20,7,Sem 07 (2025),3,Semana Op 3,False
20250215,2025-02-15,2025,2,Febrero,15,6,Sábado,True,Q1,2025,2,Febrero,FEB-25,202502,21,7,Sem 07 (2025),3,Semana Op 3,False
20250216,2025-02-16,2025,2,Febrero,16,7,Domingo,True,Q1,2025,2,Febrero,FEB-25,202502,22,7,Sem 07 (2025),4,Semana Op 4,False
20250217,2025-02-17,2025,2,Febrero,17,1,Lunes,False,Q1,2025,2,Febrero,FEB-25,202502,23,8,Sem 08 (2025),4,Semana Op 4,False
20250218,2025-02-18,2025,2,Febrero,18,2,Martes,False,Q1,2025,2,Febrero,FEB-25,202502,24,8,Sem 08 (2025),4,Semana Op 4,False
20250219,2025-02-19,2025,2,Febrero,19,3,Miércoles,False,Q1,2025,2,Febrero,FEB-25,202502,25,8,Sem 08 (2025),4,Semana Op 4,False
20250220,2025-02-20,2025,2,Febrero,20,4,Jueves,False,Q1,2025,2,Febrero,FEB-25,202502,26,8,Sem 08 (2025),4,Semana Op 4,False
20250221,2025-02-21,2025,2,Febrero,21,5,Viernes,False,Q1,2025,2,Febrero,FEB-25,202502,27,8,Sem 08 (2025),4,Semana Op 4,False
20250222,2025-02-22,2025,2,Febrero,22,6,Sábado,True,Q1,2025,2,Febrero,FEB-25,202502,28,8,Sem 08 (2025),4,Semana Op 4,False
20250223,2025-02-23,2025,2,Febrero,23,7,Domingo,True,Q1,2025,2,Febrero,FEB-25,202502,29,8,Sem 08 (2025),5,Semana Op 5 (Cierre),False
20250224,2025-02-24,2025,2,Febrero,24,1,Lunes,False,Q1,2025,2,Febrero,FEB-25,202502,30,9,Sem 09 (2025),5,Semana Op 5 (Cierre),False
20250225,2025-02-25,2025,2,Febrero,25,2,Martes,False,Q1,2025,2,Febrero,FEB-25,202502,31,9,Sem 09 (2025),5,Semana Op 5 (Cierre),True
20250226,2025-02-26,2025,2,Febrero,26,3,Miércoles,False,Q1,2025,3,Marzo,MAR-25,202503,1,9,Sem 09 (2025),1,Semana Op 1,False
20250227,2025-02-27,2025,2,Febrero,27,4,Jueves,False,Q1,2025,3,Marzo,MAR-25,202503,2,9,Sem 09 (2025),1,Semana Op 1,False
20250228,2025-02-28,2025,2,Febrero,28,5,Viernes,False,Q1,2025,3,Marzo,MAR-25,202503,3,9,Sem 09 (2025),1,Semana Op 1,False
20250301,2025-03-01,2025,3,Marzo,1,6,Sábado,True,Q1,2025,3,Marzo,MAR-25,202503,4,9,Sem 09 (2025),1,Semana Op 1,False
20250302,2025-03-02,2025,3,Marzo,2,7,Domingo,True,Q1,2025,3,Marzo,MAR-25,202503,5,9,Sem 09 (2025),1,Semana Op 1,False
20250303,2025-03-03,2025,3,Marzo,3,1,Lunes,False,Q1,2025,3,Marzo,MAR-25,202503,6,10,Sem 10 (2025),1,Semana Op 1,False
20250304,2025-03-04,2025,3,Marzo,4,2,Martes,False,Q1,2025,3,Marzo,MAR-25,202503,7,10,Sem 10 (2025),1,Semana Op 1,False
20250305,2025-03-05,2025,3,Marzo,5,3,Miércoles,False,Q1,2025,3,Marzo,MAR-25,202503,8,10,Sem 10 (2025),2,Semana Op 2,False
20250306,2025-03-06,2025,3,Marzo,6,4,Jueves,False,Q1,2025,3,Marzo,MAR-25,202503,9,10,Sem 10 (2025),2,Semana Op 2,False
20250307,2025-03-07,2025,3,Marzo,7,5,Viernes,False,Q1,2025,3,Marzo,MAR-25,202503,10,10,Sem 10 (2025),2,Semana Op 2,False
20250308,2025-03-08,2025,3,Marzo,8,6,Sábado,True,Q1,2025,3,Marzo,MAR-25,202503,11,10,Sem 10 (2025),2,Semana Op 2,False
20250309,2025-03-09,2025,3,Marzo,9,7,Domingo,True,Q1,2025,3,Marzo,MAR-25,202503,12,10,Sem 10 (2025),2,Semana Op 2,False
20250310,2025-03-10,2025,3,Marzo,10,1,Lunes,False,Q1,2025,3,Marzo,MAR-25,202503,13,11,Sem 11 (2025),2,Semana Op 2,False
20250311,2025-03-11,2025,3,Marzo,11,2,Martes,False,Q1,2025,3,Marzo,MAR-25,202503,14,11,Sem 11 (2025),2,Semana Op 2,False
20250312,2025-03-12,2025,3,Marzo,12,3,Miércoles,False,Q1,2025,3,Marzo,MAR-25,202503,15,11,Sem 11 (2025),3,Semana Op 3,False
20250313,2025-03-13,2025,3,Marzo,13,4,Jueves,False,Q1,2025,3,Marzo,MAR-25,202503,16,11,Sem 11 (2025),3,Semana Op 3,False
20250314,2025-03-14,2025,3,Marzo,14,5,Viernes,False,Q1,2025,3,Marzo,MAR-25,202503,17,11,Sem 11 (2025),3,Semana Op 3,False
20250315,2025-03-15,2025,3,Marzo,15,6,Sábado,True,Q1,2025,3,Marzo,MAR-25,202503,18,11,Sem 11 (2025),3,Semana Op 3,False
20250316,2025-03-16,2025,3,Marzo,16,7,Domingo,True,Q1,2025,3,Marzo,MAR-25,202503,19,11,Sem 11 (2025),3,Semana Op 3,False
20250317,2025-03-17,2025,3,Marzo,17,1,Lunes,False,Q1,2025,3,Marzo,MAR-25,202503,20,12,Sem 12 (2025),3,Semana Op 3,False
20250318,2025-03-18,2025,3,Marzo,18,2,Martes,False,Q1,2025,3,Marzo,MAR-25,202503,21,12,Sem 12 (2025),3,Semana Op 3,False
20250319,2025-03-19,2025,3,Marzo,19,3,Miércoles,False,Q1,2025,3,Marzo,MAR-25,202503,22,12,Sem 12 (2025),4,Semana Op 4,False
20250320,2025-03-20,2025,3,Marzo,20,4,Jueves,False,Q1,2025,3,Marzo,MAR-25,202503,23,12,Sem 12 (2025),4,Semana Op 4,False
20250321,2025-03-21,2025,3,Marzo,21,5,Viernes,False,Q1,2025,3,Marzo,MAR-25,202503,24,12,Sem 12 (2025),4,Semana Op 4,False
20250322,2025-03-22,2025,3,Marzo,22,6,Sábado,True,Q1,2025,3,Marzo,MAR-25,202503,25,12,Sem 12 (2025),4,Semana Op 4,False
20250323,2025-03-23,2025,3,Marzo,23,7,Domingo,True,Q1,2025,3,Marzo,MAR-25,202503,26,12,Sem 12 (2025),4,Semana Op 4,False
20250324,2025-03-24,2025,3,Marzo,24,1,Lunes,False,Q1,2025,3,Marzo,MAR-25,202503,27,13,Sem 13 (2025),4,Semana Op 4,False
20250325,2025-03-25,2025,3,Marzo,25,2,Martes,False,Q1,2025,3,Marzo,MAR-25,202503,28,13,Sem 13 (2025),4,Semana Op 4,True
20250326,2025-03-26,2025,3,Marzo,26,3,Miércoles,False,Q1,2025,4,Abril,ABR-25,202504,1,13,Sem 13 (2025),1,Semana Op 1,False
20250327,2025-03-27,2025,3,Marzo,27,4,Jueves,False,Q1,2025,4,Abril,ABR-25,202504,2,13,Sem 13 (2025),1,Semana Op 1,False
20250328,2025-03-28,2025,3,Marzo,28,5,Viernes,False,Q1,2025,4,Abril,ABR-25,202504,3,13,Sem 13 (2025),1,Semana Op 1,False
20250329,2025-03-29,2025,3,Marzo,29,6,Sábado,True,Q1,2025,4,Abril,ABR-25,202504,4,13,Sem 13 (2025),1,Semana Op 1,False
20250330,2025-03-30,2025,3,Marzo,30,7,Domingo,True,Q1,2025,4,Abril,ABR-25,202504,5,13,Sem 13 (2025),1,Semana Op 1,False
20250331,2025-03-31,2025,3,Marzo,31,1,Lunes,False,Q1,2025,4,Abril,ABR-25,202504,6,14,Sem 14 (2025),1,Semana Op 1,False
20250401,2025-04-01,2025,4,Abril,1,2,Martes,False,Q2,2025,4,Abril,ABR-25,202504,7,14,Sem 14 (2025),1,Semana Op 1,False
20250402,2025-04-02,2025,4,Abril,2,3,Miércoles,False,Q2,2025,4,Abril,ABR-25,202504,8,14,Sem 14 (2025),2,Semana Op 2,False
20250403,2025-04-03,2025,4,Abril,3,4,Jueves,False,Q2,2025,4,Abril,ABR-25,202504,9,14,Sem 14 (2025),2,Semana Op 2,False
20250404,2025-04-04,2025,4,Abril,4,5,Viernes,False,Q2,2025,4,Abril,ABR-25,202504,10,14,Sem 14 (2025),2,Semana Op 2,False
20250405,2025-04-05,2025,4,Abril,5,6,Sábado,True,Q2,2025,4,Abril,ABR-25,202504,11,14,Sem 14 (2025),2,Semana Op 2,False
20250406,2025-04-06,2025,4,Abril,6,7,Domingo,True,Q2,2025,4,Abril,ABR-25,202504,12,14,Sem 14 (2025),2,Semana Op 2,False
20250407,2025-04-07,2025,4,Abril,7,1,Lunes,False,Q2,2025,4,Abril,ABR-25,202504,13,15,Sem 15 (2025),2,Semana Op 2,False
20250408,2025-04-08,2025,4,Abril,8,2,Martes,False,Q2,2025,4,Abril,ABR-25,202504,14,15,Sem 15 (2025),2,Semana Op 2,False
20250409,2025-04-09,2025,4,Abril,9,3,Miércoles,False,Q2,2025,4,Abril,ABR-25,202504,15,15,Sem 15 (2025),3,Semana Op 3,False
20250410,2025-04-10,2025,4,Abril,10,4,Jueves,False,Q2,2025,4,Abril,ABR-25,202504,16,15,Sem 15 (2025),3,Semana Op 3,False
20250411,2025-04-11,2025,4,Abril,11,5,Viernes,False,Q2,2025,4,Abril,ABR-25,202504,17,15,Sem 15 (2025),3,Semana Op 3,False
20250412,2025-04-12,2025,4,Abril,12,6,Sábado,True,Q2,2025,4,Abril,ABR-25,202504,18,15,Sem 15 (2025),3,Semana Op 3,False
20250413,2025-04-13,2025,4,Abril,13,7,Domingo,True,Q2,2025,4,Abril,ABR-25,202504,19,15,Sem 15 (2025),3,Semana Op 3,False
20250414,2025-04-14,2025,4,Abril,14,1,Lunes,False,Q2,2025,4,Abril,ABR-25,202504,20,16,Sem 16 (2025),3,Semana Op 3,False
20250415,2025-04-15,2025,4,Abril,15,2,Martes,False,Q2,2025,4,Abril,ABR-25,202504,21,16,Sem 16 (2025),3,Semana Op 3,False
20250416,2025-04-16,2025,4,Abril,16,3,Miércoles,False,Q2,2025,4,Abril,ABR-25,202504,22,16,Sem 16 (2025),4,Semana Op 4,False
20250417,2025-04-17,2025,4,Abril,17,4,Jueves,False,Q2,2025,4,Abril,ABR-25,202504,23,16,Sem 16 (2025),4,Semana Op 4,False
20250418,2025-04-18,2025,4,Abril,18,5,Viernes,False,Q2,2025,4,Abril,ABR-25,202504,24,16,Sem 16 (2025),4,Semana Op 4,False
20250419,2025-04-19,2025,4,Abril,19,6,Sábado,True,Q2,2025,4,Abril,ABR-25,202504,25,16,Sem 16 (2025),4,Semana Op 4,False
20250420,2025-04-20,2025,4,Abril,20,7,Domingo,True,Q2,2025,4,Abril,ABR-25,202504,26,16,Sem 16 (2025),4,Semana Op 4,False
20250421,2025-04-21,2025,4,Abril,21,1,Lunes,False,Q2,2025,4,Abril,ABR-25,202504,27,17,Sem 17 (2025),4,Semana Op 4,False
20250422,2025-04-22,2025,4,Abril,22,2,Martes,False,Q2,2025,4,Abril,ABR-25,202504,28,17,Sem 17 (2025),4,Semana Op 4,False
20250423,2025-04-23,2025,4,Abril,23,3,Miércoles,False,Q2,2025,4,Abril,ABR-25,202504,29,17,Sem 17 (2025),5,Semana Op 5 (Cierre),False
20250424,2025-04-24,2025,4,Abril,24,4,Jueves,False,Q2,2025,4,Abril,ABR-25,202504,30,17,Sem 17 (2025),5,Semana Op 5 (Cierre),False
20250425,2025-04-25,2025,4,Abril,25,5,Viernes,False,Q2,2025,4,Abril,ABR-25,202504,31,17,Sem 17 (2025),5,Semana Op 5 (Cierre),True
20250426,2025-04-26,2025,4,Abril,26,6,Sábado,True,Q2,2025,5,Mayo,MAY-25,202505,1,17,Sem 17 (2025),1,Semana Op 1,False
20250427,2025-04-27,2025,4,Abril,27,7,Domingo,True,Q2,2025,5,Mayo,MAY-25,202505,2,17,Sem 17 (2025),1,Semana Op 1,False
20250428,2025-04-28,2025,4,Abril,28,1,Lunes,False,Q2,2025,5,Mayo,MAY-25,202505,3,18,Sem 18 (2025),1,Semana Op 1,False
20250429,2025-04-29,2025,4,Abril,29,2,Martes,False,Q2,2025,5,Mayo,MAY-25,202505,4,18,Sem 18 (2025),1,Semana Op 1,False
20250430,2025-04-30,2025,4,Abril,30,3,Miércoles,False,Q2,2025,5,Mayo,MAY-25,202505,5,18,Sem 18 (2025),1,Semana Op 1,False
20250501,2025-05-01,2025,5,Mayo,1,4,Jueves,False,Q2,2025,5,Mayo,MAY-25,202505,6,18,Sem 18 (2025),1,Semana Op 1,False
20250502,2025-05-02,2025,5,Mayo,2,5,Viernes,False,Q2,2025,5,Mayo,MAY-25,202505,7,18,Sem 18 (2025),1,Semana Op 1,False
20250503,2025-05-03,2025,5,Mayo,3,6,Sábado,True,Q2,2025,5,Mayo,MAY-25,202505,8,18,Sem 18 (2025),2,Semana Op 2,False
20250504,2025-05-04,2025,5,Mayo,4,7,Domingo,True,Q2,2025,5,Mayo,MAY-25,202505,9,18,Sem 18 (2025),2,Semana Op 2,False
20250505,2025-05-05,2025,5,Mayo,5,1,Lunes,False,Q2,2025,5,Mayo,MAY-25,202505,10,19,Sem 19 (2025),2,Semana Op 2,False
20250506,2025-05-06,2025,5,Mayo,6,2,Martes,False,Q2,2025,5,Mayo,MAY-25,202505,11,19,Sem 19 (2025),2,Semana Op 2,False
20250507,2025-05-07,2025,5,Mayo,7,3,Miércoles,False,Q2,2025,5,Mayo,MAY-25,202505,12,19,Sem 19 (2025),2,Semana Op 2,False
20250508,2025-05-08,2025,5,Mayo,8,4,Jueves,False,Q2,2025,5,Mayo,MAY-25,202505,13,19,Sem 19 (2025),2,Semana Op 2,False
20250509,2025-05-09,2025,5,Mayo,9,5,Viernes,False,Q2,2025,5,Mayo,MAY-25,202505,14,19,Sem 19 (2025),2,Semana Op 2,False
20250510,2025-05-10,2025,5,Mayo,10,6,Sábado,True,Q2,2025,5,Mayo,MAY-25,202505,15,19,Sem 19 (2025),3,Semana Op 3,False
20250511,2025-05-11,2025,5,Mayo,11,7,Domingo,True,Q2,2025,5,Mayo,MAY-25,202505,16,19,Sem 19 (2025),3,Semana Op 3,False
20250512,2025-05-12,2025,5,Mayo,12,1,Lunes,False,Q2,2025,5,Mayo,MAY-25,202505,17,20,Sem 20 (2025),3,Semana Op 3,False
20250513,2025-05-13,2025,5,Mayo,13,2,Martes,False,Q2,2025,5,Mayo,MAY-25,202505,18,20,Sem 20 (2025),3,Semana Op 3,False
20250514,2025-05-14,2025,5,Mayo,14,3,Miércoles,False,Q2,2025,5,Mayo,MAY-25,202505,19,20,Sem 20 (2025),3,Semana Op 3,False
20250515,2025-05-15,2025,5,Mayo,15,4,Jueves,False,Q2,2025,5,Mayo,MAY-25,202505,20,20,Sem 20 (2025),3,Semana Op 3,False
20250516,2025-05-16,2025,5,Mayo,16,5,Viernes,False,Q2,2025,5,Mayo,MAY-25,202505,21,20,Sem 20 (2025),3,Semana Op 3,False
20250517,2025-05-17,2025,5,Mayo,17,6,Sábado,True,Q2,2025,5,Mayo,MAY-25,202505,22,20,Sem 20 (2025),4,Semana Op 4,False
20250518,2025-05-18,2025,5,Mayo,18,7,Domingo,True,Q2,2025,5,Mayo,MAY-25,202505,23,20,Sem 20 (2025),4,Semana Op 4,False
20250519,2025-05-19,2025,5,Mayo,19,1,Lunes,False,Q2,2025,5,Mayo,MAY-25,202505,24,21,Sem 21 (2025),4,Semana Op 4,False
20250520,2025-05-20,2025,5,Mayo,20,2,Martes,False,Q2,2025,5,Mayo,MAY-25,202505,25,21,Sem 21 (2025),4,Semana Op 4,False
20250521,2025-05-21,2025,5,Mayo,21,3,Miércoles,False,Q2,2025,5,Mayo,MAY-25,202505,26,21,Sem 21 (2025),4,Semana Op 4,False
20250522,2025-05-22,2025,5,Mayo,22,4,Jueves,False,Q2,2025,5,Mayo,MAY-25,202505,27,21,Sem 21 (2025),4,Semana Op 4,False
20250523,2025-05-23,2025,5,Mayo,23,5,Viernes,False,Q2,2025,5,Mayo,MAY-25,202505,28,21,Sem 21 (2025),4,Semana Op 4,False
20250524,2025-05-24,2025,5,Mayo,24,6,Sábado,True,Q2,2025,5,Mayo,MAY-25,202505,29,21,Sem 21 (2025),5,Semana Op 5 (Cierre),False
20250525,2025-05-25,2025,5,Mayo,25,7,Domingo,True,Q2,2025,5,Mayo,MAY-25,202505,30,21,Sem 21 (2025),5,Semana Op 5 (Cierre),True
20250526,2025-05-26,2025,5,Mayo,26,1,Lunes,False,Q2,2025,6,Junio,JUN-25,202506,1,22,Sem 22 (2025),1,Semana Op 1,False
20250527,2025-05-27,2025,5,Mayo,27,2,Martes,False,Q2,2025,6,Junio,JUN-25,202506,2,22,Sem 22 (2025),1,Semana Op 1,False
20250528,2025-05-28,2025,5,Mayo,28,3,Miércoles,False,Q2,2025,6,Junio,JUN-25,202506,3,22,Sem 22 (2025),1,Semana Op 1,False
20250529,2025-05-29,2025,5,Mayo,29,4,Jueves,False,Q2,2025,6,Junio,JUN-25,202506,4,22,Sem 22 (2025),1,Semana Op 1,False
20250530,2025-05-30,2025,5,Mayo,30,5,Viernes,False,Q2,2025,6,Junio,JUN-25,202506,5,22,Sem 22 (2025),1,Semana Op 1,False
20250531,2025-05-31,2025,5,Mayo,31,6,Sábado,True,Q2,2025,6,Junio,JUN-25,202506,6,22,Sem 22 (2025),1,Semana Op 1,False
20250601,2025-06-01,2025,6,Junio,1,7,Domingo,True,Q2,2025,6,Junio,JUN-25,202506,7,22,Sem 22 (2025),1,Semana Op 1,False
20250602,2025-06-02,2025,6,Junio,2,1,Lunes,False,Q2,2025,6,Junio,JUN-25,202506,8,23,Sem 23 (2025),2,Semana Op 2,False
20250603,2025-06-03,2025,6,Junio,3,2,Martes,False,Q2,2025,6,Junio,JUN-25,202506,9,23,Sem 23 (2025),2,Semana Op 2,False
20250604,2025-06-04,2025,6,Junio,4,3,Miércoles,False,Q2,2025,6,Junio,JUN-25,202506,10,23,Sem 23 (2025),2,Semana Op 2,False
20250605,2025-06-05,2025,6,Junio,5,4,Jueves,False,Q2,2025,6,Junio,JUN-25,202506,11,23,Sem 23 (2025),2,Semana Op 2,False
20250606,2025-06-06,2025,6,Junio,6,5,Viernes,False,Q2,2025,6,Junio,JUN-25,202506,12,23,Sem 23 (2025),2,Semana Op 2,False
20250607,2025-06-07,2025,6,Junio,7,6,Sábado,True,Q2,2025,6,Junio,JUN-25,202506,13,23,Sem 23 (2025),2,Semana Op 2,False
20250608,2025-06-08,2025,6,Junio,8,7,Domingo,True,Q2,2025,6,Junio,JUN-25,202506,14,23,Sem 23 (2025),2,Semana Op 2,False
20250609,2025-06-09,2025,6,Junio,9,1,Lunes,False,Q2,2025,6,Junio,JUN-25,202506,15,24,Sem 24 (2025),3,Semana Op 3,False
20250610,2025-06-10,2025,6,Junio,10,2,Martes,False,Q2,2025,6,Junio,JUN-25,202506,16,24,Sem 24 (2025),3,Semana Op 3,False
20250611,2025-06-11,2025,6,Junio,11,3,Miércoles,False,Q2,2025,6,Junio,JUN-25,202506,17,24,Sem 24 (2025),3,Semana Op 3,False
20250612,2025-06-12,2025,6,Junio,12,4,Jueves,False,Q2,2025,6,Junio,JUN-25,202506,18,24,Sem 24 (2025),3,Semana Op 3,False
20250613,2025-06-13,2025,6,Junio,13,5,Viernes,False,Q2,2025,6,Junio,JUN-25,202506,19,24,Sem 24 (2025),3,Semana Op 3,False
20250614,2025-06-14,2025,6,Junio,14,6,Sábado,True,Q2,2025,6,Junio,JUN-25,202506,20,24,Sem 24 (2025),3,Semana Op 3,False
20250615,2025-06-15,2025,6,Junio,15,7,Domingo,True,Q2,2025,6,Junio,JUN-25,202506,21,24,Sem 24 (2025),3,Semana Op 3,False
20250616,2025-06-16,2025,6,Junio,16,1,Lunes,False,Q2,2025,6,Junio,JUN-25,202506,22,25,Sem 25 (2025),4,Semana Op 4,False
20250617,2025-06-17,2025,6,Junio,17,2,Martes,False,Q2,2025,6,Junio,JUN-25,202506,23,25,Sem 25 (2025),4,Semana Op 4,False
20250618,2025-06-18,2025,6,Junio,18,3,Miércoles,False,Q2,2025,6,Junio,JUN-25,202506,24,25,Sem 25 (2025),4,Semana Op 4,False
20250619,2025-06-19,2025,6,Junio,19,4,Jueves,False,Q2,2025,6,Junio,JUN-25,202506,25,25,Sem 25 (2025),4,Semana Op 4,False
20250620,2025-06-20,2025,6,Junio,20,5,Viernes,False,Q2,2025,6,Junio,JUN-25,202506,26,25,Sem 25 (2025),4,Semana Op 4,False
20250621,2025-06-21,2025,6,Junio,21,6,Sábado,True,Q2,2025,6,Junio,JUN-25,202506,27,25,Sem 25 (2025),4,Semana Op 4,False
20250622,2025-06-22,2025,6,Junio,22,7,Domingo,True,Q2,2025,6,Junio,JUN-25,202506,28,25,Sem 25 (2025),4,Semana Op 4,False
20250623,2025-06-23,2025,6,Junio,23,1,Lunes,False,Q2,2025,6,Junio,JUN-25,202506,29,26,Sem 26 (2025),5,Semana Op 5 (Cierre),False
20250624,2025-06-24,2025,6,Junio,24,2,Martes,False,Q2,2025,6,Junio,JUN-25,202506,30,26,Sem 26 (2025),5,Semana Op 5 (Cierre),False
20250625,2025-06-25,2025,6,Junio,25,3,Miércoles,False,Q2,2025,6,Junio,JUN-25,202506,31,26,Sem 26 (2025),5,Semana Op 5 (Cierre),True
20250626,2025-06-26,2025,6,Junio,26,4,Jueves,False,Q2,2025,7,Julio,JUL-25,202507,1,26,Sem 26 (2025),1,Semana Op 1,False
20250627,2025-06-27,2025,6,Junio,27,5,Viernes,False,Q2,2025,7,Julio,JUL-25,202507,2,26,Sem 26 (2025),1,Semana Op 1,False
20250628,2025-06-28,2025,6,Junio,28,6,Sábado,True,Q2,2025,7,Julio,JUL-25,202507,3,26,Sem 26 (2025),1,Semana Op 1,False
20250629,2025-06-29,2025,6,Junio,29,7,Domingo,True,Q2,2025,7,Julio,JUL-25,202507,4,26,Sem 26 (2025),1,Semana Op 1,False
20250630,2025-06-30,2025,6,Junio,30,1,Lunes,False,Q2,2025,7,Julio,JUL-25,202507,5,27,Sem 27 (2025),1,Semana Op 1,False
20250701,2025-07-01,2025,7,Julio,1,2,Martes,False,Q3,2025,7,Julio,JUL-25,202507,6,27,Sem 27 (2025),1,Semana Op 1,False
20250702,2025-07-02,2025,7,Julio,2,3,Miércoles,False,Q3,2025,7,Julio,JUL-25,202507,7,27,Sem 27 (2025),1,Semana Op 1,False
20250703,2025-07-03,2025,7,Julio,3,4,Jueves,False,Q3,2025,7,Julio,JUL-25,202507,8,27,Sem 27 (2025),2,Semana Op 2,False
20250704,2025-07-04,2025,7,Julio,4,5,Viernes,False,Q3,2025,7,Julio,JUL-25,202507,9,27,Sem 27 (2025),2,Semana Op 2,False
20250705,2025-07-05,2025,7,Julio,5,6,Sábado,True,Q3,2025,7,Julio,JUL-25,202507,10,27,Sem 27 (2025),2,Semana Op 2,False
20250706,2025-07-06,2025,7,Julio,6,7,Domingo,True,Q3,2025,7,Julio,JUL-25,202507,11,27,Sem 27 (2025),2,Semana Op 2,False
20250707,2025-07-07,2025,7,Julio,7,1,Lunes,False,Q3,2025,7,Julio,JUL-25,202507,12,28,Sem 28 (2025),2,Semana Op 2,False
20250708,2025-07-08,2025,7,Julio,8,2,Martes,False,Q3,2025,7,Julio,JUL-25,202507,13,28,Sem 28 (2025),2,Semana Op 2,False
20250709,2025-07-09,2025,7,Julio,9,3,Miércoles,False,Q3,2025,7,Julio,JUL-25,202507,14,28,Sem 28 (2025),2,Semana Op 2,False
20250710,2025-07-10,2025,7,Julio,10,4,Jueves,False,Q3,2025,7,Julio,JUL-25,202507,15,28,Sem 28 (2025),3,Semana Op 3,False
20250711,2025-07-11,2025,7,Julio,11,5,Viernes,False,Q3,2025,7,Julio,JUL-25,202507,16,28,Sem 28 (2025),3,Semana Op 3,False
20250712,2025-07-12,2025,7,Julio,12,6,Sábado,True,Q3,2025,7,Julio,JUL-25,202507,17,28,Sem 28 (2025),3,Semana Op 3,False
20250713,2025-07-13,2025,7,Julio,13,7,Domingo,True,Q3,2025,7,Julio,JUL-25,202507,18,28,Sem 28 (2025),3,Semana Op 3,False
20250714,2025-07-14,2025,7,Julio,14,1,Lunes,False,Q3,2025,7,Julio,JUL-25,202507,19,29,Sem 29 (2025),3,Semana Op 3,False
20250715,2025-07-15,2025,7,Julio,15,2,Martes,False,Q3,2025,7,Julio,JUL-25,202507,20,29,Sem 29 (2025),3,Semana Op 3,False
20250716,2025-07-16,2025,7,Julio,16,3,Miércoles,False,Q3,2025,7,Julio,JUL-25,202507,21,29,Sem 29 (2025),3,Semana Op 3,False
20250717,2025-07-17,2025,7,Julio,17,4,Jueves,False,Q3,2025,7,Julio,JUL-25,202507,22,29,Sem 29 (2025),4,Semana Op 4,False
20250718,2025-07-18,2025,7,Julio,18,5,Viernes,False,Q3,2025,7,Julio,JUL-25,202507,23,29,Sem 29 (2025),4,Semana Op 4,False
20250719,2025-07-19,2025,7,Julio,19,6,Sábado,True,Q3,2025,7,Julio,JUL-25,202507,24,29,Sem 29 (2025),4,Semana Op 4,False
20250720,2025-07-20,2025,7,Julio,20,7,Domingo,True,Q3,2025,7,Julio,JUL-25,202507,25,29,Sem 29 (2025),4,Semana Op 4,False
20250721,2025-07-21,2025,7,Julio,21,1,Lunes,False,Q3,2025,7,Julio,JUL-25,202507,26,30,Sem 30 (2025),4,Semana Op 4,False
20250722,2025-07-22,2025,7,Julio,22,2,Martes,False,Q3,2025,7,Julio,JUL-25,202507,27,30,Sem 30 (2025),4,Semana Op 4,False
20250723,2025-07-23,2025,7,Julio,23,3,Miércoles,False,Q3,2025,7,Julio,JUL-25,202507,28,30,Sem 30 (2025),4,Semana Op 4,False
20250724,2025-07-24,2025,7,Julio,24,4,Jueves,False,Q3,2025,7,Julio,JUL-25,202507,29,30,Sem 30 (2025),5,Semana Op 5 (Cierre),False
20250725,2025-07-25,2025,7,Julio,25,5,Viernes,False,Q3,2025,7,Julio,JUL-25,202507,30,30,Sem 30 (2025),5,Semana Op 5 (Cierre),True
20250726,2025-07-26,2025,7,Julio,26,6,Sábado,True,Q3,2025,8,Agosto,AGO-25,202508,1,30,Sem 30 (2025),1,Semana Op 1,False
20250727,2025-07-27,2025,7,Julio,27,7,Domingo,True,Q3,2025,8,Agosto,AGO-25,202508,2,30,Sem 30 (2025),1,Semana Op 1,False
20250728,2025-07-28,2025,7,Julio,28,1,Lunes,False,Q3,2025,8,Agosto,AGO-25,202508,3,31,Sem 31 (2025),1,Semana Op 1,False
20250729,2025-07-29,2025,7,Julio,29,2,Martes,False,Q3,2025,8,Agosto,AGO-25,202508,4,31,Sem 31 (2025),1,Semana Op 1,False
20250730,2025-07-30,2025,7,Julio,30,3,Miércoles,False,Q3,2025,8,Agosto,AGO-25,202508,5,31,Sem 31 (2025),1,Semana Op 1,False
20250731,2025-07-31,2025,7,Julio,31,4,Jueves,False,Q3,2025,8,Agosto,AGO-25,202508,6,31,Sem 31 (2025),1,Semana Op 1,False
20250801,2025-08-01,2025,8,Agosto,1,5,Viernes,False,Q3,2025,8,Agosto,AGO-25,202508,7,31,Sem 31 (2025),1,Semana Op 1,False
20250802,2025-08-02,2025,8,Agosto,2,6,Sábado,True,Q3,2025,8,Agosto,AGO-25,202508,8,31,Sem 31 (2025),2,Semana Op 2,False
20250803,2025-08-03,2025,8,Agosto,3,7,Domingo,True,Q3,2025,8,Agosto,AGO-25,202508,9,31,Sem 31 (2025),2,Semana Op 2,False
20250804,2025-08-04,2025,8,Agosto,4,1,Lunes,False,Q3,2025,8,Agosto,AGO-25,202508,10,32,Sem 32 (2025),2,Semana Op 2,False
20250805,2025-08-05,2025,8,Agosto,5,2,Martes,False,Q3,2025,8,Agosto,AGO-25,202508,11,32,Sem 32 (2025),2,Semana Op 2,False
20250806,2025-08-06,2025,8,Agosto,6,3,Miércoles,False,Q3,2025,8,Agosto,AGO-25,202508,12,32,Sem 32 (2025),2,Semana Op 2,False
20250807,2025-08-07,2025,8,Agosto,7,4,Jueves,False,Q3,2025,8,Agosto,AGO-25,202508,13,32,Sem 32 (2025),2,Semana Op 2,False
20250808,2025-08-08,2025,8,Agosto,8,5,Viernes,False,Q3,2025,8,Agosto,AGO-25,202508,14,32,Sem 32 (2025),2,Semana Op 2,False
20250809,2025-08-09,2025,8,Agosto,9,6,Sábado,True,Q3,2025,8,Agosto,AGO-25,202508,15,32,Sem 32 (2025),3,Semana Op 3,False
20250810,2025-08-10,2025,8,Agosto,10,7,Domingo,True,Q3,2025,8,Agosto,AGO-25,202508,16,32,Sem 32 (2025),3,Semana Op 3,False
20250811,2025-08-11,2025,8,Agosto,11,1,Lunes,False,Q3,2025,8,Agosto,AGO-25,202508,17,33,Sem 33 (2025),3,Semana Op 3,False
20250812,2025-08-12,2025,8,Agosto,12,2,Martes,False,Q3,2025,8,Agosto,AGO-25,202508,18,33,Sem 33 (2025),3,Semana Op 3,False
20250813,2025-08-13,2025,8,Agosto,13,3,Miércoles,False,Q3,2025,8,Agosto,AGO-25,202508,19,33,Sem 33 (2025),3,Semana Op 3,False
20250814,2025-08-14,2025,8,Agosto,14,4,Jueves,False,Q3,2025,8,Agosto,AGO-25,202508,20,33,Sem 33 (2025),3,Semana Op 3,False
20250815,2025-08-15,2025,8,Agosto,15,5,Viernes,False,Q3,2025,8,Agosto,AGO-25,202508,21,33,Sem 33 (2025),3,Semana Op 3,False
20250816,2025-08-16,2025,8,Agosto,16,6,Sábado,True,Q3,2025,8,Agosto,AGO-25,202508,22,33,Sem 33 (2025),4,Semana Op 4,False
20250817,2025-08-17,2025,8,Agosto,17,7,Domingo,True,Q3,2025,8,Agosto,AGO-25,202508,23,33,Sem 33 (2025),4,Semana Op 4,False
20250818,2025-08-18,2025,8,Agosto,18,1,Lunes,False,Q3,2025,8,Agosto,AGO-25,202508,24,34,Sem 34 (2025),4,Semana Op 4,False
20250819,2025-08-19,2025,8,Agosto,19,2,Martes,False,Q3,2025,8,Agosto,AGO-25,202508,25,34,Sem 34 (2025),4,Semana Op 4,False
20250820,2025-08-20,2025,8,Agosto,20,3,Miércoles,False,Q3,2025,8,Agosto,AGO-25,202508,26,34,Sem 34 (2025),4,Semana Op 4,False
20250821,2025-08-21,2025,8,Agosto,21,4,Jueves,False,Q3,2025,8,Agosto,AGO-25,202508,27,34,Sem 34 (2025),4,Semana Op 4,False
20250822,2025-08-22,2025,8,Agosto,22,5,Viernes,False,Q3,2025,8,Agosto,AGO-25,202508,28,34,Sem 34 (2025),4,Semana Op 4,False
20250823,2025-08-23,2025,8,Agosto,23,6,Sábado,True,Q3,2025,8,Agosto,AGO-25,202508,29,34,Sem 34 (2025),5,Semana Op 5 (Cierre),False
20250824,2025-08-24,2025,8,Agosto,24,7,Domingo,True,Q3,2025,8,Agosto,AGO-25,202508,30,34,Sem 34 (2025),5,Semana Op 5 (Cierre),False
20250825,2025-08-25,2025,8,Agosto,25,1,Lunes,False,Q3,2025,8,Agosto,AGO-25,202508,31,35,Sem 35 (2025),5,Semana Op 5 (Cierre),True
20250826,2025-08-26,2025,8,Agosto,26,2,Martes,False,Q3,2025,9,Setiembre,SET-25,202509,1,35,Sem 35 (2025),1,Semana Op 1,False
20250827,2025-08-27,2025,8,Agosto,27,3,Miércoles,False,Q3,2025,9,Setiembre,SET-25,202509,2,35,Sem 35 (2025),1,Semana Op 1,False
20250828,2025-08-28,2025,8,Agosto,28,4,Jueves,False,Q3,2025,9,Setiembre,SET-25,202509,3,35,Sem 35 (2025),1,Semana Op 1,False
20250829,2025-08-29,2025,8,Agosto,29,5,Viernes,False,Q3,2025,9,Setiembre,SET-25,202509,4,35,Sem 35 (2025),1,Semana Op 1,False
20250830,2025-08-30,2025,8,Agosto,30,6,Sábado,True,Q3,2025,9,Setiembre,SET-25,202509,5,35,Sem 35 (2025),1,Semana Op 1,False
20250831,2025-08-31,2025,8,Agosto,31,7,Domingo,True,Q3,2025,9,Setiembre,SET-25,202509,6,35,Sem 35 (2025),1,Semana Op 1,False
20250901,2025-09-01,2025,9,Setiembre,1,1,Lunes,False,Q3,2025,9,Setiembre,SET-25,202509,7,36,Sem 36 (2025),1,Semana Op 1,False
20250902,2025-09-02,2025,9,Setiembre,2,2,Martes,False,Q3,2025,9,Setiembre,SET-25,202509,8,36,Sem 36 (2025),2,Semana Op 2,False
20250903,2025-09-03,2025,9,Setiembre,3,3,Miércoles,False,Q3,2025,9,Setiembre,SET-25,202509,9,36,Sem 36 (2025),2,Semana Op 2,False
20250904,2025-09-04,2025,9,Setiembre,4,4,Jueves,False,Q3,2025,9,Setiembre,SET-25,202509,10,36,Sem 36 (2025),2,Semana Op 2,False
20250905,2025-09-05,2025,9,Setiembre,5,5,Viernes,False,Q3,2025,9,Setiembre,SET-25,202509,11,36,Sem 36 (2025),2,Semana Op 2,False
20250906,2025-09-06,2025,9,Setiembre,6,6,Sábado,True,Q3,2025,9,Setiembre,SET-25,202509,12,36,Sem 36 (2025),2,Semana Op 2,False
20250907,2025-09-07,2025,9,Setiembre,7,7,Domingo,True,Q3,2025,9,Setiembre,SET-25,202509,13,36,Sem 36 (2025),2,Semana Op 2,False
20250908,2025-09-08,2025,9,Setiembre,8,1,Lunes,False,Q3,2025,9,Setiembre,SET-25,202509,14,37,Sem 37 (2025),2,Semana Op 2,False
20250909,2025-09-09,2025,9,Setiembre,9,2,Martes,False,Q3,2025,9,Setiembre,SET-25,202509,15,37,Sem 37 (2025),3,Semana Op 3,False
20250910,2025-09-10,2025,9,Setiembre,10,3,Miércoles,False,Q3,2025,9,Setiembre,SET-25,202509,16,37,Sem 37 (2025),3,Semana Op 3,False
20250911,2025-09-11,2025,9,Setiembre,11,4,Jueves,False,Q3,2025,9,Setiembre,SET-25,202509,17,37,Sem 37 (2025),3,Semana Op 3,False
20250912,2025-09-12,2025,9,Setiembre,12,5,Viernes,False,Q3,2025,9,Setiembre,SET-25,202509,18,37,Sem 37 (2025),3,Semana Op 3,False
20250913,2025-09-13,2025,9,Setiembre,13,6,Sábado,True,Q3,2025,9,Setiembre,SET-25,202509,19,37,Sem 37 (2025),3,Semana Op 3,False
20250914,2025-09-14,2025,9,Setiembre,14,7,Domingo,True,Q3,2025,9,Setiembre,SET-25,202509,20,37,Sem 37 (2025),3,Semana Op 3,False
20250915,2025-09-15,2025,9,Setiembre,15,1,Lunes,False,Q3,2025,9,Setiembre,SET-25,202509,21,38,Sem 38 (2025),3,Semana Op 3,False
20250916,2025-09-16,2025,9,Setiembre,16,2,Martes,False,Q3,2025,9,Setiembre,SET-25,202509,22,38,Sem 38 (2025),4,Semana Op 4,False
20250917,2025-09-17,2025,9,Setiembre,17,3,Miércoles,False,Q3,2025,9,Setiembre,SET-25,202509,23,38,Sem 38 (2025),4,Semana Op 4,False
20250918,2025-09-18,2025,9,Setiembre,18,4,Jueves,False,Q3,2025,9,Setiembre,SET-25,202509,24,38,Sem 38 (2025),4,Semana Op 4,False
20250919,2025-09-19,2025,9,Setiembre,19,5,Viernes,False,Q3,2025,9,Setiembre,SET-25,202509,25,38,Sem 38 (2025),4,Semana Op 4,False
20250920,2025-09-20,2025,9,Setiembre,20,6,Sábado,True,Q3,2025,9,Setiembre,SET-25,202509,26,38,Sem 38 (2025),4,Semana Op 4,False
20250921,2025-09-21,2025,9,Setiembre,21,7,Domingo,True,Q3,2025,9,Setiembre,SET-25,202509,27,38,Sem 38 (2025),4,Semana Op 4,False
20250922,2025-09-22,2025,9,Setiembre,22,1,Lunes,False,Q3,2025,9,Setiembre,SET-25,202509,28,39,Sem 39 (2025),4,Semana Op 4,False
20250923,2025-09-23,2025,9,Setiembre,23,2,Martes,False,Q3,2025,9,Setiembre,SET-25,202509,29,39,Sem 39 (2025),5,Semana Op 5 (Cierre),False
20250924,2025-09-24,2025,9,Setiembre,24,3,Miércoles,False,Q3,2025,9,Setiembre,SET-25,202509,30,39,Sem 39 (2025),5,Semana Op 5 (Cierre),False
20250925,2025-09-25,2025,9,Setiembre,25,4,Jueves,False,Q3,2025,9,Setiembre,SET-25,202509,31,39,Sem 39 (2025),5,Semana Op 5 (Cierre),True
20250926,2025-09-26,2025,9,Setiembre,26,5,Viernes,False,Q3,2025,10,Octubre,OCT-25,202510,1,39,Sem 39 (2025),1,Semana Op 1,False
20250927,2025-09-27,2025,9,Setiembre,27,6,Sábado,True,Q3,2025,10,Octubre,OCT-25,202510,2,39,Sem 39 (2025),1,Semana Op 1,False
20250928,2025-09-28,2025,9,Setiembre,28,7,Domingo,True,Q3,2025,10,Octubre,OCT-25,202510,3,39,Sem 39 (2025),1,Semana Op 1,False
20250929,2025-09-29,2025,9,Setiembre,29,1,Lunes,False,Q3,2025,10,Octubre,OCT-25,202510,4,40,Sem 40 (2025),1,Semana Op 1,False
20250930,2025-09-30,2025,9,Setiembre,30,2,Martes,False,Q3,2025,10,Octubre,OCT-25,202510,5,40,Sem 40 (2025),1,Semana Op 1,False
20251001,2025-10-01,2025,10,Octubre,1,3,Miércoles,False,Q4,2025,10,Octubre,OCT-25,202510,6,40,Sem 40 (2025),1,Semana Op 1,False
20251002,2025-10-02,2025,10,Octubre,2,4,Jueves,False,Q4,2025,10,Octubre,OCT-25,202510,7,40,Sem 40 (2025),1,Semana Op 1,False
20251003,2025-10-03,2025,10,Octubre,3,5,Viernes,False,Q4,2025,10,Octubre,OCT-25,202510,8,40,Sem 40 (2025),2,Semana Op 2,False
20251004,2025-10-04,2025,10,Octubre,4,6,Sábado,True,Q4,2025,10,Octubre,OCT-25,202510,9,40,Sem 40 (2025),2,Semana Op 2,False
20251005,2025-10-05,2025,10,Octubre,5,7,Domingo,True,Q4,2025,10,Octubre,OCT-25,202510,10,40,Sem 40 (2025),2,Semana Op 2,False
20251006,2025-10-06,2025,10,Octubre,6,1,Lunes,False,Q4,2025,10,Octubre,OCT-25,202510,11,41,Sem 41 (2025),2,Semana Op 2,False
20251007,2025-10-07,2025,10,Octubre,7,2,Martes,False,Q4,2025,10,Octubre,OCT-25,202510,12,41,Sem 41 (2025),2,Semana Op 2,False
20251008,2025-10-08,2025,10,Octubre,8,3,Miércoles,False,Q4,2025,10,Octubre,OCT-25,202510,13,41,Sem 41 (2025),2,Semana Op 2,False
20251009,2025-10-09,2025,10,Octubre,9,4,Jueves,False,Q4,2025,10,Octubre,OCT-25,202510,14,41,Sem 41 (2025),2,Semana Op 2,False
20251010,2025-10-10,2025,10,Octubre,10,5,Viernes,False,Q4,2025,10,Octubre,OCT-25,202510,15,41,Sem 41 (2025),3,Semana Op 3,False
20251011,2025-10-11,2025,10,Octubre,11,6,Sábado,True,Q4,2025,10,Octubre,OCT-25,202510,16,41,Sem 41 (2025),3,Semana Op 3,False
20251012,2025-10-12,2025,10,Octubre,12,7,Domingo,True,Q4,2025,10,Octubre,OCT-25,202510,17,41,Sem 41 (2025),3,Semana Op 3,False
20251013,2025-10-13,2025,10,Octubre,13,1,Lunes,False,Q4,2025,10,Octubre,OCT-25,202510,18,42,Sem 42 (2025),3,Semana Op 3,False
20251014,2025-10-14,2025,10,Octubre,14,2,Martes,False,Q4,2025,10,Octubre,OCT-25,202510,19,42,Sem 42 (2025),3,Semana Op 3,False
20251015,2025-10-15,2025,10,Octubre,15,3,Miércoles,False,Q4,2025,10,Octubre,OCT-25,202510,20,42,Sem 42 (2025),3,Semana Op 3,False
20251016,2025-10-16,2025,10,Octubre,16,4,Jueves,False,Q4,2025,10,Octubre,OCT-25,202510,21,42,Sem 42 (2025),3,Semana Op 3,False
20251017,2025-10-17,2025,10,Octubre,17,5,Viernes,False,Q4,2025,10,Octubre,OCT-25,202510,22,42,Sem 42 (2025),4,Semana Op 4,False
20251018,2025-10-18,2025,10,Octubre,18,6,Sábado,True,Q4,2025,10,Octubre,OCT-25,202510,23,42,Sem 42 (2025),4,Semana Op 4,False
20251019,2025-10-19,2025,10,Octubre,19,7,Domingo,True,Q4,2025,10,Octubre,OCT-25,202510,24,42,Sem 42 (2025),4,Semana Op 4,False
20251020,2025-10-20,2025,10,Octubre,20,1,Lunes,False,Q4,2025,10,Octubre,OCT-25,202510,25,43,Sem 43 (2025),4,Semana Op 4,False
20251021,2025-10-21,2025,10,Octubre,21,2,Martes,False,Q4,2025,10,Octubre,OCT-25,202510,26,43,Sem 43 (2025),4,Semana Op 4,False
20251022,2025-10-22,2025,10,Octubre,22,3,Miércoles,False,Q4,2025,10,Octubre,OCT-25,202510,27,43,Sem 43 (2025),4,Semana Op 4,False
20251023,2025-10-23,2025,10,Octubre,23,4,Jueves,False,Q4,2025,10,Octubre,OCT-25,202510,28,43,Sem 43 (2025),4,Semana Op 4,False
20251024,2025-10-24,2025,10,Octubre,24,5,Viernes,False,Q4,2025,10,Octubre,OCT-25,202510,29,43,Sem 43 (2025),5,Semana Op 5 (Cierre),False
20251025,2025-10-25,2025,10,Octubre,25,6,Sábado,True,Q4,2025,10,Octubre,OCT-25,202510,30,43,Sem 43 (2025),5,Semana Op 5 (Cierre),True
20251026,2025-10-26,2025,10,Octubre,26,7,Domingo,True,Q4,2025,11,Noviembre,NOV-25,202511,1,43,Sem 43 (2025),1,Semana Op 1,False
20251027,2025-10-27,2025,10,Octubre,27,1,Lunes,False,Q4,2025,11,Noviembre,NOV-25,202511,2,44,Sem 44 (2025),1,Semana Op 1,False
20251028,2025-10-28,2025,10,Octubre,28,2,Martes,False,Q4,2025,11,Noviembre,NOV-25,202511,3,44,Sem 44 (2025),1,Semana Op 1,False
20251029,2025-10-29,2025,10,Octubre,29,3,Miércoles,False,Q4,2025,11,Noviembre,NOV-25,202511,4,44,Sem 44 (2025),1,Semana Op 1,False
20251030,2025-10-30,2025,10,Octubre,30,4,Jueves,False,Q4,2025,11,Noviembre,NOV-25,202511,5,44,Sem 44 (2025),1,Semana Op 1,False
20251031,2025-10-31,2025,10,Octubre,31,5,Viernes,False,Q4,2025,11,Noviembre,NOV-25,202511,6,44,Sem 44 (2025),1,Semana Op 1,False
20251101,2025-11-01,2025,11,Noviembre,1,6,Sábado,True,Q4,2025,11,Noviembre,NOV-25,202511,7,44,Sem 44 (2025),1,Semana Op 1,False
20251102,2025-11-02,2025,11,Noviembre,2,7,Domingo,True,Q4,2025,11,Noviembre,NOV-25,202511,8,44,Sem 44 (2025),2,Semana Op 2,False
20251103,2025-11-03,2025,11,Noviembre,3,1,Lunes,False,Q4,2025,11,Noviembre,NOV-25,202511,9,45,Sem 45 (2025),2,Semana Op 2,False
20251104,2025-11-04,2025,11,Noviembre,4,2,Martes,False,Q4,2025,11,Noviembre,NOV-25,202511,10,45,Sem 45 (2025),2,Semana Op 2,False
20251105,2025-11-05,2025,11,Noviembre,5,3,Miércoles,False,Q4,2025,11,Noviembre,NOV-25,202511,11,45,Sem 45 (2025),2,Semana Op 2,False
20251106,2025-11-06,2025,11,Noviembre,6,4,Jueves,False,Q4,2025,11,Noviembre,NOV-25,202511,12,45,Sem 45 (2025),2,Semana Op 2,False
20251107,2025-11-07,2025,11,Noviembre,7,5,Viernes,False,Q4,2025,11,Noviembre,NOV-25,202511,13,45,Sem 45 (2025),2,Semana Op 2,False
20251108,2025-11-08,2025,11,Noviembre,8,6,Sábado,True,Q4,2025,11,Noviembre,NOV-25,202511,14,45,Sem 45 (2025),2,Semana Op 2,False
20251109,2025-11-09,2025,11,Noviembre,9,7,Domingo,True,Q4,2025,11,Noviembre,NOV-25,202511,15,45,Sem 45 (2025),3,Semana Op 3,False
20251110,2025-11-10,2025,11,Noviembre,10,1,Lunes,False,Q4,2025,11,Noviembre,NOV-25,202511,16,46,Sem 46 (2025),3,Semana Op 3,False
20251111,2025-11-11,2025,11,Noviembre,11,2,Martes,False,Q4,2025,11,Noviembre,NOV-25,202511,17,46,Sem 46 (2025),3,Semana Op 3,False
20251112,2025-11-12,2025,11,Noviembre,12,3,Miércoles,False,Q4,2025,11,Noviembre,NOV-25,202511,18,46,Sem 46 (2025),3,Semana Op 3,False
20251113,2025-11-13,2025,11,Noviembre,13,4,Jueves,False,Q4,2025,11,Noviembre,NOV-25,202511,19,46,Sem 46 (2025),3,Semana Op 3,False
20251114,2025-11-14,2025,11,Noviembre,14,5,Viernes,False,Q4,2025,11,Noviembre,NOV-25,202511,20,46,Sem 46 (2025),3,Semana Op 3,False
20251115,2025-11-15,2025,11,Noviembre,15,6,Sábado,True,Q4,2025,11,Noviembre,NOV-25,202511,21,46,Sem 46 (2025),3,Semana Op 3,False
20251116,2025-11-16,2025,11,Noviembre,16,7,Domingo,True,Q4,2025,11,Noviembre,NOV-25,202511,22,46,Sem 46 (2025),4,Semana Op 4,False
20251117,2025-11-17,2025,11,Noviembre,17,1,Lunes,False,Q4,2025,11,Noviembre,NOV-25,202511,23,47,Sem 47 (2025),4,Semana Op 4,False
20251118,2025-11-18,2025,11,Noviembre,18,2,Martes,False,Q4,2025,11,Noviembre,NOV-25,202511,24,47,Sem 47 (2025),4,Semana Op 4,False
20251119,2025-11-19,2025,11,Noviembre,19,3,Miércoles,False,Q4,2025,11,Noviembre,NOV-25,202511,25,47,Sem 47 (2025),4,Semana Op 4,False
20251120,2025-11-20,2025,11,Noviembre,20,4,Jueves,False,Q4,2025,11,Noviembre,NOV-25,202511,26,47,Sem 47 (2025),4,Semana Op 4,False
20251121,2025-11-21,2025,11,Noviembre,21,5,Viernes,False,Q4,2025,11,Noviembre,NOV-25,202511,27,47,Sem 47 (2025),4,Semana Op 4,False
20251122,2025-11-22,2025,11,Noviembre,22,6,Sábado,True,Q4,2025,11,Noviembre,NOV-25,202511,28,47,Sem 47 (2025),4,Semana Op 4,False
20251123,2025-11-23,2025,11,Noviembre,23,7,Domingo,True,Q4,2025,11,Noviembre,NOV-25,202511,29,47,Sem 47 (2025),5,Semana Op 5 (Cierre),False
20251124,2025-11-24,2025,11,Noviembre,24,1,Lunes,False,Q4,2025,11,Noviembre,NOV-25,202511,30,48,Sem 48 (2025),5,Semana Op 5 (Cierre),False
20251125,2025-11-25,2025,11,Noviembre,25,2,Martes,False,Q4,2025,11,Noviembre,NOV-25,202511,31,48,Sem 48 (2025),5,Semana Op 5 (Cierre),True
20251126,2025-11-26,2025,11,Noviembre,26,3,Miércoles,False,Q4,2025,12,Diciembre,DIC-25,202512,1,48,Sem 48 (2025),1,Semana Op 1,False
20251127,2025-11-27,2025,11,Noviembre,27,4,Jueves,False,Q4,2025,12,Diciembre,DIC-25,202512,2,48,Sem 48 (2025),1,Semana Op 1,False
20251128,2025-11-28,2025,11,Noviembre,28,5,Viernes,False,Q4,2025,12,Diciembre,DIC-25,202512,3,48,Sem 48 (2025),1,Semana Op 1,False
20251129,2025-11-29,2025,11,Noviembre,29,6,Sábado,True,Q4,2025,12,Diciembre,DIC-25,202512,4,48,Sem 48 (2025),1,Semana Op 1,False
20251130,2025-11-30,2025,11,Noviembre,30,7,Domingo,True,Q4,2025,12,Diciembre,DIC-25,202512,5,48,Sem 48 (2025),1,Semana Op 1,False
20251201,2025-12-01,2025,12,Diciembre,1,1,Lunes,False,Q4,2025,12,Diciembre,DIC-25,202512,6,49,Sem 49 (2025),1,Semana Op 1,False
20251202,2025-12-02,2025,12,Diciembre,2,2,Martes,False,Q4,2025,12,Diciembre,DIC-25,202512,7,49,Sem 49 (2025),1,Semana Op 1,False
20251203,2025-12-03,2025,12,Diciembre,3,3,Miércoles,False,Q4,2025,12,Diciembre,DIC-25,202512,8,49,Sem 49 (2025),2,Semana Op 2,False
20251204,2025-12-04,2025,12,Diciembre,4,4,Jueves,False,Q4,2025,12,Diciembre,DIC-25,202512,9,49,Sem 49 (2025),2,Semana Op 2,False
20251205,2025-12-05,2025,12,Diciembre,5,5,Viernes,False,Q4,2025,12,Diciembre,DIC-25,202512,10,49,Sem 49 (2025),2,Semana Op 2,False
20251206,2025-12-06,2025,12,Diciembre,6,6,Sábado,True,Q4,2025,12,Diciembre,DIC-25,202512,11,49,Sem 49 (2025),2,Semana Op 2,False
20251207,2025-12-07,2025,12,Diciembre,7,7,Domingo,True,Q4,2025,12,Diciembre,DIC-25,202512,12,49,Sem 49 (2025),2,Semana Op 2,False
20251208,2025-12-08,2025,12,Diciembre,8,1,Lunes,False,Q4,2025,12,Diciembre,DIC-25,202512,13,50,Sem 50 (2025),2,Semana Op 2,False
20251209,2025-12-09,2025,12,Diciembre,9,2,Martes,False,Q4,2025,12,Diciembre,DIC-25,202512,14,50,Sem 50 (2025),2,Semana Op 2,False
20251210,2025-12-10,2025,12,Diciembre,10,3,Miércoles,False,Q4,2025,12,Diciembre,DIC-25,202512,15,50,Sem 50 (2025),3,Semana Op 3,False
20251211,2025-12-11,2025,12,Diciembre,11,4,Jueves,False,Q4,2025,12,Diciembre,DIC-25,202512,16,50,Sem 50 (2025),3,Semana Op 3,False
20251212,2025-12-12,2025,12,Diciembre,12,5,Viernes,False,Q4,2025,12,Diciembre,DIC-25,202512,17,50,Sem 50 (2025),3,Semana Op 3,False
20251213,2025-12-13,2025,12,Diciembre,13,6,Sábado,True,Q4,2025,12,Diciembre,DIC-25,202512,18,50,Sem 50 (2025),3,Semana Op 3,False
20251214,2025-12-14,2025,12,Diciembre,14,7,Domingo,True,Q4,2025,12,Diciembre,DIC-25,202512,19,50,Sem 50 (2025),3,Semana Op 3,False
20251215,2025-12-15,2025,12,Diciembre,15,1,Lunes,False,Q4,2025,12,Diciembre,DIC-25,202512,20,51,Sem 51 (2025),3,Semana Op 3,False
20251216,2025-12-16,2025,12,Diciembre,16,2,Martes,False,Q4,2025,12,Diciembre,DIC-25,202512,21,51,Sem 51 (2025),3,Semana Op 3,False
20251217,2025-12-17,2025,12,Diciembre,17,3,Miércoles,False,Q4,2025,12,Diciembre,DIC-25,202512,22,51,Sem 51 (2025),4,Semana Op 4,False
20251218,2025-12-18,2025,12,Diciembre,18,4,Jueves,False,Q4,2025,12,Diciembre,DIC-25,202512,23,51,Sem 51 (2025),4,Semana Op 4,False
20251219,2025-12-19,2025,12,Diciembre,19,5,Viernes,False,Q4,2025,12,Diciembre,DIC-25,202512,24,51,Sem 51 (2025),4,Semana Op 4,False
20251220,2025-12-20,2025,12,Diciembre,20,6,Sábado,True,Q4,2025,12,Diciembre,DIC-25,202512,25,51,Sem 51 (2025),4,Semana Op 4,False
20251221,2025-12-21,2025,12,Diciembre,21,7,Domingo,True,Q4,2025,12,Diciembre,DIC-25,202512,26,51,Sem 51 (2025),4,Semana Op 4,False
20251222,2025-12-22,2025,12,Diciembre,22,1,Lunes,False,Q4,2025,12,Diciembre,DIC-25,202512,27,52,Sem 52 (2025),4,Semana Op 4,False
20251223,2025-12-23,2025,12,Diciembre,23,2,Martes,False,Q4,2025,12,Diciembre,DIC-25,202512,28,52,Sem 52 (2025),4,Semana Op 4,False
20251224,2025-12-24,2025,12,Diciembre,24,3,Miércoles,False,Q4,2025,12,Diciembre,DIC-25,202512,29,52,Sem 52 (2025),5,Semana Op 5 (Cierre),False
20251225,2025-12-25,2025,12,Diciembre,25,4,Jueves,False,Q4,2025,12,Diciembre,DIC-25,202512,30,52,Sem 52 (2025),5,Semana Op 5 (Cierre),True
20251226,2025-12-26,2025,12,Diciembre,26,5,Viernes,False,Q4,2026,1,Enero,ENE-26,202601,1,52,Sem 52 (2025),1,Semana Op 1,False
20251227,2025-12-27,2025,12,Diciembre,27,6,Sábado,True,Q4,2026,1,Enero,ENE-26,202601,2,52,Sem 52 (2025),1,Semana Op 1,False
20251228,2025-12-28,2025,12,Diciembre,28,7,Domingo,True,Q4,2026,1,Enero,ENE-26,202601,3,52,Sem 52 (2025),1,Semana Op 1,False
20251229,2025-12-29,2025,12,Diciembre,29,1,Lunes,False,Q4,2026,1,Enero,ENE-26,202601,4,1,Sem 01 (2025),1,Semana Op 1,False
20251230,2025-12-30,2025,12,Diciembre,30,2,Martes,False,Q4,2026,1,Enero,ENE-26,202601,5,1,Sem 01 (2025),1,Semana Op 1,False
20251231,2025-12-31,2025,12,Diciembre,31,3,Miércoles,False,Q4,2026,1,Enero,ENE-26,202601,6,1,Sem 01 (2025),1,Semana Op 1,False
20260101,2026-01-01,2026,1,Enero,1,4,Jueves,False,Q1,2026,1,Enero,ENE-26,202601,7,1,Sem 01 (2026),1,Semana Op 1,False
20260102,2026-01-02,2026,1,Enero,2,5,Viernes,False,Q1,2026,1,Enero,ENE-26,202601,8,1,Sem 01 (2026),2,Semana Op 2,False
20260103,2026-01-03,2026,1,Enero,3,6,Sábado,True,Q1,2026,1,Enero,ENE-26,202601,9,1,Sem 01 (2026),2,Semana Op 2,False
20260104,2026-01-04,2026,1,Enero,4,7,Domingo,True,Q1,2026,1,Enero,ENE-26,202601,10,1,Sem 01 (2026),2,Semana Op 2,False
20260105,2026-01-05,2026,1,Enero,5,1,Lunes,False,Q1,2026,1,Enero,ENE-26,202601,11,2,Sem 02 (2026),2,Semana Op 2,False
20260106,2026-01-06,2026,1,Enero,6,2,Martes,False,Q1,2026,1,Enero,ENE-26,202601,12,2,Sem 02 (2026),2,Semana Op 2,False
20260107,2026-01-07,2026,1,Enero,7,3,Miércoles,False,Q1,2026,1,Enero,ENE-26,202601,13,2,Sem 02 (2026),2,Semana Op 2,False
20260108,2026-01-08,2026,1,Enero,8,4,Jueves,False,Q1,2026,1,Enero,ENE-26,202601,14,2,Sem 02 (2026),2,Semana Op 2,False
20260109,2026-01-09,2026,1,Enero,9,5,Viernes,False,Q1,2026,1,Enero,ENE-26,202601,15,2,Sem 02 (2026),3,Semana Op 3,False
20260110,2026-01-10,2026,1,Enero,10,6,Sábado,True,Q1,2026,1,Enero,ENE-26,202601,16,2,Sem 02 (2026),3,Semana Op 3,False
20260111,2026-01-11,2026,1,Enero,11,7,Domingo,True,Q1,2026,1,Enero,ENE-26,202601,17,2,Sem 02 (2026),3,Semana Op 3,False
20260112,2026-01-12,2026,1,Enero,12,1,Lunes,False,Q1,2026,1,Enero,ENE-26,202601,18,3,Sem 03 (2026),3,Semana Op 3,False
20260113,2026-01-13,2026,1,Enero,13,2,Martes,False,Q1,2026,1,Enero,ENE-26,202601,19,3,Sem 03 (2026),3,Semana Op 3,False
20260114,2026-01-14,2026,1,Enero,14,3,Miércoles,False,Q1,2026,1,Enero,ENE-26,202601,20,3,Sem 03 (2026),3,Semana Op 3,False
20260115,2026-01-15,2026,1,Enero,15,4,Jueves,False,Q1,2026,1,Enero,ENE-26,202601,21,3,Sem 03 (2026),3,Semana Op 3,False
20260116,2026-01-16,2026,1,Enero,16,5,Viernes,False,Q1,2026,1,Enero,ENE-26,202601,22,3,Sem 03 (2026),4,Semana Op 4,False
20260117,2026-01-17,2026,1,Enero,17,6,Sábado,True,Q1,2026,1,Enero,ENE-26,202601,23,3,Sem 03 (2026),4,Semana Op 4,False
20260118,2026-01-18,2026,1,Enero,18,7,Domingo,True,Q1,2026,1,Enero,ENE-26,202601,24,3,Sem 03 (2026),4,Semana Op 4,False
20260119,2026-01-19,2026,1,Enero,19,1,Lunes,False,Q1,2026,1,Enero,ENE-26,202601,25,4,Sem 04 (2026),4,Semana Op 4,False
20260120,2026-01-20,2026,1,Enero,20,2,Martes,False,Q1,2026,1,Enero,ENE-26,202601,26,4,Sem 04 (2026),4,Semana Op 4,False
20260121,2026-01-21,2026,1,Enero,21,3,Miércoles,False,Q1,2026,1,Enero,ENE-26,202601,27,4,Sem 04 (2026),4,Semana Op 4,False
20260122,2026-01-22,2026,1,Enero,22,4,Jueves,False,Q1,2026,1,Enero,ENE-26,202601,28,4,Sem 04 (2026),4,Semana Op 4,False
20260123,2026-01-23,2026,1,Enero,23,5,Viernes,False,Q1,2026,1,Enero,ENE-26,202601,29,4,Sem 04 (2026),5,Semana Op 5 (Cierre),False
20260124,2026-01-24,2026,1,Enero,24,6,Sábado,True,Q1,2026,1,Enero,ENE-26,202601,30,4,Sem 04 (2026),5,Semana Op 5 (Cierre),False
20260125,2026-01-25,2026,1,Enero,25,7,Domingo,True,Q1,2026,1,Enero,ENE-26,202601,31,4,Sem 04 (2026),5,Semana Op 5 (Cierre),True
20260126,2026-01-26,2026,1,Enero,26,1,Lunes,False,Q1,2026,2,Febrero,FEB-26,202602,1,5,Sem 05 (2026),1,Semana Op 1,False
20260127,2026-01-27,2026,1,Enero,27,2,Martes,False,Q1,2026,2,Febrero,FEB-26,202602,2,5,Sem 05 (2026),1,Semana Op 1,False
20260128,2026-01-28,2026,1,Enero,28,3,Miércoles,False,Q1,2026,2,Febrero,FEB-26,202602,3,5,Sem 05 (2026),1,Semana Op 1,False
20260129,2026-01-29,2026,1,Enero,29,4,Jueves,False,Q1,2026,2,Febrero,FEB-26,202602,4,5,Sem 05 (2026),1,Semana Op 1,False
20260130,2026-01-30,2026,1,Enero,30,5,Viernes,False,Q1,2026,2,Febrero,FEB-26,202602,5,5,Sem 05 (2026),1,Semana Op 1,False
20260131,2026-01-31,2026,1,Enero,31,6,Sábado,True,Q1,2026,2,Febrero,FEB-26,202602,6,5,Sem 05 (2026),1,Semana Op 1,False
20260201,2026-02-01,2026,2,Febrero,1,7,Domingo,True,Q1,2026,2,Febrero,FEB-26,202602,7,5,Sem 05 (2026),1,Semana Op 1,False
20260202,2026-02-02,2026,2,Febrero,2,1,Lunes,False,Q1,2026,2,Febrero,FEB-26,202602,8,6,Sem 06 (2026),2,Semana Op 2,False
20260203,2026-02-03,2026,2,Febrero,3,2,Martes,False,Q1,2026,2,Febrero,FEB-26,202602,9,6,Sem 06 (2026),2,Semana Op 2,False
20260204,2026-02-04,2026,2,Febrero,4,3,Miércoles,False,Q1,2026,2,Febrero,FEB-26,202602,10,6,Sem 06 (2026),2,Semana Op 2,False
20260205,2026-02-05,2026,2,Febrero,5,4,Jueves,False,Q1,2026,2,Febrero,FEB-26,202602,11,6,Sem 06 (2026),2,Semana Op 2,False
20260206,2026-02-06,2026,2,Febrero,6,5,Viernes,False,Q1,2026,2,Febrero,FEB-26,202602,12,6,Sem 06 (2026),2,Semana Op 2,False
20260207,2026-02-07,2026,2,Febrero,7,6,Sábado,True,Q1,2026,2,Febrero,FEB-26,202602,13,6,Sem 06 (2026),2,Semana Op 2,False
20260208,2026-02-08,2026,2,Febrero,8,7,Domingo,True,Q1,2026,2,Febrero,FEB-26,202602,14,6,Sem 06 (2026),2,Semana Op 2,False
20260209,2026-02-09,2026,2,Febrero,9,1,Lunes,False,Q1,2026,2,Febrero,FEB-26,202602,15,7,Sem 07 (2026),3,Semana Op 3,False
20260210,2026-02-10,2026,2,Febrero,10,2,Martes,False,Q1,2026,2,Febrero,FEB-26,202602,16,7,Sem 07 (2026),3,Semana Op 3,False
20260211,2026-02-11,2026,2,Febrero,11,3,Miércoles,False,Q1,2026,2,Febrero,FEB-26,202602,17,7,Sem 07 (2026),3,Semana Op 3,False
20260212,2026-02-12,2026,2,Febrero,12,4,Jueves,False,Q1,2026,2,Febrero,FEB-26,202602,18,7,Sem 07 (2026),3,Semana Op 3,False
20260213,2026-02-13,2026,2,Febrero,13,5,Viernes,False,Q1,2026,2,Febrero,FEB-26,202602,19,7,Sem 07 (2026),3,Semana Op 3,False
20260214,2026-02-14,2026,2,Febrero,14,6,Sábado,True,Q1,2026,2,Febrero,FEB-26,202602,20,7,Sem 07 (2026),3,Semana Op 3,False
20260215,2026-02-15,2026,2,Febrero,15,7,Domingo,True,Q1,2026,2,Febrero,FEB-26,202602,21,7,Sem 07 (2026),3,Semana Op 3,False
20260216,2026-02-16,2026,2,Febrero,16,1,Lunes,False,Q1,2026,2,Febrero,FEB-26,202602,22,8,Sem 08 (2026),4,Semana Op 4,False
20260217,2026-02-17,2026,2,Febrero,17,2,Martes,False,Q1,2026,2,Febrero,FEB-26,202602,23,8,Sem 08 (2026),4,Semana Op 4,False
20260218,2026-02-18,2026,2,Febrero,18,3,Miércoles,False,Q1,2026,2,Febrero,FEB-26,202602,24,8,Sem 08 (2026),4,Semana Op 4,False
20260219,2026-02-19,2026,2,Febrero,19,4,Jueves,False,Q1,2026,2,Febrero,FEB-26,202602,25,8,Sem 08 (2026),4,Semana Op 4,False
20260220,2026-02-20,2026,2,Febrero,20,5,Viernes,False,Q1,2026,2,Febrero,FEB-26,202602,26,8,Sem 08 (2026),4,Semana Op 4,False
20260221,2026-02-21,2026,2,Febrero,21,6,Sábado,True,Q1,2026,2,Febrero,FEB-26,202602,27,8,Sem 08 (2026),4,Semana Op 4,False
20260222,2026-02-22,2026,2,Febrero,22,7,Domingo,True,Q1,2026,2,Febrero,FEB-26,202602,28,8,Sem 08 (2026),4,Semana Op 4,False
20260223,2026-02-23,2026,2,Febrero,23,1,Lunes,False,Q1,2026,2,Febrero,FEB-26,202602,29,9,Sem 09 (2026),5,Semana Op 5 (Cierre),False
20260224,2026-02-24,2026,2,Febrero,24,2,Martes,False,Q1,2026,2,Febrero,FEB-26,202602,30,9,Sem 09 (2026),5,Semana Op 5 (Cierre),False
20260225,2026-02-25,2026,2,Febrero,25,3,Miércoles,False,Q1,2026,2,Febrero,FEB-26,202602,31,9,Sem 09 (2026),5,Semana Op 5 (Cierre),True
20260226,2026-02-26,2026,2,Febrero,26,4,Jueves,False,Q1,2026,3,Marzo,MAR-26,202603,1,9,Sem 09 (2026),1,Semana Op 1,False
20260227,2026-02-27,2026,2,Febrero,27,5,Viernes,False,Q1,2026,3,Marzo,MAR-26,202603,2,9,Sem 09 (2026),1,Semana Op 1,False
20260228,2026-02-28,2026,2,Febrero,28,6,Sábado,True,Q1,2026,3,Marzo,MAR-26,202603,3,9,Sem 09 (2026),1,Semana Op 1,False
20260301,2026-03-01,2026,3,Marzo,1,7,Domingo,True,Q1,2026,3,Marzo,MAR-26,202603,4,9,Sem 09 (2026),1,Semana Op 1,False
20260302,2026-03-02,2026,3,Marzo,2,1,Lunes,False,Q1,2026,3,Marzo,MAR-26,202603,5,10,Sem 10 (2026),1,Semana Op 1,False
20260303,2026-03-03,2026,3,Marzo,3,2,Martes,False,Q1,2026,3,Marzo,MAR-26,202603,6,10,Sem 10 (2026),1,Semana Op 1,False
20260304,2026-03-04,2026,3,Marzo,4,3,Miércoles,False,Q1,2026,3,Marzo,MAR-26,202603,7,10,Sem 10 (2026),1,Semana Op 1,False
20260305,2026-03-05,2026,3,Marzo,5,4,Jueves,False,Q1,2026,3,Marzo,MAR-26,202603,8,10,Sem 10 (2026),2,Semana Op 2,False
20260306,2026-03-06,2026,3,Marzo,6,5,Viernes,False,Q1,2026,3,Marzo,MAR-26,202603,9,10,Sem 10 (2026),2,Semana Op 2,False
20260307,2026-03-07,2026,3,Marzo,7,6,Sábado,True,Q1,2026,3,Marzo,MAR-26,202603,10,10,Sem 10 (2026),2,Semana Op 2,False
20260308,2026-03-08,2026,3,Marzo,8,7,Domingo,True,Q1,2026,3,Marzo,MAR-26,202603,11,10,Sem 10 (2026),2,Semana Op 2,False
20260309,2026-03-09,2026,3,Marzo,9,1,Lunes,False,Q1,2026,3,Marzo,MAR-26,202603,12,11,Sem 11 (2026),2,Semana Op 2,False
20260310,2026-03-10,2026,3,Marzo,10,2,Martes,False,Q1,2026,3,Marzo,MAR-26,202603,13,11,Sem 11 (2026),2,Semana Op 2,False
20260311,2026-03-11,2026,3,Marzo,11,3,Miércoles,False,Q1,2026,3,Marzo,MAR-26,202603,14,11,Sem 11 (2026),2,Semana Op 2,False
20260312,2026-03-12,2026,3,Marzo,12,4,Jueves,False,Q1,2026,3,Marzo,MAR-26,202603,15,11,Sem 11 (2026),3,Semana Op 3,False
20260313,2026-03-13,2026,3,Marzo,13,5,Viernes,False,Q1,2026,3,Marzo,MAR-26,202603,16,11,Sem 11 (2026),3,Semana Op 3,False
20260314,2026-03-14,2026,3,Marzo,14,6,Sábado,True,Q1,2026,3,Marzo,MAR-26,202603,17,11,Sem 11 (2026),3,Semana Op 3,False
20260315,2026-03-15,2026,3,Marzo,15,7,Domingo,True,Q1,2026,3,Marzo,MAR-26,202603,18,11,Sem 11 (2026),3,Semana Op 3,False
20260316,2026-03-16,2026,3,Marzo,16,1,Lunes,False,Q1,2026,3,Marzo,MAR-26,202603,19,12,Sem 12 (2026),3,Semana Op 3,False
20260317,2026-03-17,2026,3,Marzo,17,2,Martes,False,Q1,2026,3,Marzo,MAR-26,202603,20,12,Sem 12 (2026),3,Semana Op 3,False
20260318,2026-03-18,2026,3,Marzo,18,3,Miércoles,False,Q1,2026,3,Marzo,MAR-26,202603,21,12,Sem 12 (2026),3,Semana Op 3,False
20260319,2026-03-19,2026,3,Marzo,19,4,Jueves,False,Q1,2026,3,Marzo,MAR-26,202603,22,12,Sem 12 (2026),4,Semana Op 4,False
20260320,2026-03-20,2026,3,Marzo,20,5,Viernes,False,Q1,2026,3,Marzo,MAR-26,202603,23,12,Sem 12 (2026),4,Semana Op 4,False
20260321,2026-03-21,2026,3,Marzo,21,6,Sábado,True,Q1,2026,3,Marzo,MAR-26,202603,24,12,Sem 12 (2026),4,Semana Op 4,False
20260322,2026-03-22,2026,3,Marzo,22,7,Domingo,True,Q1,2026,3,Marzo,MAR-26,202603,25,12,Sem 12 (2026),4,Semana Op 4,False
20260323,2026-03-23,2026,3,Marzo,23,1,Lunes,False,Q1,2026,3,Marzo,MAR-26,202603,26,13,Sem 13 (2026),4,Semana Op 4,False
20260324,2026-03-24,2026,3,Marzo,24,2,Martes,False,Q1,2026,3,Marzo,MAR-26,202603,27,13,Sem 13 (2026),4,Semana Op 4,False
20260325,2026-03-25,2026,3,Marzo,25,3,Miércoles,False,Q1,2026,3,Marzo,MAR-26,202603,28,13,Sem 13 (2026),4,Semana Op 4,True
20260326,2026-03-26,2026,3,Marzo,26,4,Jueves,False,Q1,2026,4,Abril,ABR-26,202604,1,13,Sem 13 (2026),1,Semana Op 1,False
20260327,2026-03-27,2026,3,Marzo,27,5,Viernes,False,Q1,2026,4,Abril,ABR-26,202604,2,13,Sem 13 (2026),1,Semana Op 1,False
20260328,2026-03-28,2026,3,Marzo,28,6,Sábado,True,Q1,2026,4,Abril,ABR-26,202604,3,13,Sem 13 (2026),1,Semana Op 1,False
20260329,2026-03-29,2026,3,Marzo,29,7,Domingo,True,Q1,2026,4,Abril,ABR-26,202604,4,13,Sem 13 (2026),1,Semana Op 1,False
20260330,2026-03-30,2026,3,Marzo,30,1,Lunes,False,Q1,2026,4,Abril,ABR-26,202604,5,14,Sem 14 (2026),1,Semana Op 1,False
20260331,2026-03-31,2026,3,Marzo,31,2,Martes,False,Q1,2026,4,Abril,ABR-26,202604,6,14,Sem 14 (2026),1,Semana Op 1,False
20260401,2026-04-01,2026,4,Abril,1,3,Miércoles,False,Q2,2026,4,Abril,ABR-26,202604,7,14,Sem 14 (2026),1,Semana Op 1,False
20260402,2026-04-02,2026,4,Abril,2,4,Jueves,False,Q2,2026,4,Abril,ABR-26,202604,8,14,Sem 14 (2026),2,Semana Op 2,False
20260403,2026-04-03,2026,4,Abril,3,5,Viernes,False,Q2,2026,4,Abril,ABR-26,202604,9,14,Sem 14 (2026),2,Semana Op 2,False
20260404,2026-04-04,2026,4,Abril,4,6,Sábado,True,Q2,2026,4,Abril,ABR-26,202604,10,14,Sem 14 (2026),2,Semana Op 2,False
20260405,2026-04-05,2026,4,Abril,5,7,Domingo,True,Q2,2026,4,Abril,ABR-26,202604,11,14,Sem 14 (2026),2,Semana Op 2,False
20260406,2026-04-06,2026,4,Abril,6,1,Lunes,False,Q2,2026,4,Abril,ABR-26,202604,12,15,Sem 15 (2026),2,Semana Op 2,False
20260407,2026-04-07,2026,4,Abril,7,2,Martes,False,Q2,2026,4,Abril,ABR-26,202604,13,15,Sem 15 (2026),2,Semana Op 2,False
20260408,2026-04-08,2026,4,Abril,8,3,Miércoles,False,Q2,2026,4,Abril,ABR-26,202604,14,15,Sem 15 (2026),2,Semana Op 2,False
20260409,2026-04-09,2026,4,Abril,9,4,Jueves,False,Q2,2026,4,Abril,ABR-26,202604,15,15,Sem 15 (2026),3,Semana Op 3,False
20260410,2026-04-10,2026,4,Abril,10,5,Viernes,False,Q2,2026,4,Abril,ABR-26,202604,16,15,Sem 15 (2026),3,Semana Op 3,False
20260411,2026-04-11,2026,4,Abril,11,6,Sábado,True,Q2,2026,4,Abril,ABR-26,202604,17,15,Sem 15 (2026),3,Semana Op 3,False
20260412,2026-04-12,2026,4,Abril,12,7,Domingo,True,Q2,2026,4,Abril,ABR-26,202604,18,15,Sem 15 (2026),3,Semana Op 3,False
20260413,2026-04-13,2026,4,Abril,13,1,Lunes,False,Q2,2026,4,Abril,ABR-26,202604,19,16,Sem 16 (2026),3,Semana Op 3,False
20260414,2026-04-14,2026,4,Abril,14,2,Martes,False,Q2,2026,4,Abril,ABR-26,202604,20,16,Sem 16 (2026),3,Semana Op 3,False
20260415,2026-04-15,2026,4,Abril,15,3,Miércoles,False,Q2,2026,4,Abril,ABR-26,202604,21,16,Sem 16 (2026),3,Semana Op 3,False
20260416,2026-04-16,2026,4,Abril,16,4,Jueves,False,Q2,2026,4,Abril,ABR-26,202604,22,16,Sem 16 (2026),4,Semana Op 4,False
20260417,2026-04-17,2026,4,Abril,17,5,Viernes,False,Q2,2026,4,Abril,ABR-26,202604,23,16,Sem 16 (2026),4,Semana Op 4,False
20260418,2026-04-18,2026,4,Abril,18,6,Sábado,True,Q2,2026,4,Abril,ABR-26,202604,24,16,Sem 16 (2026),4,Semana Op 4,False
20260419,2026-04-19,2026,4,Abril,19,7,Domingo,True,Q2,2026,4,Abril,ABR-26,202604,25,16,Sem 16 (2026),4,Semana Op 4,False
20260420,2026-04-20,2026,4,Abril,20,1,Lunes,False,Q2,2026,4,Abril,ABR-26,202604,26,17,Sem 17 (2026),4,Semana Op 4,False
20260421,2026-04-21,2026,4,Abril,21,2,Martes,False,Q2,2026,4,Abril,ABR-26,202604,27,17,Sem 17 (2026),4,Semana Op 4,False
20260422,2026-04-22,2026,4,Abril,22,3,Miércoles,False,Q2,2026,4,Abril,ABR-26,202604,28,17,Sem 17 (2026),4,Semana Op 4,False
20260423,2026-04-23,2026,4,Abril,23,4,Jueves,False,Q2,2026,4,Abril,ABR-26,202604,29,17,Sem 17 (2026),5,Semana Op 5 (Cierre),False
20260424,2026-04-24,2026,4,Abril,24,5,Viernes,False,Q2,2026,4,Abril,ABR-26,202604,30,17,Sem 17 (2026),5,Semana Op 5 (Cierre),False
20260425,2026-04-25,2026,4,Abril,25,6,Sábado,True,Q2,2026,4,Abril,ABR-26,202604,31,17,Sem 17 (2026),5,Semana Op 5 (Cierre),True
20260426,2026-04-26,2026,4,Abril,26,7,Domingo,True,Q2,2026,5,Mayo,MAY-26,202605,1,17,Sem 17 (2026),1,Semana Op 1,False
20260427,2026-04-27,2026,4,Abril,27,1,Lunes,False,Q2,2026,5,Mayo,MAY-26,202605,2,18,Sem 18 (2026),1,Semana Op 1,False
20260428,2026-04-28,2026,4,Abril,28,2,Martes,False,Q2,2026,5,Mayo,MAY-26,202605,3,18,Sem 18 (2026),1,Semana Op 1,False
20260429,2026-04-29,2026,4,Abril,29,3,Miércoles,False,Q2,2026,5,Mayo,MAY-26,202605,4,18,Sem 18 (2026),1,Semana Op 1,False
20260430,2026-04-30,2026,4,Abril,30,4,Jueves,False,Q2,2026,5,Mayo,MAY-26,202605,5,18,Sem 18 (2026),1,Semana Op 1,False
20260501,2026-05-01,2026,5,Mayo,1,5,Viernes,False,Q2,2026,5,Mayo,MAY-26,202605,6,18,Sem 18 (2026),1,Semana Op 1,False
20260502,2026-05-02,2026,5,Mayo,2,6,Sábado,True,Q2,2026,5,Mayo,MAY-26,202605,7,18,Sem 18 (2026),1,Semana Op 1,False
20260503,2026-05-03,2026,5,Mayo,3,7,Domingo,True,Q2,2026,5,Mayo,MAY-26,202605,8,18,Sem 18 (2026),2,Semana Op 2,False
20260504,2026-05-04,2026,5,Mayo,4,1,Lunes,False,Q2,2026,5,Mayo,MAY-26,202605,9,19,Sem 19 (2026),2,Semana Op 2,False
20260505,2026-05-05,2026,5,Mayo,5,2,Martes,False,Q2,2026,5,Mayo,MAY-26,202605,10,19,Sem 19 (2026),2,Semana Op 2,False
20260506,2026-05-06,2026,5,Mayo,6,3,Miércoles,False,Q2,2026,5,Mayo,MAY-26,202605,11,19,Sem 19 (2026),2,Semana Op 2,False
20260507,2026-05-07,2026,5,Mayo,7,4,Jueves,False,Q2,2026,5,Mayo,MAY-26,202605,12,19,Sem 19 (2026),2,Semana Op 2,False
20260508,2026-05-08,2026,5,Mayo,8,5,Viernes,False,Q2,2026,5,Mayo,MAY-26,202605,13,19,Sem 19 (2026),2,Semana Op 2,False
20260509,2026-05-09,2026,5,Mayo,9,6,Sábado,True,Q2,2026,5,Mayo,MAY-26,202605,14,19,Sem 19 (2026),2,Semana Op 2,False
20260510,2026-05-10,2026,5,Mayo,10,7,Domingo,True,Q2,2026,5,Mayo,MAY-26,202605,15,19,Sem 19 (2026),3,Semana Op 3,False
20260511,2026-05-11,2026,5,Mayo,11,1,Lunes,False,Q2,2026,5,Mayo,MAY-26,202605,16,20,Sem 20 (2026),3,Semana Op 3,False
20260512,2026-05-12,2026,5,Mayo,12,2,Martes,False,Q2,2026,5,Mayo,MAY-26,202605,17,20,Sem 20 (2026),3,Semana Op 3,False
20260513,2026-05-13,2026,5,Mayo,13,3,Miércoles,False,Q2,2026,5,Mayo,MAY-26,202605,18,20,Sem 20 (2026),3,Semana Op 3,False
20260514,2026-05-14,2026,5,Mayo,14,4,Jueves,False,Q2,2026,5,Mayo,MAY-26,202605,19,20,Sem 20 (2026),3,Semana Op 3,False
20260515,2026-05-15,2026,5,Mayo,15,5,Viernes,False,Q2,2026,5,Mayo,MAY-26,202605,20,20,Sem 20 (2026),3,Semana Op 3,False
20260516,2026-05-16,2026,5,Mayo,16,6,Sábado,True,Q2,2026,5,Mayo,MAY-26,202605,21,20,Sem 20 (2026),3,Semana Op 3,False
20260517,2026-05-17,2026,5,Mayo,17,7,Domingo,True,Q2,2026,5,Mayo,MAY-26,202605,22,20,Sem 20 (2026),4,Semana Op 4,False
20260518,2026-05-18,2026,5,Mayo,18,1,Lunes,False,Q2,2026,5,Mayo,MAY-26,202605,23,21,Sem 21 (2026),4,Semana Op 4,False
20260519,2026-05-19,2026,5,Mayo,19,2,Martes,False,Q2,2026,5,Mayo,MAY-26,202605,24,21,Sem 21 (2026),4,Semana Op 4,False
20260520,2026-05-20,2026,5,Mayo,20,3,Miércoles,False,Q2,2026,5,Mayo,MAY-26,202605,25,21,Sem 21 (2026),4,Semana Op 4,False
20260521,2026-05-21,2026,5,Mayo,21,4,Jueves,False,Q2,2026,5,Mayo,MAY-26,202605,26,21,Sem 21 (2026),4,Semana Op 4,False
20260522,2026-05-22,2026,5,Mayo,22,5,Viernes,False,Q2,2026,5,Mayo,MAY-26,202605,27,21,Sem 21 (2026),4,Semana Op 4,False
20260523,2026-05-23,2026,5,Mayo,23,6,Sábado,True,Q2,2026,5,Mayo,MAY-26,202605,28,21,Sem 21 (2026),4,Semana Op 4,False
20260524,2026-05-24,2026,5,Mayo,24,7,Domingo,True,Q2,2026,5,Mayo,MAY-26,202605,29,21,Sem 21 (2026),5,Semana Op 5 (Cierre),False
20260525,2026-05-25,2026,5,Mayo,25,1,Lunes,False,Q2,2026,5,Mayo,MAY-26,202605,30,22,Sem 22 (2026),5,Semana Op 5 (Cierre),True
20260526,2026-05-26,2026,5,Mayo,26,2,Martes,False,Q2,2026,6,Junio,JUN-26,202606,1,22,Sem 22 (2026),1,Semana Op 1,False
20260527,2026-05-27,2026,5,Mayo,27,3,Miércoles,False,Q2,2026,6,Junio,JUN-26,202606,2,22,Sem 22 (2026),1,Semana Op 1,False
20260528,2026-05-28,2026,5,Mayo,28,4,Jueves,False,Q2,2026,6,Junio,JUN-26,202606,3,22,Sem 22 (2026),1,Semana Op 1,False
20260529,2026-05-29,2026,5,Mayo,29,5,Viernes,False,Q2,2026,6,Junio,JUN-26,202606,4,22,Sem 22 (2026),1,Semana Op 1,False
20260530,2026-05-30,2026,5,Mayo,30,6,Sábado,True,Q2,2026,6,Junio,JUN-26,202606,5,22,Sem 22 (2026),1,Semana Op 1,False
20260531,2026-05-31,2026,5,Mayo,31,7,Domingo,True,Q2,2026,6,Junio,JUN-26,202606,6,22,Sem 22 (2026),1,Semana Op 1,False
20260601,2026-06-01,2026,6,Junio,1,1,Lunes,False,Q2,2026,6,Junio,JUN-26,202606,7,23,Sem 23 (2026),1,Semana Op 1,False
20260602,2026-06-02,2026,6,Junio,2,2,Martes,False,Q2,2026,6,Junio,JUN-26,202606,8,23,Sem 23 (2026),2,Semana Op 2,False
20260603,2026-06-03,2026,6,Junio,3,3,Miércoles,False,Q2,2026,6,Junio,JUN-26,202606,9,23,Sem 23 (2026),2,Semana Op 2,False
20260604,2026-06-04,2026,6,Junio,4,4,Jueves,False,Q2,2026,6,Junio,JUN-26,202606,10,23,Sem 23 (2026),2,Semana Op 2,False
20260605,2026-06-05,2026,6,Junio,5,5,Viernes,False,Q2,2026,6,Junio,JUN-26,202606,11,23,Sem 23 (2026),2,Semana Op 2,False
20260606,2026-06-06,2026,6,Junio,6,6,Sábado,True,Q2,2026,6,Junio,JUN-26,202606,12,23,Sem 23 (2026),2,Semana Op 2,False
20260607,2026-06-07,2026,6,Junio,7,7,Domingo,True,Q2,2026,6,Junio,JUN-26,202606,13,23,Sem 23 (2026),2,Semana Op 2,False
20260608,2026-06-08,2026,6,Junio,8,1,Lunes,False,Q2,2026,6,Junio,JUN-26,202606,14,24,Sem 24 (2026),2,Semana Op 2,False
20260609,2026-06-09,2026,6,Junio,9,2,Martes,False,Q2,2026,6,Junio,JUN-26,202606,15,24,Sem 24 (2026),3,Semana Op 3,False
20260610,2026-06-10,2026,6,Junio,10,3,Miércoles,False,Q2,2026,6,Junio,JUN-26,202606,16,24,Sem 24 (2026),3,Semana Op 3,False
20260611,2026-06-11,2026,6,Junio,11,4,Jueves,False,Q2,2026,6,Junio,JUN-26,202606,17,24,Sem 24 (2026),3,Semana Op 3,False
20260612,2026-06-12,2026,6,Junio,12,5,Viernes,False,Q2,2026,6,Junio,JUN-26,202606,18,24,Sem 24 (2026),3,Semana Op 3,False
20260613,2026-06-13,2026,6,Junio,13,6,Sábado,True,Q2,2026,6,Junio,JUN-26,202606,19,24,Sem 24 (2026),3,Semana Op 3,False
20260614,2026-06-14,2026,6,Junio,14,7,Domingo,True,Q2,2026,6,Junio,JUN-26,202606,20,24,Sem 24 (2026),3,Semana Op 3,False
20260615,2026-06-15,2026,6,Junio,15,1,Lunes,False,Q2,2026,6,Junio,JUN-26,202606,21,25,Sem 25 (2026),3,Semana Op 3,False
20260616,2026-06-16,2026,6,Junio,16,2,Martes,False,Q2,2026,6,Junio,JUN-26,202606,22,25,Sem 25 (2026),4,Semana Op 4,False
20260617,2026-06-17,2026,6,Junio,17,3,Miércoles,False,Q2,2026,6,Junio,JUN-26,202606,23,25,Sem 25 (2026),4,Semana Op 4,False
20260618,2026-06-18,2026,6,Junio,18,4,Jueves,False,Q2,2026,6,Junio,JUN-26,202606,24,25,Sem 25 (2026),4,Semana Op 4,False
20260619,2026-06-19,2026,6,Junio,19,5,Viernes,False,Q2,2026,6,Junio,JUN-26,202606,25,25,Sem 25 (2026),4,Semana Op 4,False
20260620,2026-06-20,2026,6,Junio,20,6,Sábado,True,Q2,2026,6,Junio,JUN-26,202606,26,25,Sem 25 (2026),4,Semana Op 4,False
20260621,2026-06-21,2026,6,Junio,21,7,Domingo,True,Q2,2026,6,Junio,JUN-26,202606,27,25,Sem 25 (2026),4,Semana Op 4,False
20260622,2026-06-22,2026,6,Junio,22,1,Lunes,False,Q2,2026,6,Junio,JUN-26,202606,28,26,Sem 26 (2026),4,Semana Op 4,False
20260623,2026-06-23,2026,6,Junio,23,2,Martes,False,Q2,2026,6,Junio,JUN-26,202606,29,26,Sem 26 (2026),5,Semana Op 5 (Cierre),False
20260624,2026-06-24,2026,6,Junio,24,3,Miércoles,False,Q2,2026,6,Junio,JUN-26,202606,30,26,Sem 26 (2026),5,Semana Op 5 (Cierre),False
20260625,2026-06-25,2026,6,Junio,25,4,Jueves,False,Q2,2026,6,Junio,JUN-26,202606,31,26,Sem 26 (2026),5,Semana Op 5 (Cierre),True
20260626,2026-06-26,2026,6,Junio,26,5,Viernes,False,Q2,2026,7,Julio,JUL-26,202607,1,26,Sem 26 (2026),1,Semana Op 1,False
20260627,2026-06-27,2026,6,Junio,27,6,Sábado,True,Q2,2026,7,Julio,JUL-26,202607,2,26,Sem 26 (2026),1,Semana Op 1,False
20260628,2026-06-28,2026,6,Junio,28,7,Domingo,True,Q2,2026,7,Julio,JUL-26,202607,3,26,Sem 26 (2026),1,Semana Op 1,False
20260629,2026-06-29,2026,6,Junio,29,1,Lunes,False,Q2,2026,7,Julio,JUL-26,202607,4,27,Sem 27 (2026),1,Semana Op 1,False
20260630,2026-06-30,2026,6,Junio,30,2,Martes,False,Q2,2026,7,Julio,JUL-26,202607,5,27,Sem 27 (2026),1,Semana Op 1,False
20260701,2026-07-01,2026,7,Julio,1,3,Miércoles,False,Q3,2026,7,Julio,JUL-26,202607,6,27,Sem 27 (2026),1,Semana Op 1,False
20260702,2026-07-02,2026,7,Julio,2,4,Jueves,False,Q3,2026,7,Julio,JUL-26,202607,7,27,Sem 27 (2026),1,Semana Op 1,False
20260703,2026-07-03,2026,7,Julio,3,5,Viernes,False,Q3,2026,7,Julio,JUL-26,202607,8,27,Sem 27 (2026),2,Semana Op 2,False
20260704,2026-07-04,2026,7,Julio,4,6,Sábado,True,Q3,2026,7,Julio,JUL-26,202607,9,27,Sem 27 (2026),2,Semana Op 2,False
20260705,2026-07-05,2026,7,Julio,5,7,Domingo,True,Q3,2026,7,Julio,JUL-26,202607,10,27,Sem 27 (2026),2,Semana Op 2,False
20260706,2026-07-06,2026,7,Julio,6,1,Lunes,False,Q3,2026,7,Julio,JUL-26,202607,11,28,Sem 28 (2026),2,Semana Op 2,False
20260707,2026-07-07,2026,7,Julio,7,2,Martes,False,Q3,2026,7,Julio,JUL-26,202607,12,28,Sem 28 (2026),2,Semana Op 2,False
20260708,2026-07-08,2026,7,Julio,8,3,Miércoles,False,Q3,2026,7,Julio,JUL-26,202607,13,28,Sem 28 (2026),2,Semana Op 2,False
20260709,2026-07-09,2026,7,Julio,9,4,Jueves,False,Q3,2026,7,Julio,JUL-26,202607,14,28,Sem 28 (2026),2,Semana Op 2,False
20260710,2026-07-10,2026,7,Julio,10,5,Viernes,False,Q3,2026,7,Julio,JUL-26,202607,15,28,Sem 28 (2026),3,Semana Op 3,False
20260711,2026-07-11,2026,7,Julio,11,6,Sábado,True,Q3,2026,7,Julio,JUL-26,202607,16,28,Sem 28 (2026),3,Semana Op 3,False
20260712,2026-07-12,2026,7,Julio,12,7,Domingo,True,Q3,2026,7,Julio,JUL-26,202607,17,28,Sem 28 (2026),3,Semana Op 3,False
20260713,2026-07-13,2026,7,Julio,13,1,Lunes,False,Q3,2026,7,Julio,JUL-26,202607,18,29,Sem 29 (2026),3,Semana Op 3,False
20260714,2026-07-14,2026,7,Julio,14,2,Martes,False,Q3,2026,7,Julio,JUL-26,202607,19,29,Sem 29 (2026),3,Semana Op 3,False
20260715,2026-07-15,2026,7,Julio,15,3,Miércoles,False,Q3,2026,7,Julio,JUL-26,202607,20,29,Sem 29 (2026),3,Semana Op 3,False
20260716,2026-07-16,2026,7,Julio,16,4,Jueves,False,Q3,2026,7,Julio,JUL-26,202607,21,29,Sem 29 (2026),3,Semana Op 3,False
20260717,2026-07-17,2026,7,Julio,17,5,Viernes,False,Q3,2026,7,Julio,JUL-26,202607,22,29,Sem 29 (2026),4,Semana Op 4,False
20260718,2026-07-18,2026,7,Julio,18,6,Sábado,True,Q3,2026,7,Julio,JUL-26,202607,23,29,Sem 29 (2026),4,Semana Op 4,False
20260719,2026-07-19,2026,7,Julio,19,7,Domingo,True,Q3,2026,7,Julio,JUL-26,202607,24,29,Sem 29 (2026),4,Semana Op 4,False
20260720,2026-07-20,2026,7,Julio,20,1,Lunes,False,Q3,2026,7,Julio,JUL-26,202607,25,30,Sem 30 (2026),4,Semana Op 4,False
20260721,2026-07-21,2026,7,Julio,21,2,Martes,False,Q3,2026,7,Julio,JUL-26,202607,26,30,Sem 30 (2026),4,Semana Op 4,False
20260722,2026-07-22,2026,7,Julio,22,3,Miércoles,False,Q3,2026,7,Julio,JUL-26,202607,27,30,Sem 30 (2026),4,Semana Op 4,False
20260723,2026-07-23,2026,7,Julio,23,4,Jueves,False,Q3,2026,7,Julio,JUL-26,202607,28,30,Sem 30 (2026),4,Semana Op 4,False
20260724,2026-07-24,2026,7,Julio,24,5,Viernes,False,Q3,2026,7,Julio,JUL-26,202607,29,30,Sem 30 (2026),5,Semana Op 5 (Cierre),False
20260725,2026-07-25,2026,7,Julio,25,6,Sábado,True,Q3,2026,7,Julio,JUL-26,202607,30,30,Sem 30 (2026),5,Semana Op 5 (Cierre),True
20260726,2026-07-26,2026,7,Julio,26,7,Domingo,True,Q3,2026,8,Agosto,AGO-26,202608,1,30,Sem 30 (2026),1,Semana Op 1,False
20260727,2026-07-27,2026,7,Julio,27,1,Lunes,False,Q3,2026,8,Agosto,AGO-26,202608,2,31,Sem 31 (2026),1,Semana Op 1,False
20260728,2026-07-28,2026,7,Julio,28,2,Martes,False,Q3,2026,8,Agosto,AGO-26,202608,3,31,Sem 31 (2026),1,Semana Op 1,False
20260729,2026-07-29,2026,7,Julio,29,3,Miércoles,False,Q3,2026,8,Agosto,AGO-26,202608,4,31,Sem 31 (2026),1,Semana Op 1,False
20260730,2026-07-30,2026,7,Julio,30,4,Jueves,False,Q3,2026,8,Agosto,AGO-26,202608,5,31,Sem 31 (2026),1,Semana Op 1,False
20260731,2026-07-31,2026,7,Julio,31,5,Viernes,False,Q3,2026,8,Agosto,AGO-26,202608,6,31,Sem 31 (2026),1,Semana Op 1,False
20260801,2026-08-01,2026,8,Agosto,1,6,Sábado,True,Q3,2026,8,Agosto,AGO-26,202608,7,31,Sem 31 (2026),1,Semana Op 1,False
20260802,2026-08-02,2026,8,Agosto,2,7,Domingo,True,Q3,2026,8,Agosto,AGO-26,202608,8,31,Sem 31 (2026),2,Semana Op 2,False
20260803,2026-08-03,2026,8,Agosto,3,1,Lunes,False,Q3,2026,8,Agosto,AGO-26,202608,9,32,Sem 32 (2026),2,Semana Op 2,False
20260804,2026-08-04,2026,8,Agosto,4,2,Martes,False,Q3,2026,8,Agosto,AGO-26,202608,10,32,Sem 32 (2026),2,Semana Op 2,False
20260805,2026-08-05,2026,8,Agosto,5,3,Miércoles,False,Q3,2026,8,Agosto,AGO-26,202608,11,32,Sem 32 (2026),2,Semana Op 2,False
20260806,2026-08-06,2026,8,Agosto,6,4,Jueves,False,Q3,2026,8,Agosto,AGO-26,202608,12,32,Sem 32 (2026),2,Semana Op 2,False
20260807,2026-08-07,2026,8,Agosto,7,5,Viernes,False,Q3,2026,8,Agosto,AGO-26,202608,13,32,Sem 32 (2026),2,Semana Op 2,False
20260808,2026-08-08,2026,8,Agosto,8,6,Sábado,True,Q3,2026,8,Agosto,AGO-26,202608,14,32,Sem 32 (2026),2,Semana Op 2,False
20260809,2026-08-09,2026,8,Agosto,9,7,Domingo,True,Q3,2026,8,Agosto,AGO-26,202608,15,32,Sem 32 (2026),3,Semana Op 3,False
20260810,2026-08-10,2026,8,Agosto,10,1,Lunes,False,Q3,2026,8,Agosto,AGO-26,202608,16,33,Sem 33 (2026),3,Semana Op 3,False
20260811,2026-08-11,2026,8,Agosto,11,2,Martes,False,Q3,2026,8,Agosto,AGO-26,202608,17,33,Sem 33 (2026),3,Semana Op 3,False
20260812,2026-08-12,2026,8,Agosto,12,3,Miércoles,False,Q3,2026,8,Agosto,AGO-26,202608,18,33,Sem 33 (2026),3,Semana Op 3,False
20260813,2026-08-13,2026,8,Agosto,13,4,Jueves,False,Q3,2026,8,Agosto,AGO-26,202608,19,33,Sem 33 (2026),3,Semana Op 3,False
20260814,2026-08-14,2026,8,Agosto,14,5,Viernes,False,Q3,2026,8,Agosto,AGO-26,202608,20,33,Sem 33 (2026),3,Semana Op 3,False
20260815,2026-08-15,2026,8,Agosto,15,6,Sábado,True,Q3,2026,8,Agosto,AGO-26,202608,21,33,Sem 33 (2026),3,Semana Op 3,False
20260816,2026-08-16,2026,8,Agosto,16,7,Domingo,True,Q3,2026,8,Agosto,AGO-26,202608,22,33,Sem 33 (2026),4,Semana Op 4,False
20260817,2026-08-17,2026,8,Agosto,17,1,Lunes,False,Q3,2026,8,Agosto,AGO-26,202608,23,34,Sem 34 (2026),4,Semana Op 4,False
20260818,2026-08-18,2026,8,Agosto,18,2,Martes,False,Q3,2026,8,Agosto,AGO-26,202608,24,34,Sem 34 (2026),4,Semana Op 4,False
20260819,2026-08-19,2026,8,Agosto,19,3,Miércoles,False,Q3,2026,8,Agosto,AGO-26,202608,25,34,Sem 34 (2026),4,Semana Op 4,False
20260820,2026-08-20,2026,8,Agosto,20,4,Jueves,False,Q3,2026,8,Agosto,AGO-26,202608,26,34,Sem 34 (2026),4,Semana Op 4,False
20260821,2026-08-21,2026,8,Agosto,21,5,Viernes,False,Q3,2026,8,Agosto,AGO-26,202608,27,34,Sem 34 (2026),4,Semana Op 4,False
20260822,2026-08-22,2026,8,Agosto,22,6,Sábado,True,Q3,2026,8,Agosto,AGO-26,202608,28,34,Sem 34 (2026),4,Semana Op 4,False
20260823,2026-08-23,2026,8,Agosto,23,7,Domingo,True,Q3,2026,8,Agosto,AGO-26,202608,29,34,Sem 34 (2026),5,Semana Op 5 (Cierre),False
20260824,2026-08-24,2026,8,Agosto,24,1,Lunes,False,Q3,2026,8,Agosto,AGO-26,202608,30,35,Sem 35 (2026),5,Semana Op 5 (Cierre),False
20260825,2026-08-25,2026,8,Agosto,25,2,Martes,False,Q3,2026,8,Agosto,AGO-26,202608,31,35,Sem 35 (2026),5,Semana Op 5 (Cierre),True
20260826,2026-08-26,2026,8,Agosto,26,3,Miércoles,False,Q3,2026,9,Setiembre,SET-26,202609,1,35,Sem 35 (2026),1,Semana Op 1,False
20260827,2026-08-27,2026,8,Agosto,27,4,Jueves,False,Q3,2026,9,Setiembre,SET-26,202609,2,35,Sem 35 (2026),1,Semana Op 1,False
20260828,2026-08-28,2026,8,Agosto,28,5,Viernes,False,Q3,2026,9,Setiembre,SET-26,202609,3,35,Sem 35 (2026),1,Semana Op 1,False
20260829,2026-08-29,2026,8,Agosto,29,6,Sábado,True,Q3,2026,9,Setiembre,SET-26,202609,4,35,Sem 35 (2026),1,Semana Op 1,False
20260830,2026-08-30,2026,8,Agosto,30,7,Domingo,True,Q3,2026,9,Setiembre,SET-26,202609,5,35,Sem 35 (2026),1,Semana Op 1,False
20260831,2026-08-31,2026,8,Agosto,31,1,Lunes,False,Q3,2026,9,Setiembre,SET-26,202609,6,36,Sem 36 (2026),1,Semana Op 1,False
20260901,2026-09-01,2026,9,Setiembre,1,2,Martes,False,Q3,2026,9,Setiembre,SET-26,202609,7,36,Sem 36 (2026),1,Semana Op 1,False
20260902,2026-09-02,2026,9,Setiembre,2,3,Miércoles,False,Q3,2026,9,Setiembre,SET-26,202609,8,36,Sem 36 (2026),2,Semana Op 2,False
20260903,2026-09-03,2026,9,Setiembre,3,4,Jueves,False,Q3,2026,9,Setiembre,SET-26,202609,9,36,Sem 36 (2026),2,Semana Op 2,False
20260904,2026-09-04,2026,9,Setiembre,4,5,Viernes,False,Q3,2026,9,Setiembre,SET-26,202609,10,36,Sem 36 (2026),2,Semana Op 2,False
20260905,2026-09-05,2026,9,Setiembre,5,6,Sábado,True,Q3,2026,9,Setiembre,SET-26,202609,11,36,Sem 36 (2026),2,Semana Op 2,False
20260906,2026-09-06,2026,9,Setiembre,6,7,Domingo,True,Q3,2026,9,Setiembre,SET-26,202609,12,36,Sem 36 (2026),2,Semana Op 2,False
20260907,2026-09-07,2026,9,Setiembre,7,1,Lunes,False,Q3,2026,9,Setiembre,SET-26,202609,13,37,Sem 37 (2026),2,Semana Op 2,False
20260908,2026-09-08,2026,9,Setiembre,8,2,Martes,False,Q3,2026,9,Setiembre,SET-26,202609,14,37,Sem 37 (2026),2,Semana Op 2,False
20260909,2026-09-09,2026,9,Setiembre,9,3,Miércoles,False,Q3,2026,9,Setiembre,SET-26,202609,15,37,Sem 37 (2026),3,Semana Op 3,False
20260910,2026-09-10,2026,9,Setiembre,10,4,Jueves,False,Q3,2026,9,Setiembre,SET-26,202609,16,37,Sem 37 (2026),3,Semana Op 3,False
20260911,2026-09-11,2026,9,Setiembre,11,5,Viernes,False,Q3,2026,9,Setiembre,SET-26,202609,17,37,Sem 37 (2026),3,Semana Op 3,False
20260912,2026-09-12,2026,9,Setiembre,12,6,Sábado,True,Q3,2026,9,Setiembre,SET-26,202609,18,37,Sem 37 (2026),3,Semana Op 3,False
20260913,2026-09-13,2026,9,Setiembre,13,7,Domingo,True,Q3,2026,9,Setiembre,SET-26,202609,19,37,Sem 37 (2026),3,Semana Op 3,False
20260914,2026-09-14,2026,9,Setiembre,14,1,Lunes,False,Q3,2026,9,Setiembre,SET-26,202609,20,38,Sem 38 (2026),3,Semana Op 3,False
20260915,2026-09-15,2026,9,Setiembre,15,2,Martes,False,Q3,2026,9,Setiembre,SET-26,202609,21,38,Sem 38 (2026),3,Semana Op 3,False
20260916,2026-09-16,2026,9,Setiembre,16,3,Miércoles,False,Q3,2026,9,Setiembre,SET-26,202609,22,38,Sem 38 (2026),4,Semana Op 4,False
20260917,2026-09-17,2026,9,Setiembre,17,4,Jueves,False,Q3,2026,9,Setiembre,SET-26,202609,23,38,Sem 38 (2026),4,Semana Op 4,False
20260918,2026-09-18,2026,9,Setiembre,18,5,Viernes,False,Q3,2026,9,Setiembre,SET-26,202609,24,38,Sem 38 (2026),4,Semana Op 4,False
20260919,2026-09-19,2026,9,Setiembre,19,6,Sábado,True,Q3,2026,9,Setiembre,SET-26,202609,25,38,Sem 38 (2026),4,Semana Op 4,False
20260920,2026-09-20,2026,9,Setiembre,20,7,Domingo,True,Q3,2026,9,Setiembre,SET-26,202609,26,38,Sem 38 (2026),4,Semana Op 4,False
20260921,2026-09-21,2026,9,Setiembre,21,1,Lunes,False,Q3,2026,9,Setiembre,SET-26,202609,27,39,Sem 39 (2026),4,Semana Op 4,False
20260922,2026-09-22,2026,9,Setiembre,22,2,Martes,False,Q3,2026,9,Setiembre,SET-26,202609,28,39,Sem 39 (2026),4,Semana Op 4,False
20260923,2026-09-23,2026,9,Setiembre,23,3,Miércoles,False,Q3,2026,9,Setiembre,SET-26,202609,29,39,Sem 39 (2026),5,Semana Op 5 (Cierre),False
20260924,2026-09-24,2026,9,Setiembre,24,4,Jueves,False,Q3,2026,9,Setiembre,SET-26,202609,30,39,Sem 39 (2026),5,Semana Op 5 (Cierre),False
20260925,2026-09-25,2026,9,Setiembre,25,5,Viernes,False,Q3,2026,9,Setiembre,SET-26,202609,31,39,Sem 39 (2026),5,Semana Op 5 (Cierre),True
20260926,2026-09-26,2026,9,Setiembre,26,6,Sábado,True,Q3,2026,10,Octubre,OCT-26,202610,1,39,Sem 39 (2026),1,Semana Op 1,False
20260927,2026-09-27,2026,9,Setiembre,27,7,Domingo,True,Q3,2026,10,Octubre,OCT-26,202610,2,39,Sem 39 (2026),1,Semana Op 1,False
20260928,2026-09-28,2026,9,Setiembre,28,1,Lunes,False,Q3,2026,10,Octubre,OCT-26,202610,3,40,Sem 40 (2026),1,Semana Op 1,False
20260929,2026-09-29,2026,9,Setiembre,29,2,Martes,False,Q3,2026,10,Octubre,OCT-26,202610,4,40,Sem 40 (2026),1,Semana Op 1,False
20260930,2026-09-30,2026,9,Setiembre,30,3,Miércoles,False,Q3,2026,10,Octubre,OCT-26,202610,5,40,Sem 40 (2026),1,Semana Op 1,False
20261001,2026-10-01,2026,10,Octubre,1,4,Jueves,False,Q4,2026,10,Octubre,OCT-26,202610,6,40,Sem 40 (2026),1,Semana Op 1,False
20261002,2026-10-02,2026,10,Octubre,2,5,Viernes,False,Q4,2026,10,Octubre,OCT-26,202610,7,40,Sem 40 (2026),1,Semana Op 1,False
20261003,2026-10-03,2026,10,Octubre,3,6,Sábado,True,Q4,2026,10,Octubre,OCT-26,202610,8,40,Sem 40 (2026),2,Semana Op 2,False
20261004,2026-10-04,2026,10,Octubre,4,7,Domingo,True,Q4,2026,10,Octubre,OCT-26,202610,9,40,Sem 40 (2026),2,Semana Op 2,False
20261005,2026-10-05,2026,10,Octubre,5,1,Lunes,False,Q4,2026,10,Octubre,OCT-26,202610,10,41,Sem 41 (2026),2,Semana Op 2,False
20261006,2026-10-06,2026,10,Octubre,6,2,Martes,False,Q4,2026,10,Octubre,OCT-26,202610,11,41,Sem 41 (2026),2,Semana Op 2,False
20261007,2026-10-07,2026,10,Octubre,7,3,Miércoles,False,Q4,2026,10,Octubre,OCT-26,202610,12,41,Sem 41 (2026),2,Semana Op 2,False
20261008,2026-10-08,2026,10,Octubre,8,4,Jueves,False,Q4,2026,10,Octubre,OCT-26,202610,13,41,Sem 41 (2026),2,Semana Op 2,False
20261009,2026-10-09,2026,10,Octubre,9,5,Viernes,False,Q4,2026,10,Octubre,OCT-26,202610,14,41,Sem 41 (2026),2,Semana Op 2,False
20261010,2026-10-10,2026,10,Octubre,10,6,Sábado,True,Q4,2026,10,Octubre,OCT-26,202610,15,41,Sem 41 (2026),3,Semana Op 3,False
20261011,2026-10-11,2026,10,Octubre,11,7,Domingo,True,Q4,2026,10,Octubre,OCT-26,202610,16,41,Sem 41 (2026),3,Semana Op 3,False
20261012,2026-10-12,2026,10,Octubre,12,1,Lunes,False,Q4,2026,10,Octubre,OCT-26,202610,17,42,Sem 42 (2026),3,Semana Op 3,False
20261013,2026-10-13,2026,10,Octubre,13,2,Martes,False,Q4,2026,10,Octubre,OCT-26,202610,18,42,Sem 42 (2026),3,Semana Op 3,False
20261014,2026-10-14,2026,10,Octubre,14,3,Miércoles,False,Q4,2026,10,Octubre,OCT-26,202610,19,42,Sem 42 (2026),3,Semana Op 3,False
20261015,2026-10-15,2026,10,Octubre,15,4,Jueves,False,Q4,2026,10,Octubre,OCT-26,202610,20,42,Sem 42 (2026),3,Semana Op 3,False
20261016,2026-10-16,2026,10,Octubre,16,5,Viernes,False,Q4,2026,10,Octubre,OCT-26,202610,21,42,Sem 42 (2026),3,Semana Op 3,False
20261017,2026-10-17,2026,10,Octubre,17,6,Sábado,True,Q4,2026,10,Octubre,OCT-26,202610,22,42,Sem 42 (2026),4,Semana Op 4,False
20261018,2026-10-18,2026,10,Octubre,18,7,Domingo,True,Q4,2026,10,Octubre,OCT-26,202610,23,42,Sem 42 (2026),4,Semana Op 4,False
20261019,2026-10-19,2026,10,Octubre,19,1,Lunes,False,Q4,2026,10,Octubre,OCT-26,202610,24,43,Sem 43 (2026),4,Semana Op 4,False
20261020,2026-10-20,2026,10,Octubre,20,2,Martes,False,Q4,2026,10,Octubre,OCT-26,202610,25,43,Sem 43 (2026),4,Semana Op 4,False
20261021,2026-10-21,2026,10,Octubre,21,3,Miércoles,False,Q4,2026,10,Octubre,OCT-26,202610,26,43,Sem 43 (2026),4,Semana Op 4,False
20261022,2026-10-22,2026,10,Octubre,22,4,Jueves,False,Q4,2026,10,Octubre,OCT-26,202610,27,43,Sem 43 (2026),4,Semana Op 4,False
20261023,2026-10-23,2026,10,Octubre,23,5,Viernes,False,Q4,2026,10,Octubre,OCT-26,202610,28,43,Sem 43 (2026),4,Semana Op 4,False
20261024,2026-10-24,2026,10,Octubre,24,6,Sábado,True,Q4,2026,10,Octubre,OCT-26,202610,29,43,Sem 43 (2026),5,Semana Op 5 (Cierre),False
20261025,2026-10-25,2026,10,Octubre,25,7,Domingo,True,Q4,2026,10,Octubre,OCT-26,202610,30,43,Sem 43 (2026),5,Semana Op 5 (Cierre),True
20261026,2026-10-26,2026,10,Octubre,26,1,Lunes,False,Q4,2026,11,Noviembre,NOV-26,202611,1,44,Sem 44 (2026),1,Semana Op 1,False
20261027,2026-10-27,2026,10,Octubre,27,2,Martes,False,Q4,2026,11,Noviembre,NOV-26,202611,2,44,Sem 44 (2026),1,Semana Op 1,False
20261028,2026-10-28,2026,10,Octubre,28,3,Miércoles,False,Q4,2026,11,Noviembre,NOV-26,202611,3,44,Sem 44 (2026),1,Semana Op 1,False
20261029,2026-10-29,2026,10,Octubre,29,4,Jueves,False,Q4,2026,11,Noviembre,NOV-26,202611,4,44,Sem 44 (2026),1,Semana Op 1,False
20261030,2026-10-30,2026,10,Octubre,30,5,Viernes,False,Q4,2026,11,Noviembre,NOV-26,202611,5,44,Sem 44 (2026),1,Semana Op 1,False
20261031,2026-10-31,2026,10,Octubre,31,6,Sábado,True,Q4,2026,11,Noviembre,NOV-26,202611,6,44,Sem 44 (2026),1,Semana Op 1,False
20261101,2026-11-01,2026,11,Noviembre,1,7,Domingo,True,Q4,2026,11,Noviembre,NOV-26,202611,7,44,Sem 44 (2026),1,Semana Op 1,False
20261102,2026-11-02,2026,11,Noviembre,2,1,Lunes,False,Q4,2026,11,Noviembre,NOV-26,202611,8,45,Sem 45 (2026),2,Semana Op 2,False
20261103,2026-11-03,2026,11,Noviembre,3,2,Martes,False,Q4,2026,11,Noviembre,NOV-26,202611,9,45,Sem 45 (2026),2,Semana Op 2,False
20261104,2026-11-04,2026,11,Noviembre,4,3,Miércoles,False,Q4,2026,11,Noviembre,NOV-26,202611,10,45,Sem 45 (2026),2,Semana Op 2,False
20261105,2026-11-05,2026,11,Noviembre,5,4,Jueves,False,Q4,2026,11,Noviembre,NOV-26,202611,11,45,Sem 45 (2026),2,Semana Op 2,False
20261106,2026-11-06,2026,11,Noviembre,6,5,Viernes,False,Q4,2026,11,Noviembre,NOV-26,202611,12,45,Sem 45 (2026),2,Semana Op 2,False
20261107,2026-11-07,2026,11,Noviembre,7,6,Sábado,True,Q4,2026,11,Noviembre,NOV-26,202611,13,45,Sem 45 (2026),2,Semana Op 2,False
20261108,2026-11-08,2026,11,Noviembre,8,7,Domingo,True,Q4,2026,11,Noviembre,NOV-26,202611,14,45,Sem 45 (2026),2,Semana Op 2,False
20261109,2026-11-09,2026,11,Noviembre,9,1,Lunes,False,Q4,2026,11,Noviembre,NOV-26,202611,15,46,Sem 46 (2026),3,Semana Op 3,False
20261110,2026-11-10,2026,11,Noviembre,10,2,Martes,False,Q4,2026,11,Noviembre,NOV-26,202611,16,46,Sem 46 (2026),3,Semana Op 3,False
20261111,2026-11-11,2026,11,Noviembre,11,3,Miércoles,False,Q4,2026,11,Noviembre,NOV-26,202611,17,46,Sem 46 (2026),3,Semana Op 3,False
20261112,2026-11-12,2026,11,Noviembre,12,4,Jueves,False,Q4,2026,11,Noviembre,NOV-26,202611,18,46,Sem 46 (2026),3,Semana Op 3,False
20261113,2026-11-13,2026,11,Noviembre,13,5,Viernes,False,Q4,2026,11,Noviembre,NOV-26,202611,19,46,Sem 46 (2026),3,Semana Op 3,False
20261114,2026-11-14,2026,11,Noviembre,14,6,Sábado,True,Q4,2026,11,Noviembre,NOV-26,202611,20,46,Sem 46 (2026),3,Semana Op 3,False
20261115,2026-11-15,2026,11,Noviembre,15,7,Domingo,True,Q4,2026,11,Noviembre,NOV-26,202611,21,46,Sem 46 (2026),3,Semana Op 3,False
20261116,2026-11-16,2026,11,Noviembre,16,1,Lunes,False,Q4,2026,11,Noviembre,NOV-26,202611,22,47,Sem 47 (2026),4,Semana Op 4,False
20261117,2026-11-17,2026,11,Noviembre,17,2,Martes,False,Q4,2026,11,Noviembre,NOV-26,202611,23,47,Sem 47 (2026),4,Semana Op 4,False
20261118,2026-11-18,2026,11,Noviembre,18,3,Miércoles,False,Q4,2026,11,Noviembre,NOV-26,202611,24,47,Sem 47 (2026),4,Semana Op 4,False
20261119,2026-11-19,2026,11,Noviembre,19,4,Jueves,False,Q4,2026,11,Noviembre,NOV-26,202611,25,47,Sem 47 (2026),4,Semana Op 4,False
20261120,2026-11-20,2026,11,Noviembre,20,5,Viernes,False,Q4,2026,11,Noviembre,NOV-26,202611,26,47,Sem 47 (2026),4,Semana Op 4,False
20261121,2026-11-21,2026,11,Noviembre,21,6,Sábado,True,Q4,2026,11,Noviembre,NOV-26,202611,27,47,Sem 47 (2026),4,Semana Op 4,False
20261122,2026-11-22,2026,11,Noviembre,22,7,Domingo,True,Q4,2026,11,Noviembre,NOV-26,202611,28,47,Sem 47 (2026),4,Semana Op 4,False
20261123,2026-11-23,2026,11,Noviembre,23,1,Lunes,False,Q4,2026,11,Noviembre,NOV-26,202611,29,48,Sem 48 (2026),5,Semana Op 5 (Cierre),False
20261124,2026-11-24,2026,11,Noviembre,24,2,Martes,False,Q4,2026,11,Noviembre,NOV-26,202611,30,48,Sem 48 (2026),5,Semana Op 5 (Cierre),False
20261125,2026-11-25,2026,11,Noviembre,25,3,Miércoles,False,Q4,2026,11,Noviembre,NOV-26,202611,31,48,Sem 48 (2026),5,Semana Op 5 (Cierre),True
20261126,2026-11-26,2026,11,Noviembre,26,4,Jueves,False,Q4,2026,12,Diciembre,DIC-26,202612,1,48,Sem 48 (2026),1,Semana Op 1,False
20261127,2026-11-27,2026,11,Noviembre,27,5,Viernes,False,Q4,2026,12,Diciembre,DIC-26,202612,2,48,Sem 48 (2026),1,Semana Op 1,False
20261128,2026-11-28,2026,11,Noviembre,28,6,Sábado,True,Q4,2026,12,Diciembre,DIC-26,202612,3,48,Sem 48 (2026),1,Semana Op 1,False
20261129,2026-11-29,2026,11,Noviembre,29,7,Domingo,True,Q4,2026,12,Diciembre,DIC-26,202612,4,48,Sem 48 (2026),1,Semana Op 1,False
20261130,2026-11-30,2026,11,Noviembre,30,1,Lunes,False,Q4,2026,12,Diciembre,DIC-26,202612,5,49,Sem 49 (2026),1,Semana Op 1,False
20261201,2026-12-01,2026,12,Diciembre,1,2,Martes,False,Q4,2026,12,Diciembre,DIC-26,202612,6,49,Sem 49 (2026),1,Semana Op 1,False
20261202,2026-12-02,2026,12,Diciembre,2,3,Miércoles,False,Q4,2026,12,Diciembre,DIC-26,202612,7,49,Sem 49 (2026),1,Semana Op 1,False
20261203,2026-12-03,2026,12,Diciembre,3,4,Jueves,False,Q4,2026,12,Diciembre,DIC-26,202612,8,49,Sem 49 (2026),2,Semana Op 2,False
20261204,2026-12-04,2026,12,Diciembre,4,5,Viernes,False,Q4,2026,12,Diciembre,DIC-26,202612,9,49,Sem 49 (2026),2,Semana Op 2,False
20261205,2026-12-05,2026,12,Diciembre,5,6,Sábado,True,Q4,2026,12,Diciembre,DIC-26,202612,10,49,Sem 49 (2026),2,Semana Op 2,False
20261206,2026-12-06,2026,12,Diciembre,6,7,Domingo,True,Q4,2026,12,Diciembre,DIC-26,202612,11,49,Sem 49 (2026),2,Semana Op 2,False
20261207,2026-12-07,2026,12,Diciembre,7,1,Lunes,False,Q4,2026,12,Diciembre,DIC-26,202612,12,50,Sem 50 (2026),2,Semana Op 2,False
20261208,2026-12-08,2026,12,Diciembre,8,2,Martes,False,Q4,2026,12,Diciembre,DIC-26,202612,13,50,Sem 50 (2026),2,Semana Op 2,False
20261209,2026-12-09,2026,12,Diciembre,9,3,Miércoles,False,Q4,2026,12,Diciembre,DIC-26,202612,14,50,Sem 50 (2026),2,Semana Op 2,False
20261210,2026-12-10,2026,12,Diciembre,10,4,Jueves,False,Q4,2026,12,Diciembre,DIC-26,202612,15,50,Sem 50 (2026),3,Semana Op 3,False
20261211,2026-12-11,2026,12,Diciembre,11,5,Viernes,False,Q4,2026,12,Diciembre,DIC-26,202612,16,50,Sem 50 (2026),3,Semana Op 3,False
20261212,2026-12-12,2026,12,Diciembre,12,6,Sábado,True,Q4,2026,12,Diciembre,DIC-26,202612,17,50,Sem 50 (2026),3,Semana Op 3,False
20261213,2026-12-13,2026,12,Diciembre,13,7,Domingo,True,Q4,2026,12,Diciembre,DIC-26,202612,18,50,Sem 50 (2026),3,Semana Op 3,False
20261214,2026-12-14,2026,12,Diciembre,14,1,Lunes,False,Q4,2026,12,Diciembre,DIC-26,202612,19,51,Sem 51 (2026),3,Semana Op 3,False
20261215,2026-12-15,2026,12,Diciembre,15,2,Martes,False,Q4,2026,12,Diciembre,DIC-26,202612,20,51,Sem 51 (2026),3,Semana Op 3,False
20261216,2026-12-16,2026,12,Diciembre,16,3,Miércoles,False,Q4,2026,12,Diciembre,DIC-26,202612,21,51,Sem 51 (2026),3,Semana Op 3,False
20261217,2026-12-17,2026,12,Diciembre,17,4,Jueves,False,Q4,2026,12,Diciembre,DIC-26,202612,22,51,Sem 51 (2026),4,Semana Op 4,False
20261218,2026-12-18,2026,12,Diciembre,18,5,Viernes,False,Q4,2026,12,Diciembre,DIC-26,202612,23,51,Sem 51 (2026),4,Semana Op 4,False
20261219,2026-12-19,2026,12,Diciembre,19,6,Sábado,True,Q4,2026,12,Diciembre,DIC-26,202612,24,51,Sem 51 (2026),4,Semana Op 4,False
20261220,2026-12-20,2026,12,Diciembre,20,7,Domingo,True,Q4,2026,12,Diciembre,DIC-26,202612,25,51,Sem 51 (2026),4,Semana Op 4,False
20261221,2026-12-21,2026,12,Diciembre,21,1,Lunes,False,Q4,2026,12,Diciembre,DIC-26,202612,26,52,Sem 52 (2026),4,Semana Op 4,False
20261222,2026-12-22,2026,12,Diciembre,22,2,Martes,False,Q4,2026,12,Diciembre,DIC-26,202612,27,52,Sem 52 (2026),4,Semana Op 4,False
20261223,2026-12-23,2026,12,Diciembre,23,3,Miércoles,False,Q4,2026,12,Diciembre,DIC-26,202612,28,52,Sem 52 (2026),4,Semana Op 4,False
20261224,2026-12-24,2026,12,Diciembre,24,4,Jueves,False,Q4,2026,12,Diciembre,DIC-26,202612,29,52,Sem 52 (2026),5,Semana Op 5 (Cierre),False
20261225,2026-12-25,2026,12,Diciembre,25,5,Viernes,False,Q4,2026,12,Diciembre,DIC-26,202612,30,52,Sem 52 (2026),5,Semana Op 5 (Cierre),True
20261226,2026-12-26,2026,12,Diciembre,26,6,Sábado,True,Q4,2027,1,Enero,ENE-27,202701,1,52,Sem 52 (2026),1,Semana Op 1,False
20261227,2026-12-27,2026,12,Diciembre,27,7,Domingo,True,Q4,2027,1,Enero,ENE-27,202701,2,52,Sem 52 (2026),1,Semana Op 1,False
20261228,2026-12-28,2026,12,Diciembre,28,1,Lunes,False,Q4,2027,1,Enero,ENE-27,202701,3,53,Sem 53 (2026),1,Semana Op 1,False
20261229,2026-12-29,2026,12,Diciembre,29,2,Martes,False,Q4,2027,1,Enero,ENE-27,202701,4,53,Sem 53 (2026),1,Semana Op 1,False
20261230,2026-12-30,2026,12,Diciembre,30,3,Miércoles,False,Q4,2027,1,Enero,ENE-27,202701,5,53,Sem 53 (2026),1,Semana Op 1,False
20261231,2026-12-31,2026,12,Diciembre,31,4,Jueves,False,Q4,2027,1,Enero,ENE-27,202701,6,53,Sem 53 (2026),1,Semana Op 1,False
