equipo_sk,equipo_cd,codigo_sap,modelo_fabricante,fabricante,tipo_servicio,tipo_energia,horas_dia_planeadas,contrato_sk_asignado,estado_operativo
-1,NO_ASIGNADO,SAP-000,[EQUIPO NO ASIGNADO],ROCKDRILL,NO DEFINIDO,ELECTRO-HIDRAULICA,24,-1,OPERATIVO
1,XRD125USS-001,SAP-XRD125USS-001,XRD125USS-001,ROCKDRILL,INTERIOR MINA,ELECTRO-HIDRAULICA,24,1,OPERATIVO
2,XRD50U-002,SAP-XRD50U-002,XRD50U-002,ROCKDRILL,INTERIOR MINA,ELECTRO-HIDRAULICA,24,1,OPERATIVO
3,XRD50USS-001,SAP-XRD50USS-001,XRD50USS-001,ROCKDRILL,INTERIOR MINA,ELECTRO-HIDRAULICA,24,1,OPERATIVO
4,DE710ST-001,SAP-DE710ST-001,DE710ST-001,ROCKDRILL,SUPERFICIE,DIESEL,24,2,OPERATIVO
5,LF90D ST-002,SAP-LF90D ST-002,LF90D ST-002,ROCKDRILL,SUPERFICIE,DIESEL,24,2,OPERATIVO
6,LF90DST-002,SAP-LF90DST-002,LF90DST-002,ROCKDRILL,SUPERFICIE,DIESEL,24,2,OPERATIVO
7,XRD150U-001,SAP-XRD150U-001,XRD150U-001,ROCKDRILL,INTERIOR MINA,ELECTRO-HIDRAULICA,24,2,OPERATIVO
8,XRD80USS-010,SAP-XRD80USS-010,XRD80USS-010,ROCKDRILL,INTERIOR MINA,ELECTRO-HIDRAULICA,24,2,OPERATIVO
9,XRD90U-017,SAP-XRD90U-017,XRD90U-017,ROCKDRILL,INTERIOR MINA,ELECTRO-HIDRAULICA,24,2,OPERATIVO
10,XRD125U,SAP-XRD125U,XRD125U,ROCKDRILL,INTERIOR MINA,ELECTRO-HIDRAULICA,24,3,OPERATIVO
11,XRD150U,SAP-XRD150U,XRD150U,ROCKDRILL,INTERIOR MINA,ELECTRO-HIDRAULICA,24,3,OPERATIVO
12,XRD150U-010,SAP-XRD150U-010,XRD150U-010,ROCKDRILL,INTERIOR MINA,ELECTRO-HIDRAULICA,24,3,OPERATIVO
13,XRD220ST-001,SAP-XRD220ST-001,XRD220ST-001,ROCKDRILL,INTERIOR MINA,ELECTRO-HIDRAULICA,24,3,OPERATIVO
14,XRD100U-001,SAP-XRD100U-001,XRD100U-001,ROCKDRILL,INTERIOR MINA,ELECTRO-HIDRAULICA,24,4,OPERATIVO
15,XRD125UFDR-001,SAP-XRD125UFDR-001,XRD125UFDR-001,ROCKDRILL,INTERIOR MINA,ELECTRO-HIDRAULICA,24,4,OPERATIVO
16,XRD125USS-001,SAP-XRD125USS-001,XRD125USS-001,ROCKDRILL,INTERIOR MINA,ELECTRO-HIDRAULICA,24,4,OPERATIVO
17,XRD50U-001,SAP-XRD50U-001,XRD50U-001,ROCKDRILL,INTERIOR MINA,ELECTRO-HIDRAULICA,24,4,OPERATIVO
18,XRD50U-003,SAP-XRD50U-003,XRD50U-003,ROCKDRILL,INTERIOR MINA,ELECTRO-HIDRAULICA,24,4,OPERATIVO
19,XRD50USS-004,SAP-XRD50USS-004,XRD50USS-004,ROCKDRILL,INTERIOR MINA,ELECTRO-HIDRAULICA,24,4,OPERATIVO
20,XRD90U-0016,SAP-XRD90U-0016,XRD90U-0016,ROCKDRILL,INTERIOR MINA,ELECTRO-HIDRAULICA,24,4,OPERATIVO
21,XRD90U-005,SAP-XRD90U-005,XRD90U-005,ROCKDRILL,INTERIOR MINA,ELECTRO-HIDRAULICA,24,4,OPERATIVO
22,XRD90U-013,SAP-XRD90U-013,XRD90U-013,ROCKDRILL,INTERIOR MINA,ELECTRO-HIDRAULICA,24,4,OPERATIVO
23,XRD150U-002,SAP-XRD150U-002,XRD150U-002,ROCKDRILL,INTERIOR MINA,ELECTRO-HIDRAULICA,24,5,OPERATIVO
24,XRD150U-002,SAP-XRD150U-002,XRD150U-002,ROCKDRILL,INTERIOR MINA,ELECTRO-HIDRAULICA,24,6,OPERATIVO
25,LM110U-001,SAP-LM110U-001,LM110U-001,ROCKDRILL,INTERIOR MINA,ELECTRO-HIDRAULICA,24,7,OPERATIVO
26,LM90U-001,SAP-LM90U-001,LM90U-001,ROCKDRILL,INTERIOR MINA,ELECTRO-HIDRAULICA,24,7,OPERATIVO
27,XRD120U-001,SAP-XRD120U-001,XRD120U-001,ROCKDRILL,INTERIOR MINA,ELECTRO-HIDRAULICA,24,7,OPERATIVO
28,XRD150USS,SAP-XRD150USS,XRD150USS,ROCKDRILL,INTERIOR MINA,ELECTRO-HIDRAULICA,24,7,OPERATIVO
29,XRD150USS-005,SAP-XRD150USS-005,XRD150USS-005,ROCKDRILL,INTERIOR MINA,ELECTRO-HIDRAULICA,24,7,OPERATIVO
30,XRD250U,SAP-XRD250U,XRD250U,ROCKDRILL,INTERIOR MINA,ELECTRO-HIDRAULICA,24,7,OPERATIVO
31,XRD80USS-007,SAP-XRD80USS-007,XRD80USS-007,ROCKDRILL,INTERIOR MINA,ELECTRO-HIDRAULICA,24,7,OPERATIVO
32,XRD90U-021,SAP-XRD90U-021,XRD90U-021,ROCKDRILL,INTERIOR MINA,ELECTRO-HIDRAULICA,24,7,OPERATIVO
33,XRD90USS-003,SAP-XRD90USS-003,XRD90USS-003,ROCKDRILL,INTERIOR MINA,ELECTRO-HIDRAULICA,24,7,OPERATIVO
34,XLM75UFDR-003,SAP-XLM75UFDR-003,XLM75UFDR-003,ROCKDRILL,INTERIOR MINA,ELECTRO-HIDRAULICA,24,8,OPERATIVO
35,XRD125UFDR-002,SAP-XRD125UFDR-002,XRD125UFDR-002,ROCKDRILL,INTERIOR MINA,ELECTRO-HIDRAULICA,24,8,OPERATIVO
36,XRD125USS-001,SAP-XRD125USS-001,XRD125USS-001,ROCKDRILL,INTERIOR MINA,ELECTRO-HIDRAULICA,24,8,OPERATIVO
37,XRD150U-008,SAP-XRD150U-008,XRD150U-008,ROCKDRILL,INTERIOR MINA,ELECTRO-HIDRAULICA,24,8,OPERATIVO
38,XRD150U-009,SAP-XRD150U-009,XRD150U-009,ROCKDRILL,INTERIOR MINA,ELECTRO-HIDRAULICA,24,8,OPERATIVO
39,XRD220ST-003,SAP-XRD220ST-003,XRD220ST-003,ROCKDRILL,INTERIOR MINA,ELECTRO-HIDRAULICA,24,8,OPERATIVO
40,XRD50UFDR-001,SAP-XRD50UFDR-001,XRD50UFDR-001,ROCKDRILL,INTERIOR MINA,ELECTRO-HIDRAULICA,24,8,OPERATIVO
41,XRD50USS-002,SAP-XRD50USS-002,XRD50USS-002,ROCKDRILL,INTERIOR MINA,ELECTRO-HIDRAULICA,24,8,OPERATIVO
42,XRD80USS-006,SAP-XRD80USS-006,XRD80USS-006,ROCKDRILL,INTERIOR MINA,ELECTRO-HIDRAULICA,24,8,OPERATIVO
43,XRD90U-019,SAP-XRD90U-019,XRD90U-019,ROCKDRILL,INTERIOR MINA,ELECTRO-HIDRAULICA,24,8,OPERATIVO
44,XRD80USS-012,SAP-XRD80USS-012,XRD80USS-012,ROCKDRILL,INTERIOR MINA,ELECTRO-HIDRAULICA,24,9,OPERATIVO
45,LM75UFDR-002,SAP-LM75UFDR-002,LM75UFDR-002,ROCKDRILL,INTERIOR MINA,ELECTRO-HIDRAULICA,24,10,OPERATIVO
46,XLM75UFDR-002,SAP-XLM75UFDR-002,XLM75UFDR-002,ROCKDRILL,INTERIOR MINA,ELECTRO-HIDRAULICA,24,10,OPERATIVO
47,XLM75UFDR-004,SAP-XLM75UFDR-004,XLM75UFDR-004,ROCKDRILL,INTERIOR MINA,ELECTRO-HIDRAULICA,24,10,OPERATIVO
48,XRD120ST-001,SAP-XRD120ST-001,XRD120ST-001,ROCKDRILL,INTERIOR MINA,ELECTRO-HIDRAULICA,24,10,OPERATIVO
49,XRD150USS-001,SAP-XRD150USS-001,XRD150USS-001,ROCKDRILL,INTERIOR MINA,ELECTRO-HIDRAULICA,24,10,OPERATIVO
50,XRD150USS-003,SAP-XRD150USS-003,XRD150USS-003,ROCKDRILL,INTERIOR MINA,ELECTRO-HIDRAULICA,24,10,OPERATIVO
51,XRD80ITH-001,SAP-XRD80ITH-001,XRD80ITH-001,ROCKDRILL,INTERIOR MINA,ELECTRO-HIDRAULICA,24,10,OPERATIVO
52,XRD100ST-001,SAP-XRD100ST-001,XRD100ST-001,ROCKDRILL,SUPERFICIE,ELECTRO-HIDRAULICA,24,11,OPERATIVO
53,CT20ST-002,SAP-CT20ST-002,CT20ST-002,ROCKDRILL,SUPERFICIE,DIESEL,24,12,OPERATIVO
54,CT20ST-003,SAP-CT20ST-003,CT20ST-003,ROCKDRILL,SUPERFICIE,DIESEL,24,12,OPERATIVO
55,XLM75UFDR-001,SAP-XLM75UFDR-001,XLM75UFDR-001,ROCKDRILL,INTERIOR MINA,ELECTRO-HIDRAULICA,24,12,OPERATIVO
56,XRD150U-003,SAP-XRD150U-003,XRD150U-003,ROCKDRILL,INTERIOR MINA,ELECTRO-HIDRAULICA,24,12,OPERATIVO
57,XRD150U-010,SAP-XRD150U-010,XRD150U-010,ROCKDRILL,INTERIOR MINA,ELECTRO-HIDRAULICA,24,12,OPERATIVO
58,XRD150USS-004,SAP-XRD150USS-004,XRD150USS-004,ROCKDRILL,INTERIOR MINA,ELECTRO-HIDRAULICA,24,12,OPERATIVO
59,XRD250U-001,SAP-XRD250U-001,XRD250U-001,ROCKDRILL,INTERIOR MINA,ELECTRO-HIDRAULICA,24,12,OPERATIVO
60,XRD80USS-008,SAP-XRD80USS-008,XRD80USS-008,ROCKDRILL,INTERIOR MINA,ELECTRO-HIDRAULICA,24,12,OPERATIVO
61,XRD90U-012,SAP-XRD90U-012,XRD90U-012,ROCKDRILL,INTERIOR MINA,ELECTRO-HIDRAULICA,24,12,OPERATIVO
62,XRD90U-016,SAP-XRD90U-016,XRD90U-016,ROCKDRILL,INTERIOR MINA,ELECTRO-HIDRAULICA,24,12,OPERATIVO
63,XRD150U-001,SAP-XRD150U-001,XRD150U-001,ROCKDRILL,INTERIOR MINA,ELECTRO-HIDRAULICA,24,13,OPERATIVO
64,XRD150U-003,SAP-XRD150U-003,XRD150U-003,ROCKDRILL,INTERIOR MINA,ELECTRO-HIDRAULICA,24,13,OPERATIVO
65,XRD150U-004,SAP-XRD150U-004,XRD150U-004,ROCKDRILL,INTERIOR MINA,ELECTRO-HIDRAULICA,24,13,OPERATIVO
66,XRD150U-006,SAP-XRD150U-006,XRD150U-006,ROCKDRILL,INTERIOR MINA,ELECTRO-HIDRAULICA,24,13,OPERATIVO
67,XRD150USS-002,SAP-XRD150USS-002,XRD150USS-002,ROCKDRILL,INTERIOR MINA,ELECTRO-HIDRAULICA,24,14,OPERATIVO
68,XRD80USS-011,SAP-XRD80USS-011,XRD80USS-011,ROCKDRILL,INTERIOR MINA,ELECTRO-HIDRAULICA,24,14,OPERATIVO
69,XRD90USS-005,SAP-XRD90USS-005,XRD90USS-005,ROCKDRILL,INTERIOR MINA,ELECTRO-HIDRAULICA,24,14,OPERATIVO
70,XRD150U-005,SAP-XRD150U-005,XRD150U-005,ROCKDRILL,INTERIOR MINA,ELECTRO-HIDRAULICA,24,15,OPERATIVO
71,XRD150UBT-001,SAP-XRD150UBT-001,XRD150UBT-001,ROCKDRILL,INTERIOR MINA,ELECTRO-HIDRAULICA,24,15,OPERATIVO
72,XRD90USS-001,SAP-XRD90USS-001,XRD90USS-001,ROCKDRILL,INTERIOR MINA,ELECTRO-HIDRAULICA,24,15,OPERATIVO
73,XRD90USS-004,SAP-XRD90USS-004,XRD90USS-004,ROCKDRILL,INTERIOR MINA,ELECTRO-HIDRAULICA,24,15,OPERATIVO
74,DE710ST-002,SAP-DE710ST-002,DE710ST-002,ROCKDRILL,SUPERFICIE,DIESEL,24,16,OPERATIVO
75,XRD150U-002,SAP-XRD150U-002,XRD150U-002,ROCKDRILL,INTERIOR MINA,ELECTRO-HIDRAULICA,24,16,OPERATIVO
76,XRD150U-007,SAP-XRD150U-007,XRD150U-007,ROCKDRILL,INTERIOR MINA,ELECTRO-HIDRAULICA,24,16,OPERATIVO
77,XRD150USS-001,SAP-XRD150USS-001,XRD150USS-001,ROCKDRILL,INTERIOR MINA,ELECTRO-HIDRAULICA,24,16,OPERATIVO
78,DE710ST-001,SAP-DE710ST-001,DE710ST-001,ROCKDRILL,SUPERFICIE,DIESEL,24,17,OPERATIVO
79,XRD150U-012,SAP-XRD150U-012,XRD150U-012,ROCKDRILL,INTERIOR MINA,ELECTRO-HIDRAULICA,24,17,OPERATIVO
80,XRD90U-004,SAP-XRD90U-004,XRD90U-004,ROCKDRILL,INTERIOR MINA,ELECTRO-HIDRAULICA,24,17,OPERATIVO
81,XRD90U-010,SAP-XRD90U-010,XRD90U-010,ROCKDRILL,INTERIOR MINA,ELECTRO-HIDRAULICA,24,17,OPERATIVO
82,XRD90U-023,SAP-XRD90U-023,XRD90U-023,ROCKDRILL,INTERIOR MINA,ELECTRO-HIDRAULICA,24,17,OPERATIVO
83,DE710ST-002,SAP-DE710ST-002,DE710ST-002,ROCKDRILL,SUPERFICIE,DIESEL,24,18,OPERATIVO
84,XRD150U-009,SAP-XRD150U-009,XRD150U-009,ROCKDRILL,INTERIOR MINA,ELECTRO-HIDRAULICA,24,18,OPERATIVO
85,XRD150U-007,SAP-XRD150U-007,XRD150U-007,ROCKDRILL,INTERIOR MINA,ELECTRO-HIDRAULICA,24,19,OPERATIVO
86,XRD150USS-001,SAP-XRD150USS-001,XRD150USS-001,ROCKDRILL,INTERIOR MINA,ELECTRO-HIDRAULICA,24,19,OPERATIVO
87,XRD125USS-001,SAP-XRD125USS-001,XRD125USS-001,ROCKDRILL,INTERIOR MINA,ELECTRO-HIDRAULICA,24,20,OPERATIVO
88,XRD50USS-001,SAP-XRD50USS-001,XRD50USS-001,ROCKDRILL,INTERIOR MINA,ELECTRO-HIDRAULICA,24,20,OPERATIVO
89,XRD50USS-003,SAP-XRD50USS-003,XRD50USS-003,ROCKDRILL,INTERIOR MINA,ELECTRO-HIDRAULICA,24,20,OPERATIVO
90,XRD50USS-00T,SAP-XRD50USS-00T,XRD50USS-00T,ROCKDRILL,INTERIOR MINA,ELECTRO-HIDRAULICA,24,20,OPERATIVO
91,XRD150U-011,SAP-XRD150U-011,XRD150U-011,ROCKDRILL,INTERIOR MINA,ELECTRO-HIDRAULICA,24,21,OPERATIVO
92,XRD150USS,SAP-XRD150USS,XRD150USS,ROCKDRILL,INTERIOR MINA,ELECTRO-HIDRAULICA,24,21,OPERATIVO
93,XRD150USS-001,SAP-XRD150USS-001,XRD150USS-001,ROCKDRILL,INTERIOR MINA,ELECTRO-HIDRAULICA,24,21,OPERATIVO
94,XRD150USS-002,SAP-XRD150USS-002,XRD150USS-002,ROCKDRILL,INTERIOR MINA,ELECTRO-HIDRAULICA,24,21,OPERATIVO
95,XRD90USS-005,SAP-XRD90USS-005,XRD90USS-005,ROCKDRILL,INTERIOR MINA,ELECTRO-HIDRAULICA,24,21,OPERATIVO
