meta_id,calendario_sk,periodo_operativo_sort,mes_operativo_dt,contrato_sk,equipo_sk,tipo_maquina,meta_metraje_m,proyectado_m
1,20250101,202501,2025-01-01,4,18,MINA,750.0,0.0
2,20250101,202501,2025-01-01,4,19,MINA,750.0,0.0
3,20250101,202501,2025-01-01,4,17,MINA,750.0,0.0
4,20250101,202501,2025-01-01,4,21,MINA,750.0,0.0
5,20250101,202501,2025-01-01,4,20,MINA,750.0,0.0
6,20260101,202601,2026-01-01,1,2,MINA,1100.0,0.0
7,20260101,202601,2026-01-01,1,3,MINA,1100.0,0.0
8,20260101,202601,2026-01-01,13,65,MINA,850.0,0.0
9,20260101,202601,2026-01-01,13,64,MINA,850.0,0.0
10,20260101,202601,2026-01-01,8,40,MINA,1050.0,0.0
11,20260101,202601,2026-01-01,8,43,MINA,1050.0,0.0
12,20260101,202601,2026-01-01,8,42,MINA,1050.0,0.0
13,20260101,202601,2026-01-01,8,41,MINA,1050.0,0.0
14,20260101,202601,2026-01-01,8,34,MINA,1050.0,0.0
15,20260101,202601,2026-01-01,11,52,SUPERFICIE,760.0,0.0
16,20260101,202601,2026-01-01,9,44,MINA,1050.0,0.0
17,20260101,202601,2026-01-01,16,76,MINA,900.0,0.0
18,20260101,202601,2026-01-01,16,75,MINA,1000.0,0.0
19,20260101,202601,2026-01-01,12,54,SUPERFICIE,800.0,0.0
20,20260101,202601,2026-01-01,12,53,SUPERFICIE,800.0,0.0
21,20260101,202601,2026-01-01,12,60,MINA,800.0,0.0
22,20260101,202601,2026-01-01,12,62,MINA,800.0,0.0
23,20260101,202601,2026-01-01,17,82,MINA,850.0,0.0
24,20260101,202601,2026-01-01,17,80,MINA,850.0,0.0
25,20260101,202601,2026-01-01,17,81,MINA,850.0,0.0
26,20260101,202601,2026-01-01,7,27,MINA,900.0,0.0
27,20260101,202601,2026-01-01,7,31,MINA,900.0,0.0
28,20260101,202601,2026-01-01,7,32,MINA,900.0,0.0
29,20260101,202601,2026-01-01,7,33,MINA,900.0,0.0
30,20260101,202601,2026-01-01,7,26,MINA,900.0,0.0
31,20260101,202601,2026-01-01,7,25,MINA,900.0,0.0
32,20260101,202601,2026-01-01,2,5,SUPERFICIE,900.0,0.0
33,20260101,202601,2026-01-01,2,8,MINA,900.0,0.0
34,20260101,202601,2026-01-01,2,9,MINA,900.0,0.0
35,20260101,202601,2026-01-01,2,4,SUPERFICIE,900.0,0.0
36,20260101,202601,2026-01-01,10,51,MINA,1600.0,0.0
37,20260101,202601,2026-01-01,10,48,SUPERFICIE,750.0,0.0
38,20260101,202601,2026-01-01,10,45,MINA,900.0,0.0
39,20260101,202601,2026-01-01,14,68,MINA,1150.0,0.0
40,20260101,202601,2026-01-01,14,69,MINA,1150.0,0.0
41,20260101,202601,2026-01-01,14,67,MINA,1150.0,0.0
42,20260101,202601,2026-01-01,15,73,MINA,900.0,0.0
43,20260101,202601,2026-01-01,15,72,MINA,835.0,0.0
44,20260101,202601,2026-01-01,15,71,MINA,900.0,0.0
45,20260101,202601,2026-01-01,15,70,MINA,900.0,0.0
46,20260101,202601,2026-01-01,20,89,MINA,1150.0,0.0
47,20260101,202601,2026-01-01,20,90,MINA,1150.0,0.0
48,20260101,202601,2026-01-01,20,87,MINA,1150.0,0.0
49,20250101,202501,2025-01-01,4,22,MINA,750.0,0.0
50,20250201,202502,2025-02-01,4,18,MINA,750.0,0.0
51,20250201,202502,2025-02-01,4,19,MINA,750.0,0.0
52,20250201,202502,2025-02-01,4,17,MINA,750.0,0.0
53,20250201,202502,2025-02-01,4,21,MINA,750.0,0.0
54,20250201,202502,2025-02-01,4,22,MINA,750.0,0.0
55,20250201,202502,2025-02-01,4,20,MINA,750.0,0.0
56,20250101,202501,2025-01-01,1,2,MINA,1100.0,0.0
57,20250101,202501,2025-01-01,1,3,MINA,1100.0,0.0
58,20250101,202501,2025-01-01,13,65,MINA,850.0,0.0
59,20250101,202501,2025-01-01,13,64,MINA,850.0,0.0
60,20250101,202501,2025-01-01,8,40,MINA,1050.0,0.0
61,20250101,202501,2025-01-01,8,43,MINA,1050.0,0.0
62,20250101,202501,2025-01-01,8,42,MINA,1050.0,0.0
63,20250101,202501,2025-01-01,8,41,MINA,1050.0,0.0
64,20250101,202501,2025-01-01,8,34,MINA,1050.0,0.0
65,20250101,202501,2025-01-01,11,52,SUPERFICIE,760.0,0.0
66,20250101,202501,2025-01-01,9,44,MINA,1050.0,0.0
67,20250101,202501,2025-01-01,16,74,SUPERFICIE,900.0,0.0
68,20250101,202501,2025-01-01,16,76,MINA,900.0,0.0
69,20250101,202501,2025-01-01,16,75,MINA,1000.0,0.0
70,20250101,202501,2025-01-01,16,77,MINA,1000.0,0.0
71,20250101,202501,2025-01-01,12,54,SUPERFICIE,800.0,0.0
72,20250101,202501,2025-01-01,12,53,SUPERFICIE,800.0,0.0
73,20250101,202501,2025-01-01,12,60,MINA,800.0,0.0
74,20250101,202501,2025-01-01,12,62,MINA,800.0,0.0
75,20250101,202501,2025-01-01,17,82,MINA,850.0,0.0
76,20250101,202501,2025-01-01,17,80,MINA,850.0,0.0
77,20250101,202501,2025-01-01,17,81,MINA,850.0,0.0
78,20250101,202501,2025-01-01,7,31,MINA,900.0,0.0
79,20250101,202501,2025-01-01,7,33,MINA,900.0,0.0
80,20250101,202501,2025-01-01,7,26,MINA,900.0,0.0
81,20250101,202501,2025-01-01,7,25,MINA,900.0,0.0
82,20250101,202501,2025-01-01,2,5,SUPERFICIE,900.0,0.0
83,20250101,202501,2025-01-01,2,8,MINA,900.0,0.0
84,20250101,202501,2025-01-01,2,9,MINA,900.0,0.0
85,20250101,202501,2025-01-01,2,4,SUPERFICIE,900.0,0.0
86,20250101,202501,2025-01-01,10,51,MINA,1600.0,0.0
87,20250101,202501,2025-01-01,10,48,SUPERFICIE,750.0,0.0
88,20250101,202501,2025-01-01,10,45,MINA,900.0,0.0
89,20250101,202501,2025-01-01,14,68,MINA,1150.0,0.0
90,20250101,202501,2025-01-01,14,69,MINA,1150.0,0.0
91,20250101,202501,2025-01-01,14,67,MINA,1150.0,0.0
92,20250101,202501,2025-01-01,15,73,MINA,900.0,0.0
93,20250101,202501,2025-01-01,15,72,MINA,835.0,0.0
94,20250101,202501,2025-01-01,15,71,MINA,900.0,0.0
95,20250101,202501,2025-01-01,15,70,MINA,900.0,0.0
96,20250101,202501,2025-01-01,20,89,MINA,1150.0,0.0
97,20250101,202501,2025-01-01,20,90,MINA,1150.0,0.0
98,20250101,202501,2025-01-01,20,87,MINA,1150.0,0.0
99,20250301,202503,2025-03-01,4,18,MINA,750.0,0.0
100,20250301,202503,2025-03-01,4,19,MINA,750.0,0.0
101,20250301,202503,2025-03-01,4,17,MINA,750.0,0.0
102,20250301,202503,2025-03-01,4,21,MINA,750.0,0.0
103,20250301,202503,2025-03-01,4,20,MINA,750.0,0.0
104,20250301,202503,2025-03-01,4,22,MINA,750.0,0.0
105,20250201,202502,2025-02-01,1,2,MINA,1100.0,0.0
106,20250201,202502,2025-02-01,1,3,MINA,1100.0,0.0
107,20250201,202502,2025-02-01,13,65,MINA,850.0,0.0
108,20250201,202502,2025-02-01,13,64,MINA,850.0,0.0
109,20250201,202502,2025-02-01,8,40,MINA,1050.0,0.0
110,20250201,202502,2025-02-01,8,43,MINA,1050.0,0.0
111,20250201,202502,2025-02-01,8,42,MINA,1050.0,0.0
112,20250201,202502,2025-02-01,8,41,MINA,1050.0,0.0
113,20250201,202502,2025-02-01,8,34,MINA,1050.0,0.0
114,20250201,202502,2025-02-01,11,52,SUPERFICIE,760.0,0.0
115,20250201,202502,2025-02-01,9,44,MINA,1050.0,0.0
116,20250201,202502,2025-02-01,16,76,MINA,900.0,0.0
117,20250201,202502,2025-02-01,16,75,MINA,1000.0,0.0
118,20250201,202502,2025-02-01,16,77,MINA,1000.0,0.0
119,20250201,202502,2025-02-01,12,54,SUPERFICIE,800.0,0.0
120,20250201,202502,2025-02-01,12,53,SUPERFICIE,800.0,0.0
121,20250201,202502,2025-02-01,12,60,MINA,800.0,0.0
122,20250201,202502,2025-02-01,12,62,MINA,800.0,0.0
123,20250201,202502,2025-02-01,17,82,MINA,850.0,0.0
124,20250201,202502,2025-02-01,17,80,MINA,850.0,0.0
125,20250201,202502,2025-02-01,17,81,MINA,850.0,0.0
126,20250201,202502,2025-02-01,7,31,MINA,900.0,0.0
127,20250201,202502,2025-02-01,7,33,MINA,900.0,0.0
128,20250201,202502,2025-02-01,7,26,MINA,900.0,0.0
129,20250201,202502,2025-02-01,7,25,MINA,900.0,0.0
130,20250201,202502,2025-02-01,2,5,SUPERFICIE,900.0,0.0
131,20250201,202502,2025-02-01,2,8,MINA,900.0,0.0
132,20250201,202502,2025-02-01,2,9,MINA,900.0,0.0
133,20250201,202502,2025-02-01,2,4,SUPERFICIE,900.0,0.0
134,20250201,202502,2025-02-01,10,51,MINA,1600.0,0.0
135,20250201,202502,2025-02-01,10,48,SUPERFICIE,750.0,0.0
136,20250201,202502,2025-02-01,10,45,MINA,900.0,0.0
137,20250201,202502,2025-02-01,14,68,MINA,1150.0,0.0
138,20250201,202502,2025-02-01,14,69,MINA,1150.0,0.0
139,20250201,202502,2025-02-01,14,67,MINA,1150.0,0.0
140,20250201,202502,2025-02-01,15,73,MINA,900.0,0.0
141,20250201,202502,2025-02-01,15,72,MINA,835.0,0.0
142,20250201,202502,2025-02-01,15,71,MINA,900.0,0.0
143,20250201,202502,2025-02-01,15,70,MINA,900.0,0.0
144,20250201,202502,2025-02-01,20,89,MINA,1150.0,0.0
145,20250201,202502,2025-02-01,20,90,MINA,1150.0,0.0
146,20250201,202502,2025-02-01,20,87,MINA,1150.0,0.0
147,20250401,202504,2025-04-01,4,18,MINA,750.0,0.0
148,20250401,202504,2025-04-01,4,19,MINA,750.0,0.0
149,20250401,202504,2025-04-01,4,17,MINA,750.0,0.0
150,20250401,202504,2025-04-01,4,15,MINA,750.0,0.0
151,20250401,202504,2025-04-01,4,21,MINA,750.0,0.0
152,20250401,202504,2025-04-01,4,22,MINA,750.0,0.0
153,20250301,202503,2025-03-01,1,2,MINA,1100.0,0.0
154,20250301,202503,2025-03-01,1,3,MINA,1100.0,0.0
155,20250301,202503,2025-03-01,13,65,MINA,850.0,0.0
156,20250301,202503,2025-03-01,13,64,MINA,850.0,0.0
157,20250301,202503,2025-03-01,8,40,MINA,1050.0,0.0
158,20250301,202503,2025-03-01,8,43,MINA,1050.0,0.0
159,20250301,202503,2025-03-01,8,42,MINA,1050.0,0.0
160,20250301,202503,2025-03-01,8,41,MINA,1050.0,0.0
161,20250301,202503,2025-03-01,8,34,MINA,1050.0,0.0
162,20250301,202503,2025-03-01,11,52,SUPERFICIE,760.0,0.0
163,20250301,202503,2025-03-01,9,44,MINA,1050.0,0.0
164,20250301,202503,2025-03-01,16,74,SUPERFICIE,900.0,0.0
165,20250301,202503,2025-03-01,16,76,MINA,900.0,0.0
166,20250301,202503,2025-03-01,16,75,MINA,1000.0,0.0
167,20250301,202503,2025-03-01,16,77,MINA,1000.0,0.0
168,20250301,202503,2025-03-01,12,54,SUPERFICIE,800.0,0.0
169,20250301,202503,2025-03-01,12,53,SUPERFICIE,800.0,0.0
170,20250301,202503,2025-03-01,12,60,MINA,800.0,0.0
171,20250301,202503,2025-03-01,12,62,MINA,800.0,0.0
172,20250301,202503,2025-03-01,17,82,MINA,850.0,0.0
173,20250301,202503,2025-03-01,17,80,MINA,850.0,0.0
174,20250301,202503,2025-03-01,17,81,MINA,850.0,0.0
175,20250301,202503,2025-03-01,7,31,MINA,900.0,0.0
176,20250301,202503,2025-03-01,7,33,MINA,900.0,0.0
177,20250301,202503,2025-03-01,7,26,MINA,900.0,0.0
178,20250301,202503,2025-03-01,7,25,MINA,900.0,0.0
179,20250301,202503,2025-03-01,2,5,SUPERFICIE,900.0,0.0
180,20250301,202503,2025-03-01,2,8,MINA,900.0,0.0
181,20250301,202503,2025-03-01,2,9,MINA,900.0,0.0
182,20250301,202503,2025-03-01,2,4,SUPERFICIE,900.0,0.0
183,20250301,202503,2025-03-01,10,51,MINA,1600.0,0.0
184,20250301,202503,2025-03-01,10,48,SUPERFICIE,750.0,0.0
185,20250301,202503,2025-03-01,10,45,MINA,900.0,0.0
186,20250301,202503,2025-03-01,14,68,MINA,1150.0,0.0
187,20250301,202503,2025-03-01,14,69,MINA,1150.0,0.0
188,20250301,202503,2025-03-01,14,67,MINA,1150.0,0.0
189,20250301,202503,2025-03-01,15,73,MINA,900.0,0.0
190,20250301,202503,2025-03-01,15,72,MINA,835.0,0.0
191,20250301,202503,2025-03-01,15,71,MINA,900.0,0.0
192,20250301,202503,2025-03-01,15,70,MINA,900.0,0.0
193,20250301,202503,2025-03-01,20,89,MINA,1150.0,0.0
194,20250301,202503,2025-03-01,20,90,MINA,1150.0,0.0
195,20250301,202503,2025-03-01,20,87,MINA,1150.0,0.0
196,20250501,202505,2025-05-01,4,18,MINA,750.0,0.0
197,20250501,202505,2025-05-01,4,19,MINA,750.0,0.0
198,20250501,202505,2025-05-01,4,17,MINA,750.0,0.0
199,20250501,202505,2025-05-01,4,15,MINA,750.0,0.0
200,20250501,202505,2025-05-01,4,21,MINA,750.0,0.0
201,20250501,202505,2025-05-01,4,22,MINA,750.0,0.0
202,20250401,202504,2025-04-01,1,2,MINA,1100.0,0.0
203,20250401,202504,2025-04-01,1,3,MINA,1100.0,0.0
204,20250401,202504,2025-04-01,13,65,MINA,850.0,0.0
205,20250401,202504,2025-04-01,13,64,MINA,850.0,0.0
206,20250401,202504,2025-04-01,8,40,MINA,1050.0,0.0
207,20250401,202504,2025-04-01,8,43,MINA,1050.0,0.0
208,20250401,202504,2025-04-01,8,42,MINA,1050.0,0.0
209,20250401,202504,2025-04-01,8,41,MINA,1050.0,0.0
210,20250401,202504,2025-04-01,8,34,MINA,1050.0,0.0
211,20250401,202504,2025-04-01,11,52,SUPERFICIE,760.0,0.0
212,20250401,202504,2025-04-01,9,44,MINA,1050.0,0.0
213,20250401,202504,2025-04-01,16,74,SUPERFICIE,900.0,0.0
214,20250401,202504,2025-04-01,16,76,MINA,900.0,0.0
215,20250401,202504,2025-04-01,16,75,MINA,1000.0,0.0
216,20250401,202504,2025-04-01,16,77,MINA,1000.0,0.0
217,20250401,202504,2025-04-01,12,54,SUPERFICIE,800.0,0.0
218,20250401,202504,2025-04-01,12,53,SUPERFICIE,800.0,0.0
219,20250401,202504,2025-04-01,12,60,MINA,800.0,0.0
220,20250401,202504,2025-04-01,12,62,MINA,800.0,0.0
221,20250401,202504,2025-04-01,17,82,MINA,850.0,0.0
222,20250401,202504,2025-04-01,17,80,MINA,850.0,0.0
223,20250401,202504,2025-04-01,17,81,MINA,850.0,0.0
224,20250401,202504,2025-04-01,7,31,MINA,900.0,0.0
225,20250401,202504,2025-04-01,7,33,MINA,900.0,0.0
226,20250401,202504,2025-04-01,7,26,MINA,900.0,0.0
227,20250401,202504,2025-04-01,7,25,MINA,900.0,0.0
228,20250401,202504,2025-04-01,2,5,SUPERFICIE,900.0,0.0
229,20250401,202504,2025-04-01,2,8,MINA,900.0,0.0
230,20250401,202504,2025-04-01,2,9,MINA,900.0,0.0
231,20250401,202504,2025-04-01,2,4,SUPERFICIE,900.0,0.0
232,20250401,202504,2025-04-01,10,51,MINA,1600.0,0.0
233,20250401,202504,2025-04-01,10,48,SUPERFICIE,750.0,0.0
234,20250401,202504,2025-04-01,10,45,MINA,900.0,0.0
235,20250401,202504,2025-04-01,14,68,MINA,1150.0,0.0
236,20250401,202504,2025-04-01,14,69,MINA,1150.0,0.0
237,20250401,202504,2025-04-01,14,67,MINA,1150.0,0.0
238,20250401,202504,2025-04-01,15,73,MINA,900.0,0.0
239,20250401,202504,2025-04-01,15,72,MINA,835.0,0.0
240,20250401,202504,2025-04-01,15,71,MINA,900.0,0.0
241,20250401,202504,2025-04-01,15,70,MINA,900.0,0.0
242,20250401,202504,2025-04-01,20,89,MINA,1150.0,0.0
243,20250401,202504,2025-04-01,20,90,MINA,1150.0,0.0
244,20250401,202504,2025-04-01,20,87,MINA,1150.0,0.0
245,20250601,202506,2025-06-01,4,18,MINA,750.0,0.0
246,20250601,202506,2025-06-01,4,19,MINA,750.0,0.0
247,20250601,202506,2025-06-01,4,17,MINA,750.0,0.0
248,20250601,202506,2025-06-01,4,15,MINA,750.0,0.0
249,20250601,202506,2025-06-01,4,21,MINA,750.0,0.0
250,20250501,202505,2025-05-01,1,2,MINA,1100.0,0.0
251,20250501,202505,2025-05-01,1,3,MINA,1100.0,0.0
252,20250501,202505,2025-05-01,13,65,MINA,850.0,0.0
253,20250501,202505,2025-05-01,13,64,MINA,850.0,0.0
254,20250501,202505,2025-05-01,8,40,MINA,1050.0,0.0
255,20250501,202505,2025-05-01,8,43,MINA,1050.0,0.0
256,20250501,202505,2025-05-01,8,42,MINA,1050.0,0.0
257,20250501,202505,2025-05-01,8,41,MINA,1050.0,0.0
258,20250501,202505,2025-05-01,8,34,MINA,1050.0,0.0
259,20250501,202505,2025-05-01,11,52,SUPERFICIE,760.0,0.0
260,20250501,202505,2025-05-01,9,44,MINA,1050.0,0.0
261,20250501,202505,2025-05-01,16,74,SUPERFICIE,900.0,0.0
262,20250501,202505,2025-05-01,16,76,MINA,900.0,0.0
263,20250501,202505,2025-05-01,16,75,MINA,1000.0,0.0
264,20250501,202505,2025-05-01,16,77,MINA,1000.0,0.0
265,20250501,202505,2025-05-01,12,54,SUPERFICIE,800.0,0.0
266,20250501,202505,2025-05-01,12,53,SUPERFICIE,800.0,0.0
267,20250501,202505,2025-05-01,12,60,MINA,800.0,0.0
268,20250501,202505,2025-05-01,12,62,MINA,800.0,0.0
269,20250501,202505,2025-05-01,17,82,MINA,850.0,0.0
270,20250501,202505,2025-05-01,17,80,MINA,850.0,0.0
271,20250501,202505,2025-05-01,17,81,MINA,850.0,0.0
272,20250501,202505,2025-05-01,7,31,MINA,900.0,0.0
273,20250501,202505,2025-05-01,7,33,MINA,900.0,0.0
274,20250501,202505,2025-05-01,7,26,MINA,900.0,0.0
275,20250501,202505,2025-05-01,7,25,MINA,900.0,0.0
276,20250501,202505,2025-05-01,2,5,SUPERFICIE,900.0,0.0
277,20250501,202505,2025-05-01,2,8,MINA,900.0,0.0
278,20250501,202505,2025-05-01,2,9,MINA,900.0,0.0
279,20250501,202505,2025-05-01,2,4,SUPERFICIE,900.0,0.0
280,20250501,202505,2025-05-01,10,51,MINA,1600.0,0.0
281,20250501,202505,2025-05-01,10,48,SUPERFICIE,750.0,0.0
282,20250501,202505,2025-05-01,10,45,MINA,900.0,0.0
283,20250501,202505,2025-05-01,14,68,MINA,1150.0,0.0
284,20250501,202505,2025-05-01,14,69,MINA,1150.0,0.0
285,20250501,202505,2025-05-01,14,67,MINA,1150.0,0.0
286,20250501,202505,2025-05-01,15,73,MINA,900.0,0.0
287,20250501,202505,2025-05-01,15,72,MINA,835.0,0.0
288,20250501,202505,2025-05-01,15,71,MINA,900.0,0.0
289,20250501,202505,2025-05-01,15,70,MINA,900.0,0.0
290,20250501,202505,2025-05-01,20,89,MINA,1150.0,0.0
291,20250501,202505,2025-05-01,20,90,MINA,1150.0,0.0
292,20250501,202505,2025-05-01,20,87,MINA,1150.0,0.0
293,20250701,202507,2025-07-01,4,18,MINA,750.0,0.0
294,20250701,202507,2025-07-01,4,19,MINA,750.0,0.0
295,20250701,202507,2025-07-01,4,17,MINA,750.0,0.0
296,20250701,202507,2025-07-01,4,15,MINA,750.0,0.0
297,20250701,202507,2025-07-01,4,21,MINA,750.0,0.0
298,20250601,202506,2025-06-01,1,2,MINA,1100.0,0.0
299,20250601,202506,2025-06-01,1,3,MINA,1100.0,0.0
300,20250601,202506,2025-06-01,13,65,MINA,850.0,0.0
301,20250601,202506,2025-06-01,13,64,MINA,850.0,0.0
302,20250601,202506,2025-06-01,8,40,MINA,1050.0,0.0
303,20250601,202506,2025-06-01,8,43,MINA,1050.0,0.0
304,20250601,202506,2025-06-01,8,42,MINA,1050.0,0.0
305,20250601,202506,2025-06-01,8,41,MINA,1050.0,0.0
306,20250601,202506,2025-06-01,8,34,MINA,1050.0,0.0
307,20250601,202506,2025-06-01,11,52,SUPERFICIE,760.0,0.0
308,20250601,202506,2025-06-01,9,44,MINA,1050.0,0.0
309,20250601,202506,2025-06-01,16,74,SUPERFICIE,900.0,0.0
310,20250601,202506,2025-06-01,16,76,MINA,900.0,0.0
311,20250601,202506,2025-06-01,16,75,MINA,1000.0,0.0
312,20250601,202506,2025-06-01,16,77,MINA,1000.0,0.0
313,20250601,202506,2025-06-01,12,54,SUPERFICIE,800.0,0.0
314,20250601,202506,2025-06-01,12,53,SUPERFICIE,800.0,0.0
315,20250601,202506,2025-06-01,12,60,MINA,800.0,0.0
316,20250601,202506,2025-06-01,12,62,MINA,800.0,0.0
317,20250601,202506,2025-06-01,17,82,MINA,850.0,0.0
318,20250601,202506,2025-06-01,17,80,MINA,850.0,0.0
319,20250601,202506,2025-06-01,17,81,MINA,850.0,0.0
320,20250601,202506,2025-06-01,7,31,MINA,900.0,0.0
321,20250601,202506,2025-06-01,7,33,MINA,900.0,0.0
322,20250601,202506,2025-06-01,7,26,MINA,900.0,0.0
323,20250601,202506,2025-06-01,7,25,MINA,900.0,0.0
324,20250601,202506,2025-06-01,2,5,SUPERFICIE,900.0,0.0
325,20250601,202506,2025-06-01,2,8,MINA,900.0,0.0
326,20250601,202506,2025-06-01,2,9,MINA,900.0,0.0
327,20250601,202506,2025-06-01,2,4,SUPERFICIE,900.0,0.0
328,20250601,202506,2025-06-01,10,51,MINA,1600.0,0.0
329,20250601,202506,2025-06-01,10,48,SUPERFICIE,750.0,0.0
330,20250601,202506,2025-06-01,10,45,MINA,900.0,0.0
331,20250601,202506,2025-06-01,14,68,MINA,1150.0,0.0
332,20250601,202506,2025-06-01,14,69,MINA,1150.0,0.0
333,20250601,202506,2025-06-01,14,67,MINA,1150.0,0.0
334,20250601,202506,2025-06-01,15,73,MINA,900.0,0.0
335,20250601,202506,2025-06-01,15,72,MINA,835.0,0.0
336,20250601,202506,2025-06-01,15,71,MINA,900.0,0.0
337,20250601,202506,2025-06-01,15,70,MINA,900.0,0.0
338,20250601,202506,2025-06-01,20,89,MINA,1150.0,0.0
339,20250601,202506,2025-06-01,20,90,MINA,1150.0,0.0
340,20250601,202506,2025-06-01,20,87,MINA,1150.0,0.0
341,20250801,202508,2025-08-01,4,18,MINA,750.0,0.0
342,20250801,202508,2025-08-01,4,19,MINA,750.0,0.0
343,20250801,202508,2025-08-01,4,17,MINA,750.0,0.0
344,20250801,202508,2025-08-01,4,15,MINA,750.0,0.0
345,20250801,202508,2025-08-01,4,21,MINA,750.0,0.0
346,20250701,202507,2025-07-01,1,2,MINA,1100.0,0.0
347,20250701,202507,2025-07-01,1,3,MINA,1100.0,0.0
348,20250701,202507,2025-07-01,13,65,MINA,850.0,0.0
349,20250701,202507,2025-07-01,13,64,MINA,850.0,0.0
350,20250701,202507,2025-07-01,8,40,MINA,1050.0,0.0
351,20250701,202507,2025-07-01,8,43,MINA,1050.0,0.0
352,20250701,202507,2025-07-01,8,42,MINA,1050.0,0.0
353,20250701,202507,2025-07-01,8,41,MINA,1050.0,0.0
354,20250701,202507,2025-07-01,8,34,MINA,1050.0,0.0
355,20250701,202507,2025-07-01,11,52,SUPERFICIE,760.0,0.0
356,20250701,202507,2025-07-01,9,44,MINA,1050.0,0.0
357,20250701,202507,2025-07-01,16,74,SUPERFICIE,900.0,0.0
358,20250701,202507,2025-07-01,16,76,MINA,900.0,0.0
359,20250701,202507,2025-07-01,16,75,MINA,1000.0,0.0
360,20250701,202507,2025-07-01,16,77,MINA,1000.0,0.0
361,20250701,202507,2025-07-01,12,54,SUPERFICIE,800.0,0.0
362,20250701,202507,2025-07-01,12,53,SUPERFICIE,800.0,0.0
363,20250701,202507,2025-07-01,12,60,MINA,800.0,0.0
364,20250701,202507,2025-07-01,12,62,MINA,800.0,0.0
365,20250701,202507,2025-07-01,17,82,MINA,850.0,0.0
366,20250701,202507,2025-07-01,17,80,MINA,850.0,0.0
367,20250701,202507,2025-07-01,17,81,MINA,850.0,0.0
368,20250701,202507,2025-07-01,7,31,MINA,900.0,0.0
369,20250701,202507,2025-07-01,7,33,MINA,900.0,0.0
370,20250701,202507,2025-07-01,7,26,MINA,900.0,0.0
371,20250701,202507,2025-07-01,7,25,MINA,900.0,0.0
372,20250701,202507,2025-07-01,2,5,SUPERFICIE,900.0,0.0
373,20250701,202507,2025-07-01,2,8,MINA,900.0,0.0
374,20250701,202507,2025-07-01,2,9,MINA,900.0,0.0
375,20250701,202507,2025-07-01,2,4,SUPERFICIE,900.0,0.0
376,20250701,202507,2025-07-01,10,51,MINA,1600.0,0.0
377,20250701,202507,2025-07-01,10,48,SUPERFICIE,750.0,0.0
378,20250701,202507,2025-07-01,10,45,MINA,900.0,0.0
379,20250701,202507,2025-07-01,14,68,MINA,1150.0,0.0
380,20250701,202507,2025-07-01,14,69,MINA,1150.0,0.0
381,20250701,202507,2025-07-01,14,67,MINA,1150.0,0.0
382,20250701,202507,2025-07-01,15,73,MINA,900.0,0.0
383,20250701,202507,2025-07-01,15,72,MINA,835.0,0.0
384,20250701,202507,2025-07-01,15,71,MINA,900.0,0.0
385,20250701,202507,2025-07-01,15,70,MINA,900.0,0.0
386,20250701,202507,2025-07-01,20,89,MINA,1150.0,0.0
387,20250701,202507,2025-07-01,20,90,MINA,1150.0,0.0
388,20250701,202507,2025-07-01,20,87,MINA,1150.0,0.0
389,20250901,202509,2025-09-01,4,18,MINA,750.0,0.0
390,20250901,202509,2025-09-01,4,19,MINA,750.0,0.0
391,20250901,202509,2025-09-01,4,17,MINA,750.0,0.0
392,20250901,202509,2025-09-01,4,15,MINA,750.0,0.0
393,20250901,202509,2025-09-01,4,21,MINA,750.0,0.0
394,20250801,202508,2025-08-01,1,2,MINA,1100.0,0.0
395,20250801,202508,2025-08-01,1,3,MINA,1100.0,0.0
396,20250801,202508,2025-08-01,13,65,MINA,850.0,0.0
397,20250801,202508,2025-08-01,13,64,MINA,850.0,0.0
398,20250801,202508,2025-08-01,8,40,MINA,1050.0,0.0
399,20250801,202508,2025-08-01,8,43,MINA,1050.0,0.0
400,20250801,202508,2025-08-01,8,42,MINA,1050.0,0.0
401,20250801,202508,2025-08-01,8,41,MINA,1050.0,0.0
402,20250801,202508,2025-08-01,8,34,MINA,1050.0,0.0
403,20250801,202508,2025-08-01,11,52,SUPERFICIE,760.0,0.0
404,20250801,202508,2025-08-01,9,44,MINA,1050.0,0.0
405,20250801,202508,2025-08-01,16,74,SUPERFICIE,900.0,0.0
406,20250801,202508,2025-08-01,16,76,MINA,900.0,0.0
407,20250801,202508,2025-08-01,16,75,MINA,1000.0,0.0
408,20250801,202508,2025-08-01,16,77,MINA,1000.0,0.0
409,20250801,202508,2025-08-01,12,54,SUPERFICIE,800.0,0.0
410,20250801,202508,2025-08-01,12,53,SUPERFICIE,800.0,0.0
411,20250801,202508,2025-08-01,12,60,MINA,800.0,0.0
412,20250801,202508,2025-08-01,12,62,MINA,800.0,0.0
413,20250801,202508,2025-08-01,17,82,MINA,850.0,0.0
414,20250801,202508,2025-08-01,17,80,MINA,850.0,0.0
415,20250801,202508,2025-08-01,17,81,MINA,850.0,0.0
416,20250801,202508,2025-08-01,7,31,MINA,900.0,0.0
417,20250801,202508,2025-08-01,7,33,MINA,900.0,0.0
418,20250801,202508,2025-08-01,7,26,MINA,900.0,0.0
419,20250801,202508,2025-08-01,7,25,MINA,900.0,0.0
420,20250801,202508,2025-08-01,2,5,SUPERFICIE,900.0,0.0
421,20250801,202508,2025-08-01,2,8,MINA,900.0,0.0
422,20250801,202508,2025-08-01,2,9,MINA,900.0,0.0
423,20250801,202508,2025-08-01,2,4,SUPERFICIE,900.0,0.0
424,20250801,202508,2025-08-01,10,51,MINA,1600.0,0.0
425,20250801,202508,2025-08-01,10,48,SUPERFICIE,750.0,0.0
426,20250801,202508,2025-08-01,10,45,MINA,900.0,0.0
427,20250801,202508,2025-08-01,14,68,MINA,1150.0,0.0
428,20250801,202508,2025-08-01,14,69,MINA,1150.0,0.0
429,20250801,202508,2025-08-01,14,67,MINA,1150.0,0.0
430,20250801,202508,2025-08-01,15,73,MINA,900.0,0.0
431,20250801,202508,2025-08-01,15,72,MINA,835.0,0.0
432,20250801,202508,2025-08-01,15,71,MINA,900.0,0.0
433,20250801,202508,2025-08-01,15,70,MINA,900.0,0.0
434,20250801,202508,2025-08-01,20,89,MINA,1150.0,0.0
435,20250801,202508,2025-08-01,20,90,MINA,1150.0,0.0
436,20250801,202508,2025-08-01,20,87,MINA,1150.0,0.0
437,20251001,202510,2025-10-01,4,18,MINA,750.0,0.0
438,20251001,202510,2025-10-01,4,19,MINA,750.0,0.0
439,20251001,202510,2025-10-01,4,17,MINA,750.0,0.0
440,20251001,202510,2025-10-01,4,15,MINA,750.0,0.0
441,20251001,202510,2025-10-01,4,21,MINA,750.0,0.0
442,20250901,202509,2025-09-01,1,2,MINA,1100.0,0.0
443,20250901,202509,2025-09-01,1,3,MINA,1100.0,0.0
444,20250901,202509,2025-09-01,13,65,MINA,850.0,0.0
445,20250901,202509,2025-09-01,13,64,MINA,850.0,0.0
446,20250901,202509,2025-09-01,8,40,MINA,1050.0,0.0
447,20250901,202509,2025-09-01,8,43,MINA,1050.0,0.0
448,20250901,202509,2025-09-01,8,42,MINA,1050.0,0.0
449,20250901,202509,2025-09-01,8,41,MINA,1050.0,0.0
450,20250901,202509,2025-09-01,8,34,MINA,1050.0,0.0
451,20250901,202509,2025-09-01,11,52,SUPERFICIE,760.0,0.0
452,20250901,202509,2025-09-01,9,44,MINA,1050.0,0.0
453,20250901,202509,2025-09-01,16,74,SUPERFICIE,900.0,0.0
454,20250901,202509,2025-09-01,16,76,MINA,900.0,0.0
455,20250901,202509,2025-09-01,16,75,MINA,1000.0,0.0
456,20250901,202509,2025-09-01,16,77,MINA,1000.0,0.0
457,20250901,202509,2025-09-01,12,54,SUPERFICIE,800.0,0.0
458,20250901,202509,2025-09-01,12,53,SUPERFICIE,800.0,0.0
459,20250901,202509,2025-09-01,12,60,MINA,800.0,0.0
460,20250901,202509,2025-09-01,12,62,MINA,800.0,0.0
461,20250901,202509,2025-09-01,17,82,MINA,850.0,0.0
462,20250901,202509,2025-09-01,17,80,MINA,850.0,0.0
463,20250901,202509,2025-09-01,17,81,MINA,850.0,0.0
464,20250901,202509,2025-09-01,7,31,MINA,900.0,0.0
465,20250901,202509,2025-09-01,7,33,MINA,900.0,0.0
466,20250901,202509,2025-09-01,7,26,MINA,900.0,0.0
467,20250901,202509,2025-09-01,7,25,MINA,900.0,0.0
468,20250901,202509,2025-09-01,2,5,SUPERFICIE,900.0,0.0
469,20250901,202509,2025-09-01,2,8,MINA,900.0,0.0
470,20250901,202509,2025-09-01,2,9,MINA,900.0,0.0
471,20250901,202509,2025-09-01,2,4,SUPERFICIE,900.0,0.0
472,20250901,202509,2025-09-01,10,51,MINA,1600.0,0.0
473,20250901,202509,2025-09-01,10,48,SUPERFICIE,750.0,0.0
474,20250901,202509,2025-09-01,10,45,MINA,900.0,0.0
475,20250901,202509,2025-09-01,14,68,MINA,1150.0,0.0
476,20250901,202509,2025-09-01,14,69,MINA,1150.0,0.0
477,20250901,202509,2025-09-01,14,67,MINA,1150.0,0.0
478,20250901,202509,2025-09-01,15,73,MINA,900.0,0.0
479,20250901,202509,2025-09-01,15,72,MINA,835.0,0.0
480,20250901,202509,2025-09-01,15,71,MINA,900.0,0.0
481,20250901,202509,2025-09-01,15,70,MINA,900.0,0.0
482,20250901,202509,2025-09-01,20,89,MINA,1150.0,0.0
483,20250901,202509,2025-09-01,20,90,MINA,1150.0,0.0
484,20250901,202509,2025-09-01,20,87,MINA,1150.0,0.0
485,20251101,202511,2025-11-01,4,18,MINA,750.0,0.0
486,20251101,202511,2025-11-01,4,19,MINA,750.0,0.0
487,20251101,202511,2025-11-01,4,17,MINA,750.0,0.0
488,20251101,202511,2025-11-01,4,15,MINA,750.0,0.0
489,20251101,202511,2025-11-01,4,21,MINA,750.0,0.0
490,20251001,202510,2025-10-01,1,2,MINA,1100.0,0.0
491,20251001,202510,2025-10-01,1,3,MINA,1100.0,0.0
492,20251001,202510,2025-10-01,13,65,MINA,850.0,0.0
493,20251001,202510,2025-10-01,13,64,MINA,850.0,0.0
494,20251001,202510,2025-10-01,8,40,MINA,1050.0,0.0
495,20251001,202510,2025-10-01,8,43,MINA,1050.0,0.0
496,20251001,202510,2025-10-01,8,42,MINA,1050.0,0.0
497,20251001,202510,2025-10-01,8,41,MINA,1050.0,0.0
498,20251001,202510,2025-10-01,8,34,MINA,1050.0,0.0
499,20251001,202510,2025-10-01,11,52,SUPERFICIE,760.0,0.0
500,20251001,202510,2025-10-01,9,44,MINA,1050.0,0.0
501,20251001,202510,2025-10-01,16,74,SUPERFICIE,900.0,0.0
502,20251001,202510,2025-10-01,16,76,MINA,900.0,0.0
503,20251001,202510,2025-10-01,16,75,MINA,1000.0,0.0
504,20251001,202510,2025-10-01,16,77,MINA,1000.0,0.0
505,20251001,202510,2025-10-01,12,54,SUPERFICIE,800.0,0.0
506,20251001,202510,2025-10-01,12,53,SUPERFICIE,800.0,0.0
507,20251001,202510,2025-10-01,12,60,MINA,800.0,0.0
508,20251001,202510,2025-10-01,12,62,MINA,800.0,0.0
509,20251001,202510,2025-10-01,17,82,MINA,850.0,0.0
510,20251001,202510,2025-10-01,17,80,MINA,850.0,0.0
511,20251001,202510,2025-10-01,17,81,MINA,850.0,0.0
512,20251001,202510,2025-10-01,7,31,MINA,900.0,0.0
513,20251001,202510,2025-10-01,7,33,MINA,900.0,0.0
514,20251001,202510,2025-10-01,7,26,MINA,900.0,0.0
515,20251001,202510,2025-10-01,7,25,MINA,900.0,0.0
516,20251001,202510,2025-10-01,2,5,SUPERFICIE,900.0,0.0
517,20251001,202510,2025-10-01,2,8,MINA,900.0,0.0
518,20251001,202510,2025-10-01,2,9,MINA,900.0,0.0
519,20251001,202510,2025-10-01,2,4,SUPERFICIE,900.0,0.0
520,20251001,202510,2025-10-01,10,51,MINA,1600.0,0.0
521,20251001,202510,2025-10-01,10,48,SUPERFICIE,750.0,0.0
522,20251001,202510,2025-10-01,10,45,MINA,900.0,0.0
523,20251001,202510,2025-10-01,14,68,MINA,1150.0,0.0
524,20251001,202510,2025-10-01,14,69,MINA,1150.0,0.0
525,20251001,202510,2025-10-01,14,67,MINA,1150.0,0.0
526,20251001,202510,2025-10-01,15,73,MINA,900.0,0.0
527,20251001,202510,2025-10-01,15,72,MINA,835.0,0.0
528,20251001,202510,2025-10-01,15,71,MINA,900.0,0.0
529,20251001,202510,2025-10-01,15,70,MINA,900.0,0.0
530,20251001,202510,2025-10-01,20,89,MINA,1150.0,0.0
531,20251001,202510,2025-10-01,20,90,MINA,1150.0,0.0
532,20251001,202510,2025-10-01,20,87,MINA,1150.0,0.0
533,20251101,202511,2025-11-01,1,2,MINA,1100.0,0.0
534,20251101,202511,2025-11-01,1,3,MINA,1100.0,0.0
535,20251101,202511,2025-11-01,13,65,MINA,850.0,0.0
536,20251101,202511,2025-11-01,13,64,MINA,850.0,0.0
537,20251101,202511,2025-11-01,8,40,MINA,1050.0,0.0
538,20251101,202511,2025-11-01,8,43,MINA,1050.0,0.0
539,20251101,202511,2025-11-01,8,42,MINA,1050.0,0.0
540,20251101,202511,2025-11-01,8,41,MINA,1050.0,0.0
541,20251101,202511,2025-11-01,8,34,MINA,1050.0,0.0
542,20251101,202511,2025-11-01,11,52,SUPERFICIE,760.0,0.0
543,20251101,202511,2025-11-01,9,44,MINA,1050.0,0.0
544,20251101,202511,2025-11-01,16,74,SUPERFICIE,900.0,0.0
545,20251101,202511,2025-11-01,16,76,MINA,900.0,0.0
546,20251101,202511,2025-11-01,16,75,MINA,1000.0,0.0
547,20251101,202511,2025-11-01,16,77,MINA,1000.0,0.0
548,20251101,202511,2025-11-01,12,54,SUPERFICIE,800.0,0.0
549,20251101,202511,2025-11-01,12,53,SUPERFICIE,800.0,0.0
550,20251101,202511,2025-11-01,12,60,MINA,800.0,0.0
551,20251101,202511,2025-11-01,12,62,MINA,800.0,0.0
552,20251101,202511,2025-11-01,17,82,MINA,850.0,0.0
553,20251101,202511,2025-11-01,17,80,MINA,850.0,0.0
554,20251101,202511,2025-11-01,17,81,MINA,850.0,0.0
555,20251101,202511,2025-11-01,7,27,MINA,900.0,0.0
556,20251101,202511,2025-11-01,7,31,MINA,900.0,0.0
557,20251101,202511,2025-11-01,7,33,MINA,900.0,0.0
558,20251101,202511,2025-11-01,7,26,MINA,900.0,0.0
559,20251101,202511,2025-11-01,7,25,MINA,900.0,0.0
560,20251101,202511,2025-11-01,2,5,SUPERFICIE,900.0,0.0
561,20251101,202511,2025-11-01,2,8,MINA,900.0,0.0
562,20251101,202511,2025-11-01,2,9,MINA,900.0,0.0
563,20251101,202511,2025-11-01,2,4,SUPERFICIE,900.0,0.0
564,20251101,202511,2025-11-01,10,51,MINA,1600.0,0.0
565,20251101,202511,2025-11-01,10,48,SUPERFICIE,750.0,0.0
566,20251101,202511,2025-11-01,10,45,MINA,900.0,0.0
567,20251101,202511,2025-11-01,14,68,MINA,1150.0,0.0
568,20251101,202511,2025-11-01,14,69,MINA,1150.0,0.0
569,20251101,202511,2025-11-01,14,67,MINA,1150.0,0.0
570,20251101,202511,2025-11-01,15,73,MINA,900.0,0.0
571,20251101,202511,2025-11-01,15,72,MINA,835.0,0.0
572,20251101,202511,2025-11-01,15,71,MINA,900.0,0.0
573,20251101,202511,2025-11-01,15,70,MINA,900.0,0.0
574,20251101,202511,2025-11-01,20,89,MINA,1150.0,0.0
575,20251101,202511,2025-11-01,20,90,MINA,1150.0,0.0
576,20251101,202511,2025-11-01,20,87,MINA,1150.0,0.0
577,20251201,202512,2025-12-01,1,2,MINA,1100.0,0.0
578,20251201,202512,2025-12-01,1,3,MINA,1100.0,0.0
579,20251201,202512,2025-12-01,13,65,MINA,850.0,0.0
580,20251201,202512,2025-12-01,13,64,MINA,850.0,0.0
581,20251201,202512,2025-12-01,8,40,MINA,1050.0,0.0
582,20251201,202512,2025-12-01,8,43,MINA,1050.0,0.0
583,20251201,202512,2025-12-01,8,42,MINA,1050.0,0.0
584,20251201,202512,2025-12-01,8,41,MINA,1050.0,0.0
585,20251201,202512,2025-12-01,8,34,MINA,1050.0,0.0
586,20251201,202512,2025-12-01,11,52,SUPERFICIE,760.0,0.0
587,20251201,202512,2025-12-01,9,44,MINA,1050.0,0.0
588,20251201,202512,2025-12-01,16,74,SUPERFICIE,900.0,0.0
589,20251201,202512,2025-12-01,16,76,MINA,900.0,0.0
590,20251201,202512,2025-12-01,16,75,MINA,1000.0,0.0
591,20251201,202512,2025-12-01,16,77,MINA,1000.0,0.0
592,20251201,202512,2025-12-01,12,54,SUPERFICIE,800.0,0.0
593,20251201,202512,2025-12-01,12,53,SUPERFICIE,800.0,0.0
594,20251201,202512,2025-12-01,12,60,MINA,800.0,0.0
595,20251201,202512,2025-12-01,12,62,MINA,800.0,0.0
596,20251201,202512,2025-12-01,17,82,MINA,850.0,0.0
597,20251201,202512,2025-12-01,17,80,MINA,850.0,0.0
598,20251201,202512,2025-12-01,17,81,MINA,850.0,0.0
599,20251201,202512,2025-12-01,7,27,MINA,900.0,0.0
600,20251201,202512,2025-12-01,7,31,MINA,900.0,0.0
601,20251201,202512,2025-12-01,7,33,MINA,900.0,0.0
602,20251201,202512,2025-12-01,7,26,MINA,900.0,0.0
603,20251201,202512,2025-12-01,7,25,MINA,900.0,0.0
604,20251201,202512,2025-12-01,2,5,SUPERFICIE,900.0,0.0
605,20251201,202512,2025-12-01,2,8,MINA,900.0,0.0
606,20251201,202512,2025-12-01,2,9,MINA,900.0,0.0
607,20251201,202512,2025-12-01,2,4,SUPERFICIE,900.0,0.0
608,20251201,202512,2025-12-01,10,51,MINA,1600.0,0.0
609,20251201,202512,2025-12-01,10,48,SUPERFICIE,750.0,0.0
610,20251201,202512,2025-12-01,10,45,MINA,900.0,0.0
611,20251201,202512,2025-12-01,14,68,MINA,1150.0,0.0
612,20251201,202512,2025-12-01,14,69,MINA,1150.0,0.0
613,20251201,202512,2025-12-01,14,67,MINA,1150.0,0.0
614,20251201,202512,2025-12-01,15,73,MINA,900.0,0.0
615,20251201,202512,2025-12-01,15,72,MINA,835.0,0.0
616,20251201,202512,2025-12-01,15,71,MINA,900.0,0.0
617,20251201,202512,2025-12-01,15,70,MINA,900.0,0.0
618,20251201,202512,2025-12-01,20,89,MINA,1150.0,0.0
619,20251201,202512,2025-12-01,20,90,MINA,1150.0,0.0
620,20251201,202512,2025-12-01,20,87,MINA,1150.0,0.0
621,20260101,202601,2026-01-01,4,18,MINA,750.0,0.0
622,20260101,202601,2026-01-01,4,19,MINA,750.0,0.0
623,20260101,202601,2026-01-01,4,14,MINA,750.0,0.0
624,20260101,202601,2026-01-01,4,21,MINA,750.0,0.0
625,20260101,202601,2026-01-01,4,15,MINA,750.0,0.0
626,20260201,202602,2026-02-01,1,2,MINA,1100.0,0.0
627,20260201,202602,2026-02-01,1,3,MINA,1100.0,0.0
628,20260201,202602,2026-02-01,13,65,MINA,850.0,0.0
629,20260201,202602,2026-02-01,13,66,MINA,850.0,0.0
630,20260201,202602,2026-02-01,8,40,MINA,1050.0,0.0
631,20260201,202602,2026-02-01,8,43,MINA,1050.0,0.0
632,20260201,202602,2026-02-01,8,42,MINA,1050.0,0.0
633,20260201,202602,2026-02-01,8,41,MINA,1050.0,0.0
634,20260201,202602,2026-02-01,8,34,MINA,1050.0,0.0
635,20260201,202602,2026-02-01,11,52,SUPERFICIE,760.0,0.0
636,20260201,202602,2026-02-01,9,44,MINA,1050.0,0.0
637,20260201,202602,2026-02-01,16,74,SUPERFICIE,900.0,0.0
638,20260201,202602,2026-02-01,16,76,MINA,900.0,0.0
639,20260201,202602,2026-02-01,16,75,MINA,1000.0,0.0
640,20260201,202602,2026-02-01,16,77,MINA,1000.0,0.0
641,20260201,202602,2026-02-01,12,54,SUPERFICIE,800.0,0.0
642,20260201,202602,2026-02-01,12,53,SUPERFICIE,800.0,0.0
643,20260201,202602,2026-02-01,12,60,MINA,800.0,0.0
644,20260201,202602,2026-02-01,12,62,MINA,800.0,0.0
645,20260201,202602,2026-02-01,17,82,MINA,850.0,0.0
646,20260201,202602,2026-02-01,17,80,MINA,850.0,0.0
647,20260201,202602,2026-02-01,17,81,MINA,850.0,0.0
648,20260201,202602,2026-02-01,7,27,MINA,900.0,0.0
649,20260201,202602,2026-02-01,7,31,MINA,900.0,0.0
650,20260201,202602,2026-02-01,7,32,MINA,900.0,0.0
651,20260201,202602,2026-02-01,7,33,MINA,900.0,0.0
652,20260201,202602,2026-02-01,7,26,MINA,900.0,0.0
653,20260201,202602,2026-02-01,7,25,MINA,900.0,0.0
654,20260201,202602,2026-02-01,2,5,SUPERFICIE,900.0,0.0
655,20260201,202602,2026-02-01,2,8,MINA,900.0,0.0
656,20260201,202602,2026-02-01,2,9,MINA,900.0,0.0
657,20260201,202602,2026-02-01,17,78,SUPERFICIE,900.0,0.0
658,20260201,202602,2026-02-01,10,51,MINA,1600.0,0.0
659,20260201,202602,2026-02-01,10,48,SUPERFICIE,750.0,0.0
660,20260201,202602,2026-02-01,10,46,MINA,900.0,0.0
661,20260201,202602,2026-02-01,14,68,MINA,1150.0,0.0
662,20260201,202602,2026-02-01,14,69,MINA,1150.0,0.0
663,20260201,202602,2026-02-01,14,67,MINA,1150.0,0.0
664,20260201,202602,2026-02-01,15,73,MINA,900.0,0.0
665,20260201,202602,2026-02-01,15,72,MINA,835.0,0.0
666,20260201,202602,2026-02-01,15,71,MINA,900.0,0.0
667,20260201,202602,2026-02-01,15,70,MINA,900.0,0.0
668,20260201,202602,2026-02-01,20,89,MINA,1150.0,0.0
669,20260201,202602,2026-02-01,20,90,MINA,1150.0,0.0
670,20260201,202602,2026-02-01,20,87,MINA,1150.0,0.0
671,20260201,202602,2026-02-01,4,18,MINA,750.0,0.0
672,20260201,202602,2026-02-01,4,19,MINA,750.0,0.0
673,20260201,202602,2026-02-01,4,14,MINA,750.0,0.0
674,20260201,202602,2026-02-01,4,21,MINA,750.0,0.0
675,20260201,202602,2026-02-01,4,15,MINA,750.0,0.0
676,20260301,202603,2026-03-01,1,2,MINA,1100.0,0.0
677,20260301,202603,2026-03-01,1,3,MINA,1100.0,0.0
678,20260301,202603,2026-03-01,13,65,MINA,850.0,0.0
679,20260301,202603,2026-03-01,13,66,MINA,850.0,0.0
680,20260301,202603,2026-03-01,8,40,MINA,1050.0,0.0
681,20260301,202603,2026-03-01,8,42,MINA,1050.0,0.0
682,20260301,202603,2026-03-01,8,41,MINA,385.0,0.0
683,20260301,202603,2026-03-01,8,34,MINA,1050.0,0.0
684,20260301,202603,2026-03-01,11,52,SUPERFICIE,760.0,0.0
685,20260301,202603,2026-03-01,9,44,MINA,1050.0,0.0
686,20260301,202603,2026-03-01,16,76,MINA,900.0,0.0
687,20260301,202603,2026-03-01,16,75,MINA,1000.0,0.0
688,20260301,202603,2026-03-01,12,54,SUPERFICIE,800.0,0.0
689,20260301,202603,2026-03-01,12,53,SUPERFICIE,800.0,0.0
690,20260301,202603,2026-03-01,12,60,MINA,800.0,0.0
691,20260301,202603,2026-03-01,12,62,MINA,800.0,0.0
692,20260301,202603,2026-03-01,17,82,MINA,850.0,0.0
693,20260301,202603,2026-03-01,17,80,MINA,850.0,0.0
694,20260301,202603,2026-03-01,17,81,MINA,850.0,0.0
695,20260301,202603,2026-03-01,7,27,MINA,900.0,0.0
696,20260301,202603,2026-03-01,7,31,MINA,900.0,0.0
697,20260301,202603,2026-03-01,7,32,MINA,900.0,0.0
698,20260301,202603,2026-03-01,7,26,MINA,900.0,0.0
699,20260301,202603,2026-03-01,7,25,MINA,900.0,0.0
700,20260301,202603,2026-03-01,2,5,SUPERFICIE,900.0,0.0
701,20260301,202603,2026-03-01,2,8,MINA,900.0,0.0
702,20260301,202603,2026-03-01,2,9,MINA,900.0,0.0
703,20260301,202603,2026-03-01,17,78,SUPERFICIE,850.0,0.0
704,20260301,202603,2026-03-01,10,51,MINA,1600.0,0.0
705,20260301,202603,2026-03-01,10,48,SUPERFICIE,750.0,0.0
706,20260301,202603,2026-03-01,10,46,MINA,900.0,0.0
707,20260301,202603,2026-03-01,14,68,MINA,1150.0,0.0
708,20260301,202603,2026-03-01,14,69,MINA,1150.0,0.0
709,20260301,202603,2026-03-01,14,67,MINA,1150.0,0.0
710,20260301,202603,2026-03-01,15,73,MINA,1100.0,0.0
711,20260301,202603,2026-03-01,15,72,MINA,1100.0,0.0
712,20260301,202603,2026-03-01,15,71,MINA,900.0,0.0
713,20260301,202603,2026-03-01,15,70,MINA,900.0,0.0
714,20260301,202603,2026-03-01,20,89,MINA,1150.0,0.0
715,20260301,202603,2026-03-01,20,90,MINA,1150.0,0.0
716,20260301,202603,2026-03-01,20,87,MINA,1150.0,0.0
717,20260301,202603,2026-03-01,4,19,MINA,750.0,0.0
718,20260301,202603,2026-03-01,4,14,MINA,750.0,0.0
719,20260301,202603,2026-03-01,4,21,MINA,750.0,0.0
720,20260301,202603,2026-03-01,4,15,MINA,750.0,0.0
721,20260301,202603,2026-03-01,4,18,MINA,750.0,0.0
722,20260301,202603,2026-03-01,19,85,MINA,840.0,0.0
723,20260401,202604,2026-04-01,1,2,MINA,1136.67,0.0
724,20260401,202604,2026-04-01,1,3,MINA,1136.67,0.0
725,20260401,202604,2026-04-01,14,68,MINA,930.0,0.0
726,20260401,202604,2026-04-01,14,69,MINA,930.0,0.0
727,20260401,202604,2026-04-01,14,67,MINA,930.0,0.0
728,20260401,202604,2026-04-01,20,89,MINA,1188.33,0.0
729,20260401,202604,2026-04-01,20,90,MINA,1188.33,0.0
730,20260401,202604,2026-04-01,20,87,MINA,1188.33,0.0
731,20260401,202604,2026-04-01,9,44,MINA,1085.0,0.0
732,20260401,202604,2026-04-01,11,52,SUPERFICIE,785.33,0.0
733,20260401,202604,2026-04-01,13,65,MINA,981.67,0.0
734,20260401,202604,2026-04-01,13,66,MINA,981.67,0.0
735,20260401,202604,2026-04-01,10,51,MINA,1173.33,0.0
736,20260401,202604,2026-04-01,10,46,MINA,930.0,0.0
737,20260401,202604,2026-04-01,10,48,SUPERFICIE,100.0,0.0
738,20260401,202604,2026-04-01,10,47,MINA,660.0,0.0
739,20260401,202604,2026-04-01,15,73,MINA,1033.33,0.0
740,20260401,202604,2026-04-01,15,72,MINA,1033.33,0.0
741,20260401,202604,2026-04-01,15,71,MINA,930.0,0.0
742,20260401,202604,2026-04-01,15,70,MINA,930.0,0.0
743,20260401,202604,2026-04-01,17,81,MINA,878.33,0.0
744,20260401,202604,2026-04-01,17,82,MINA,878.33,0.0
745,20260401,202604,2026-04-01,17,80,MINA,878.33,0.0
746,20260401,202604,2026-04-01,17,78,SUPERFICIE,878.33,0.0
747,20260401,202604,2026-04-01,7,31,MINA,60.0,0.0
748,20260401,202604,2026-04-01,7,32,MINA,930.0,0.0
749,20260401,202604,2026-04-01,7,26,MINA,930.0,0.0
750,20260401,202604,2026-04-01,7,33,MINA,870.0,0.0
751,20260401,202604,2026-04-01,7,27,MINA,930.0,0.0
752,20260401,202604,2026-04-01,7,25,MINA,930.0,0.0
753,20260401,202604,2026-04-01,2,8,MINA,930.0,0.0
754,20260401,202604,2026-04-01,2,9,MINA,930.0,0.0
755,20260401,202604,2026-04-01,2,5,SUPERFICIE,930.0,0.0
756,20260401,202604,2026-04-01,16,76,MINA,930.0,0.0
757,20260401,202604,2026-04-01,19,85,MINA,930.0,0.0
758,20260401,202604,2026-04-01,6,24,MINA,909.33,0.0
759,20260401,202604,2026-04-01,4,18,MINA,785.33,0.0
760,20260401,202604,2026-04-01,4,19,MINA,785.33,0.0
761,20260401,202604,2026-04-01,4,14,MINA,785.33,0.0
762,20260401,202604,2026-04-01,4,21,MINA,666.5,0.0
763,20260401,202604,2026-04-01,4,15,MINA,666.5,0.0
764,20260401,202604,2026-04-01,8,40,MINA,1085.0,0.0
765,20260401,202604,2026-04-01,8,34,MINA,1085.0,0.0
766,20260401,202604,2026-04-01,8,42,MINA,1085.0,0.0
767,20260401,202604,2026-04-01,8,35,MINA,665.0,0.0
768,20260401,202604,2026-04-01,12,62,MINA,780.17,0.0
769,20260401,202604,2026-04-01,12,60,MINA,780.17,0.0
770,20260401,202604,2026-04-01,12,56,MINA,604.0,0.0
771,20260401,202604,2026-04-01,12,55,MINA,553.67,0.0
772,20260401,202604,2026-04-01,12,59,MINA,201.33,0.0
773,20260501,202605,2026-05-01,1,2,MINA,1100.0,0.0
774,20260501,202605,2026-05-01,1,3,MINA,1100.0,0.0
775,20260501,202605,2026-05-01,14,68,MINA,900.0,0.0
776,20260501,202605,2026-05-01,14,69,MINA,900.0,0.0
777,20260501,202605,2026-05-01,14,67,MINA,900.0,0.0
778,20260501,202605,2026-05-01,20,89,MINA,1150.0,0.0
779,20260501,202605,2026-05-01,20,90,MINA,1150.0,0.0
780,20260501,202605,2026-05-01,20,87,MINA,1150.0,0.0
781,20260501,202605,2026-05-01,9,44,MINA,1050.0,0.0
782,20260501,202605,2026-05-01,11,52,SUPERFICIE,760.0,0.0
783,20260501,202605,2026-05-01,13,65,MINA,950.0,0.0
784,20260501,202605,2026-05-01,13,66,MINA,950.0,0.0
785,20260501,202605,2026-05-01,10,51,MINA,1120.0,0.0
786,20260501,202605,2026-05-01,10,46,MINA,900.0,0.0
787,20260501,202605,2026-05-01,10,48,SUPERFICIE,105.0,0.0
788,20260501,202605,2026-05-01,10,47,MINA,810.0,0.0
789,20260501,202605,2026-05-01,10,49,MINA,180.0,0.0
790,20260501,202605,2026-05-01,15,73,MINA,1000.0,0.0
791,20260501,202605,2026-05-01,15,72,MINA,1000.0,0.0
792,20260501,202605,2026-05-01,15,71,MINA,900.0,0.0
793,20260501,202605,2026-05-01,15,70,MINA,900.0,0.0
794,20260501,202605,2026-05-01,17,81,MINA,850.0,0.0
795,20260501,202605,2026-05-01,17,82,MINA,850.0,0.0
796,20260501,202605,2026-05-01,17,80,MINA,850.0,0.0
797,20260501,202605,2026-05-01,17,78,SUPERFICIE,850.0,0.0
798,20260501,202605,2026-05-01,7,32,MINA,900.0,0.0
799,20260501,202605,2026-05-01,7,26,MINA,900.0,0.0
800,20260501,202605,2026-05-01,7,33,MINA,900.0,0.0
801,20260501,202605,2026-05-01,7,27,MINA,900.0,0.0
802,20260501,202605,2026-05-01,7,25,MINA,450.0,0.0
803,20260501,202605,2026-05-01,2,8,MINA,900.0,0.0
804,20260501,202605,2026-05-01,2,9,MINA,900.0,0.0
805,20260501,202605,2026-05-01,2,5,SUPERFICIE,900.0,0.0
806,20260501,202605,2026-05-01,19,85,MINA,900.0,0.0
807,20260501,202605,2026-05-01,6,24,MINA,880.0,0.0
808,20260501,202605,2026-05-01,4,18,MINA,760.0,0.0
809,20260501,202605,2026-05-01,4,19,MINA,760.0,0.0
810,20260501,202605,2026-05-01,4,14,MINA,760.0,0.0
811,20260501,202605,2026-05-01,4,21,MINA,645.0,0.0
812,20260501,202605,2026-05-01,4,15,MINA,645.0,0.0
813,20260501,202605,2026-05-01,8,40,MINA,1050.0,0.0
814,20260501,202605,2026-05-01,8,34,MINA,1050.0,0.0
815,20260501,202605,2026-05-01,8,42,MINA,1050.0,0.0
816,20260501,202605,2026-05-01,8,35,MINA,1050.0,0.0
817,20260501,202605,2026-05-01,8,38,MINA,420.0,0.0
818,20260501,202605,2026-05-01,12,62,MINA,755.0,0.0
819,20260501,202605,2026-05-01,12,60,MINA,755.0,0.0
820,20260501,202605,2026-05-01,12,56,MINA,755.0,0.0
821,20260501,202605,2026-05-01,12,55,MINA,755.0,0.0
822,20260501,202605,2026-05-01,12,59,MINA,755.0,0.0
823,20260501,202605,2026-05-01,12,61,MINA,251.67,0.0
824,20260501,202605,2026-05-01,12,57,MINA,75.5,0.0
825,20260601,202606,2026-06-01,1,2,MINA,1100.0,0.0
826,20260601,202606,2026-06-01,1,3,MINA,1100.0,0.0
827,20260601,202606,2026-06-01,14,68,MINA,900.0,0.0
828,20260601,202606,2026-06-01,14,67,MINA,900.0,0.0
829,20260601,202606,2026-06-01,20,89,MINA,1150.0,0.0
830,20260601,202606,2026-06-01,20,90,MINA,1150.0,0.0
831,20260601,202606,2026-06-01,20,87,MINA,1150.0,0.0
832,20260601,202606,2026-06-01,9,44,MINA,1050.0,0.0
833,20260601,202606,2026-06-01,11,52,SUPERFICIE,760.0,0.0
834,20260601,202606,2026-06-01,13,65,MINA,950.0,0.0
835,20260601,202606,2026-06-01,13,66,MINA,950.0,0.0
836,20260601,202606,2026-06-01,10,51,MINA,1187.1,0.0
837,20260601,202606,2026-06-01,10,46,MINA,900.0,0.0
838,20260601,202606,2026-06-01,10,47,MINA,900.0,0.0
839,20260601,202606,2026-06-01,15,73,MINA,1000.0,0.0
840,20260601,202606,2026-06-01,15,72,MINA,1000.0,0.0
841,20260601,202606,2026-06-01,15,71,MINA,900.0,0.0
842,20260601,202606,2026-06-01,15,70,MINA,900.0,0.0
843,20260601,202606,2026-06-01,17,81,MINA,850.0,0.0
844,20260601,202606,2026-06-01,17,82,MINA,850.0,0.0
845,20260601,202606,2026-06-01,17,80,MINA,850.0,0.0
846,20260601,202606,2026-06-01,17,78,SUPERFICIE,850.0,0.0
847,20260601,202606,2026-06-01,7,32,MINA,900.0,0.0
848,20260601,202606,2026-06-01,7,26,MINA,900.0,0.0
849,20260601,202606,2026-06-01,7,33,MINA,900.0,0.0
850,20260601,202606,2026-06-01,7,27,MINA,900.0,0.0
851,20260601,202606,2026-06-01,7,25,MINA,174.19,0.0
852,20260601,202606,2026-06-01,2,8,MINA,900.0,0.0
853,20260601,202606,2026-06-01,2,9,MINA,900.0,0.0
854,20260601,202606,2026-06-01,2,5,SUPERFICIE,900.0,0.0
855,20260601,202606,2026-06-01,19,85,MINA,1000.0,0.0
856,20260601,202606,2026-06-01,6,24,MINA,880.0,0.0
857,20260601,202606,2026-06-01,4,18,MINA,760.0,0.0
858,20260601,202606,2026-06-01,4,19,MINA,760.0,0.0
859,20260601,202606,2026-06-01,4,14,MINA,760.0,0.0
860,20260601,202606,2026-06-01,4,21,MINA,645.0,0.0
861,20260601,202606,2026-06-01,4,15,MINA,645.0,0.0
862,20260601,202606,2026-06-01,8,40,MINA,1050.0,0.0
863,20260601,202606,2026-06-01,8,34,MINA,1050.0,0.0
864,20260601,202606,2026-06-01,8,42,MINA,1050.0,0.0
865,20260601,202606,2026-06-01,8,35,MINA,1050.0,0.0
866,20260601,202606,2026-06-01,8,37,MINA,1050.0,0.0
867,20260601,202606,2026-06-01,12,62,MINA,755.0,0.0
868,20260601,202606,2026-06-01,12,60,MINA,755.0,0.0
869,20260601,202606,2026-06-01,12,56,MINA,755.0,0.0
870,20260601,202606,2026-06-01,12,55,MINA,755.0,0.0
871,20260601,202606,2026-06-01,12,59,MINA,755.0,0.0
872,20260601,202606,2026-06-01,12,61,MINA,438.39,0.0
873,20260601,202606,2026-06-01,12,57,MINA,316.61,0.0
874,20260701,202607,2026-07-01,1,2,MINA,1150.0,0.0
875,20260701,202607,2026-07-01,1,3,MINA,1150.0,0.0
876,20260701,202607,2026-07-01,14,68,MINA,900.0,0.0
877,20260701,202607,2026-07-01,14,67,MINA,900.0,0.0
878,20260701,202607,2026-07-01,20,89,MINA,1150.0,0.0
879,20260701,202607,2026-07-01,20,90,MINA,1150.0,0.0
880,20260701,202607,2026-07-01,20,87,MINA,600.0,0.0
881,20260701,202607,2026-07-01,21,94,MINA,693.33,0.0
882,20260701,202607,2026-07-01,21,95,MINA,320.0,0.0
883,20260701,202607,2026-07-01,9,44,MINA,1050.0,0.0
884,20260701,202607,2026-07-01,11,52,SUPERFICIE,760.0,0.0
885,20260701,202607,2026-07-01,13,65,MINA,760.0,0.0
886,20260701,202607,2026-07-01,13,66,MINA,760.0,0.0
887,20260701,202607,2026-07-01,3,11,MINA,31.67,0.0
888,20260701,202607,2026-07-01,18,83,MINA,390.0,0.0
889,20260701,202607,2026-07-01,10,51,MINA,1120.0,0.0
890,20260701,202607,2026-07-01,10,46,MINA,900.0,0.0
891,20260701,202607,2026-07-01,10,47,MINA,900.0,0.0
892,20260701,202607,2026-07-01,10,50,MINA,660.0,0.0
893,20260701,202607,2026-07-01,15,73,MINA,1000.0,0.0
894,20260701,202607,2026-07-01,15,72,MINA,1000.0,0.0
895,20260701,202607,2026-07-01,15,71,MINA,900.0,0.0
896,20260701,202607,2026-07-01,15,70,MINA,900.0,0.0
897,20260701,202607,2026-07-01,17,81,MINA,885.0,0.0
898,20260701,202607,2026-07-01,17,82,MINA,885.0,0.0
899,20260701,202607,2026-07-01,17,80,MINA,885.0,0.0
900,20260701,202607,2026-07-01,17,78,SUPERFICIE,800.0,0.0
901,20260701,202607,2026-07-01,7,32,MINA,900.0,0.0
902,20260701,202607,2026-07-01,7,26,MINA,900.0,0.0
903,20260701,202607,2026-07-01,7,33,MINA,900.0,0.0
904,20260701,202607,2026-07-01,7,27,MINA,750.0,0.0
905,20260701,202607,2026-07-01,7,25,MINA,625.0,0.0
906,20260701,202607,2026-07-01,2,8,MINA,820.0,0.0
907,20260701,202607,2026-07-01,2,9,MINA,820.0,0.0
908,20260701,202607,2026-07-01,2,5,SUPERFICIE,800.0,0.0
909,20260701,202607,2026-07-01,19,85,MINA,980.0,0.0
910,20260701,202607,2026-07-01,6,24,MINA,880.0,0.0
911,20260701,202607,2026-07-01,4,18,MINA,760.0,0.0
912,20260701,202607,2026-07-01,4,19,MINA,760.0,0.0
913,20260701,202607,2026-07-01,4,14,MINA,760.0,0.0
914,20260701,202607,2026-07-01,4,21,MINA,645.0,0.0
915,20260701,202607,2026-07-01,4,15,MINA,645.0,0.0
916,20260701,202607,2026-07-01,8,40,MINA,1050.0,0.0
917,20260701,202607,2026-07-01,8,34,MINA,1050.0,0.0
918,20260701,202607,2026-07-01,8,42,MINA,1050.0,0.0
919,20260701,202607,2026-07-01,8,35,MINA,1050.0,0.0
920,20260701,202607,2026-07-01,8,37,MINA,1050.0,0.0
921,20260701,202607,2026-07-01,12,62,MINA,755.0,0.0
922,20260701,202607,2026-07-01,12,60,MINA,755.0,0.0
923,20260701,202607,2026-07-01,12,56,MINA,755.0,0.0
924,20260701,202607,2026-07-01,12,55,MINA,755.0,0.0
925,20260701,202607,2026-07-01,12,59,MINA,755.0,0.0
926,20260701,202607,2026-07-01,12,61,MINA,352.33,0.0
927,20260701,202607,2026-07-01,12,57,MINA,100.77,0.0
928,20260801,202608,2026-08-01,1,2,MINA,1188.33,0.0
929,20260801,202608,2026-08-01,1,3,MINA,1188.33,0.0
930,20260801,202608,2026-08-01,14,68,MINA,930.0,0.0
931,20260801,202608,2026-08-01,14,67,MINA,930.0,0.0
932,20260801,202608,2026-08-01,14,69,MINA,180.0,0.0
933,20260801,202608,2026-08-01,20,89,MINA,1188.33,0.0
934,20260801,202608,2026-08-01,20,88,MINA,1188.33,0.0
935,20260801,202608,2026-08-01,20,87,MINA,620.0,0.0
936,20260801,202608,2026-08-01,21,93,MINA,620.0,0.0
937,20260801,202608,2026-08-01,21,91,MINA,693.33,0.0
938,20260801,202608,2026-08-01,21,92,MINA,390.0,0.0
939,20260801,202608,2026-08-01,9,44,MINA,1085.0,0.0
940,20260801,202608,2026-08-01,11,52,SUPERFICIE,785.33,0.0
941,20260801,202608,2026-08-01,13,63,MINA,981.67,0.0
942,20260801,202608,2026-08-01,13,66,MINA,981.67,0.0
943,20260801,202608,2026-08-01,3,10,MINA,411.67,0.0
944,20260801,202608,2026-08-01,18,83,SUPERFICIE,930.0,0.0
945,20260801,202608,2026-08-01,18,84,MINA,981.67,0.0
946,20260801,202608,2026-08-01,10,51,MINA,1173.33,0.0
947,20260801,202608,2026-08-01,10,46,MINA,930.0,0.0
948,20260801,202608,2026-08-01,10,47,MINA,930.0,0.0
949,20260801,202608,2026-08-01,10,50,SUPERFICIE,840.0,0.0
950,20260801,202608,2026-08-01,15,73,MINA,1033.33,0.0
951,20260801,202608,2026-08-01,15,72,MINA,1033.33,0.0
952,20260801,202608,2026-08-01,15,71,MINA,930.0,0.0
953,20260801,202608,2026-08-01,15,70,MINA,930.0,0.0
954,20260801,202608,2026-08-01,17,81,MINA,885.0,0.0
955,20260801,202608,2026-08-01,17,82,MINA,295.0,0.0
956,20260801,202608,2026-08-01,17,80,MINA,885.0,0.0
957,20260801,202608,2026-08-01,17,78,SUPERFICIE,800.0,0.0
958,20260801,202608,2026-08-01,7,32,SUPERFICIE,930.0,0.0
959,20260801,202608,2026-08-01,7,26,MINA,930.0,0.0
960,20260801,202608,2026-08-01,7,33,MINA,930.0,0.0
961,20260801,202608,2026-08-01,7,28,MINA,240.0,0.0
962,20260801,202608,2026-08-01,7,27,MINA,775.0,0.0
963,20260801,202608,2026-08-01,7,25,MINA,775.0,0.0
964,20260801,202608,2026-08-01,2,8,MINA,820.0,0.0
965,20260801,202608,2026-08-01,2,7,MINA,820.0,0.0
966,20260801,202608,2026-08-01,2,5,SUPERFICIE,800.0,0.0
967,20260801,202608,2026-08-01,19,85,MINA,980.0,0.0
968,20260801,202608,2026-08-01,6,24,MINA,909.33,0.0
969,20260801,202608,2026-08-01,4,18,MINA,785.33,0.0
970,20260801,202608,2026-08-01,4,19,MINA,785.33,0.0
971,20260801,202608,2026-08-01,4,14,MINA,785.33,0.0
972,20260801,202608,2026-08-01,4,21,MINA,666.5,0.0
973,20260801,202608,2026-08-01,4,15,MINA,666.5,0.0
974,20260801,202608,2026-08-01,8,40,MINA,1085.0,0.0
975,20260801,202608,2026-08-01,8,34,SUPERFICIE,1085.0,0.0
976,20260801,202608,2026-08-01,8,42,MINA,1085.0,0.0
977,20260801,202608,2026-08-01,8,35,MINA,1085.0,0.0
978,20260801,202608,2026-08-01,8,37,MINA,1085.0,0.0
979,20260801,202608,2026-08-01,8,41,MINA,0.0,0.0
980,20260801,202608,2026-08-01,8,43,MINA,0.0,0.0
981,20260801,202608,2026-08-01,12,62,MINA,780.17,0.0
982,20260801,202608,2026-08-01,12,60,MINA,780.17,0.0
983,20260801,202608,2026-08-01,12,56,MINA,352.33,0.0
984,20260801,202608,2026-08-01,12,55,MINA,780.17,0.0
985,20260801,202608,2026-08-01,12,59,MINA,780.17,0.0
986,20260801,202608,2026-08-01,12,61,MINA,780.17,0.0
987,20260801,202608,2026-08-01,12,58,MINA,780.17,0.0
988,20260801,202608,2026-08-01,2,9,MINA,850.0,0.0
989,20260901,202609,2026-09-01,1,2,MINA,1188.33,0.0
990,20260901,202609,2026-09-01,1,3,MINA,1188.33,0.0
991,20260901,202609,2026-09-01,1,1,MINA,380.0,0.0
992,20260901,202609,2026-09-01,14,68,MINA,930.0,0.0
993,20260901,202609,2026-09-01,14,67,MINA,510.0,0.0
994,20260901,202609,2026-09-01,14,69,MINA,465.0,0.0
995,20260901,202609,2026-09-01,20,89,MINA,1188.33,0.0
996,20260901,202609,2026-09-01,20,88,MINA,1188.33,0.0
997,20260901,202609,2026-09-01,20,87,MINA,120.0,0.0
998,20260901,202609,2026-09-01,21,93,MINA,1343.33,0.0
999,20260901,202609,2026-09-01,21,91,MINA,620.0,0.0
1000,20260901,202609,2026-09-01,21,92,MINA,216.67,0.0
1001,20260901,202609,2026-09-01,9,44,MINA,1085.0,0.0
1002,20260901,202609,2026-09-01,11,52,MINA,785.33,0.0
1003,20260901,202609,2026-09-01,13,63,MINA,981.67,0.0
1004,20260901,202609,2026-09-01,13,66,MINA,981.67,0.0
1005,20260901,202609,2026-09-01,3,12,MINA,981.67,0.0
1006,20260901,202609,2026-09-01,3,13,MINA,480.0,0.0
1007,20260901,202609,2026-09-01,18,83,SUPERFICIE,930.0,0.0
1008,20260901,202609,2026-09-01,18,84,MINA,981.67,0.0
1009,20260901,202609,2026-09-01,10,51,MINA,1226.67,0.0
1010,20260901,202609,2026-09-01,10,46,MINA,930.0,0.0
1011,20260901,202609,2026-09-01,10,47,MINA,930.0,0.0
1012,20260901,202609,2026-09-01,10,50,MINA,930.0,0.0
1013,20260901,202609,2026-09-01,15,73,MINA,1033.33,0.0
1014,20260901,202609,2026-09-01,15,72,MINA,1033.33,0.0
1015,20260901,202609,2026-09-01,15,71,MINA,930.0,0.0
1016,20260901,202609,2026-09-01,15,70,MINA,930.0,0.0
1017,20260901,202609,2026-09-01,17,79,MINA,914.5,0.0
1018,20260901,202609,2026-09-01,17,82,MINA,914.5,0.0
1019,20260901,202609,2026-09-01,17,80,MINA,914.5,0.0
1020,20260901,202609,2026-09-01,17,78,SUPERFICIE,826.67,0.0
1021,20260901,202609,2026-09-01,7,32,MINA,930.0,0.0
1022,20260901,202609,2026-09-01,7,26,SUPERFICIE,930.0,0.0
1023,20260901,202609,2026-09-01,7,33,MINA,930.0,0.0
1024,20260901,202609,2026-09-01,7,28,MINA,930.0,0.0
1025,20260901,202609,2026-09-01,7,27,MINA,775.0,0.0
1026,20260901,202609,2026-09-01,7,25,SUPERFICIE,775.0,0.0
1027,20260901,202609,2026-09-01,7,30,MINA,225.0,0.0
1028,20260901,202609,2026-09-01,2,8,MINA,847.33,0.0
1029,20260901,202609,2026-09-01,2,7,MINA,847.33,0.0
1030,20260901,202609,2026-09-01,2,6,SUPERFICIE,826.67,0.0
1031,20260901,202609,2026-09-01,19,86,MINA,1012.67,0.0
1032,20260901,202609,2026-09-01,5,23,MINA,909.33,0.0
1033,20260901,202609,2026-09-01,4,18,MINA,785.33,0.0
1034,20260901,202609,2026-09-01,4,19,MINA,785.33,0.0
1035,20260901,202609,2026-09-01,4,14,MINA,785.33,0.0
1036,20260901,202609,2026-09-01,4,21,MINA,666.5,0.0
1037,20260901,202609,2026-09-01,4,15,MINA,666.5,0.0
1038,20260901,202609,2026-09-01,8,40,MINA,1085.0,0.0
1039,20260901,202609,2026-09-01,8,34,MINA,1085.0,0.0
1040,20260901,202609,2026-09-01,8,42,MINA,1085.0,0.0
1041,20260901,202609,2026-09-01,8,35,MINA,1085.0,0.0
1042,20260901,202609,2026-09-01,8,37,MINA,1085.0,0.0
1043,20260901,202609,2026-09-01,8,39,MINA,50.0,0.0
1044,20260901,202609,2026-09-01,8,41,MINA,0.0,0.0
1045,20260901,202609,2026-09-01,8,43,MINA,0.0,0.0
1046,20260901,202609,2026-09-01,12,62,MINA,780.17,0.0
1047,20260901,202609,2026-09-01,12,60,MINA,780.17,0.0
1048,20260901,202609,2026-09-01,12,56,MINA,453.0,0.0
1049,20260901,202609,2026-09-01,12,55,MINA,780.17,0.0
1050,20260901,202609,2026-09-01,12,59,MINA,780.17,0.0
1051,20260901,202609,2026-09-01,12,61,MINA,780.17,0.0
1052,20260901,202609,2026-09-01,12,58,MINA,780.17,0.0
