sondaje_sk,sondaje_cd,contrato_sk,sondaje_padre_sk,tipo_taladro,profundidad_programada_m,inclinacion_grados
-1,NO_ASIGNADO,-1,-1,ORIGINAL,0.0,0.0
1,AME26117,1,-1,ORIGINAL,300.0,-45.0
2,AME26118,1,-1,ORIGINAL,300.0,-45.0
3,AME26120,1,-1,ORIGINAL,300.0,-45.0
4,DDHSAN 26041,2,-1,ORIGINAL,300.0,-45.0
5,DDHUAN 26042,2,-1,ORIGINAL,300.0,-45.0
6,DDHUAN 26044,2,-1,ORIGINAL,300.0,-45.0
7,DDHUANSE-26043,2,-1,ORIGINAL,300.0,-45.0
8,UDH-3806–2026,3,-1,ORIGINAL,300.0,-45.0
9,UDH-3808–2026,3,-1,ORIGINAL,300.0,-45.0
10,UDH-3809–2026,3,-1,ORIGINAL,300.0,-45.0
11,UDH-3810–2026,3,-1,ORIGINAL,300.0,-45.0
12,UDH-3811–2026,3,-1,ORIGINAL,300.0,-45.0
13,UDH-3812–2026,3,-1,ORIGINAL,300.0,-45.0
14,UDH-3813-2026,3,-1,ORIGINAL,300.0,-45.0
15,UDH-3814–2026,3,-1,ORIGINAL,300.0,-45.0
16,DDHUCE-26024,4,-1,ORIGINAL,300.0,-45.0
17,DDHUCE-26025,4,-1,ORIGINAL,300.0,-45.0
18,DDHSCHSE26076,5,-1,ORIGINAL,300.0,-45.0
19,DDHUCH26005,5,-1,ORIGINAL,300.0,-45.0
20,DDHUCH26010,5,-1,ORIGINAL,300.0,-45.0
21,DDHUCH26011,5,-1,ORIGINAL,300.0,-45.0
22,DDHUCH26012,5,-1,ORIGINAL,300.0,-45.0
23,DDHUCH26013,5,-1,ORIGINAL,300.0,-45.0
24,DDHUCH26075,5,-1,ORIGINAL,300.0,-45.0
25,DDHUES26005,5,-1,ORIGINAL,300.0,-45.0
26,SIN SONDAJE,5,-1,ORIGINAL,300.0,-45.0
27,COM-26-196,6,-1,ORIGINAL,300.0,-45.0
28,COM-26-197,6,-1,ORIGINAL,300.0,-45.0
29,COM-26-198,6,-1,ORIGINAL,300.0,-45.0
30,COM-26-199,6,-1,ORIGINAL,300.0,-45.0
31,COM-26-200,6,-1,ORIGINAL,300.0,-45.0
32,COM-26-201,6,-1,ORIGINAL,300.0,-45.0
33,COM-26-202,6,-1,ORIGINAL,300.0,-45.0
34,COM-26-203,6,-1,ORIGINAL,300.0,-45.0
35,COM-26-204,6,-1,ORIGINAL,300.0,-45.0
36,COM-26-205,6,-1,ORIGINAL,300.0,-45.0
37,DDH-208-26-M,7,-1,ORIGINAL,300.0,-45.0
38,TL-03 (9),8,-1,ORIGINAL,300.0,-45.0
39,TLL-04 (13),8,-1,ORIGINAL,300.0,-45.0
40,UDH-13645,8,-1,ORIGINAL,300.0,-45.0
41,UDH-13653,8,-1,ORIGINAL,300.0,-45.0
42,UDH113610,8,-1,ORIGINAL,300.0,-45.0
43,UDH13647,8,-1,ORIGINAL,300.0,-45.0
44,UDH13654,8,-1,ORIGINAL,300.0,-45.0
45,UDH13656,8,-1,ORIGINAL,300.0,-45.0
46,DDH02026S,9,-1,ORIGINAL,300.0,-45.0
47,DDH02126S,9,-1,ORIGINAL,300.0,-45.0
48,IMM26-546,10,-1,ORIGINAL,300.0,-45.0
49,IMM26-552-A,10,-1,RAMAL_PARALELO,300.0,-45.0
50,IMM26-554,10,-1,ORIGINAL,300.0,-45.0
51,IMM26-555,10,-1,ORIGINAL,300.0,-45.0
52,IMM26-556,10,-1,ORIGINAL,300.0,-45.0
53,SP26-0325,10,-1,ORIGINAL,300.0,-45.0
54,SP26-0336,10,-1,ORIGINAL,300.0,-45.0
55,SP26-0337,10,-1,ORIGINAL,300.0,-45.0
56,SP26-0408,10,-1,ORIGINAL,300.0,-45.0
57,SP26-0409,10,-1,ORIGINAL,300.0,-45.0
58,SP26-0410,10,-1,ORIGINAL,300.0,-45.0
59,SP26-0411,10,-1,ORIGINAL,300.0,-45.0
60,SP26-0412,10,-1,ORIGINAL,300.0,-45.0
61,SP26-0413,10,-1,ORIGINAL,300.0,-45.0
62,SP26-0414,10,-1,ORIGINAL,300.0,-45.0
63,SP26-0415,10,-1,ORIGINAL,300.0,-45.0
64,SP26-0465,10,-1,ORIGINAL,300.0,-45.0
65,SP26-0466,10,-1,ORIGINAL,300.0,-45.0
66,SP26-0467,10,-1,ORIGINAL,300.0,-45.0
67,SP26-0471,10,-1,ORIGINAL,300.0,-45.0
68,DDH XRD150-6-26-45,11,-1,ORIGINAL,300.0,-45.0
69,DDH XRD150-6-26-46,11,-1,ORIGINAL,300.0,-45.0
70,DDH XRD150-6-26-46-1,11,-1,ORIGINAL,300.0,-45.0
71,DDH-26-44,11,-1,ORIGINAL,300.0,-45.0
72,MO-UD-26-089,12,-1,ORIGINAL,300.0,-45.0
73,MO-UD-26-092,12,-1,ORIGINAL,300.0,-45.0
74,MO-UD-26-093,12,-1,ORIGINAL,300.0,-45.0
75,DDH-U-RAE-26-171,13,-1,ORIGINAL,300.0,-45.0
76,DDH-U-RAE-26-173,13,-1,ORIGINAL,300.0,-45.0
77,DDH-U-RAI-26-170,13,-1,ORIGINAL,300.0,-45.0
78,DDH-U-RAI-26-172,13,-1,ORIGINAL,300.0,-45.0
79,DDH-U-RAI-26-174,13,-1,ORIGINAL,300.0,-45.0
80,DDH-U-RAI-26-175,13,-1,ORIGINAL,300.0,-45.0
81,DDH-U-RAI-26-176,13,-1,ORIGINAL,300.0,-45.0
82,DDH SPU 26024,14,-1,ORIGINAL,300.0,-45.0
83,DDH U SC 26039,14,-1,ORIGINAL,300.0,-45.0
84,DDH U SC 26040,14,-1,ORIGINAL,300.0,-45.0
85,DDH U SC 26041,14,-1,ORIGINAL,300.0,-45.0
86,SIN SONDAJE,14,-1,ORIGINAL,300.0,-45.0
87,DDH-M-TA-26-03,15,-1,ORIGINAL,300.0,-45.0
88,DDH-S-TA-26-03,15,-1,ORIGINAL,300.0,-45.0
89,DDHUTI 26017,16,-1,ORIGINAL,300.0,-45.0
90,DDHUTI 26018,16,-1,ORIGINAL,300.0,-45.0
91,GW-01,17,-1,ORIGINAL,300.0,-45.0
92,YYUD26099,17,-1,ORIGINAL,300.0,-45.0
93,YYUD26100,17,-1,ORIGINAL,300.0,-45.0
94,E-COR-21-26-02,18,-1,ORIGINAL,300.0,-45.0
95,E-COR-21-26-03,18,-1,ORIGINAL,300.0,-45.0
96,PZ-CV-ANT-20-26-01,18,-1,ORIGINAL,300.0,-45.0
