avance_id,calendario_sk,contrato_sk,equipo_sk,sondaje_sk,perforista_sk,linea_sk,turno_guardia,desde_m,hasta_m,metraje_guardia_m,es_reperforacion,id_clave_unica
1,20260826,1,1,1,152,1,A,57.1,92.1,35.0,False,20260826-XRD50U-002-A
2,20260826,1,1,1,139,1,B,92.1,107.6,15.5,False,20260826-XRD50U-002-B
3,20260827,1,1,1,339,1,A,107.6,138.0,30.4,False,20260827-XRD50U-002-A
4,20260827,1,1,1,152,1,B,138.0,150.0,12.0,False,20260827-XRD50U-002-B
5,20260828,1,1,1,339,1,A,150.0,155.0,5.0,False,20260828-XRD50U-002-A
6,20260828,1,1,1,152,1,B,0.0,15.3,15.3,False,20260828-XRD50U-002-B
7,20260829,1,1,1,339,1,A,15.3,40.0,24.7,False,20260829-XRD50U-002-A
8,20260829,1,1,1,152,1,B,40.0,40.0,0.0,False,20260829-XRD50U-002-B
9,20260830,1,1,3,339,1,A,0.0,0.0,0.0,False,20260830-XRD50U-002-A
10,20260830,1,1,3,152,1,B,0.0,0.0,0.0,False,20260830-XRD50U-002-B
11,20260825,1,1,3,-1,3,A,0.0,0.0,137.9,False,20260825-XRD50U-002-A
12,20260826,1,2,2,265,1,A,0.0,0.0,0.0,False,20260826-XRD50USS-001-A
13,20260826,1,2,2,218,1,B,0.0,0.0,0.0,False,20260826-XRD50USS-001-B
14,20260827,1,2,2,350,1,A,0.0,0.0,0.0,False,20260827-XRD50USS-001-A
15,20260827,1,2,2,265,1,B,0.0,35.0,35.0,False,20260827-XRD50USS-001-B
16,20260828,1,2,2,350,1,A,35.0,70.0,35.0,False,20260828-XRD50USS-001-A
17,20260828,1,2,2,265,1,B,70.0,105.0,35.0,False,20260828-XRD50USS-001-B
18,20260829,1,2,2,366,1,A,105.0,131.4,26.4,False,20260829-XRD50USS-001-A
19,20260829,1,2,2,265,1,B,131.4,166.4,35.0,False,20260829-XRD50USS-001-B
20,20260830,1,2,2,366,1,A,166.4,185.1,18.7,False,20260830-XRD50USS-001-A
21,20260830,1,2,2,265,1,B,185.1,220.4,35.3,False,20260830-XRD50USS-001-B
22,20260825,1,2,2,-1,3,A,0.0,0.0,220.4,False,20260825-XRD50USS-001-A
23,20260826,2,5,7,213,2,A,30.5,30.5,0.0,False,20260826-XRD80USS-010-A
24,20260826,2,5,7,42,2,B,30.5,58.8,28.3,False,20260826-XRD80USS-010-B
25,20260827,2,5,7,213,2,A,58.8,58.8,0.0,False,20260827-XRD80USS-010-A
26,20260827,2,5,7,42,2,B,58.8,79.2,20.4,False,20260827-XRD80USS-010-B
27,20260828,2,5,7,141,2,A,79.2,99.4,20.2,False,20260828-XRD80USS-010-A
28,20260828,2,5,7,213,2,B,99.4,119.5,20.1,False,20260828-XRD80USS-010-B
29,20260829,2,5,7,141,2,A,119.5,139.55,20.05,False,20260829-XRD80USS-010-A
30,20260829,2,5,7,213,2,B,139.55,152.55,13.0,False,20260829-XRD80USS-010-B
31,20260830,2,5,7,141,2,A,152.55,152.55,0.0,False,20260830-XRD80USS-010-A
32,20260830,2,5,7,213,2,B,152.55,172.85,20.3,False,20260830-XRD80USS-010-B
33,20260925,2,5,7,-1,3,A,0.0,0.0,142.35,False,20260925-XRD80USS-010-A
34,20260826,2,4,5,61,2,A,51.1,71.1,20.0,False,20260826-XRD150U-001-A
35,20260826,2,4,5,80,2,B,71.1,79.8,8.7,False,20260826-XRD150U-001-B
36,20260827,2,4,5,61,2,A,79.8,90.65,10.85,False,20260827-XRD150U-001-A
37,20260827,2,4,6,80,2,B,0.0,9.15,9.15,False,20260827-XRD150U-001-B
38,20260828,2,4,6,12,2,A,9.15,29.75,20.6,False,20260828-XRD150U-001-A
39,20260828,2,4,6,61,2,B,29.75,50.05,20.3,False,20260828-XRD150U-001-B
40,20260829,2,4,6,12,2,A,50.05,68.25,18.2,False,20260829-XRD150U-001-A
41,20260829,2,4,6,61,2,B,68.25,84.05,15.8,False,20260829-XRD150U-001-B
42,20260830,2,4,6,12,2,A,84.05,84.05,0.0,False,20260830-XRD150U-001-A
43,20260830,2,4,6,61,2,B,84.05,84.05,0.0,False,20260830-XRD150U-001-B
44,20260925,2,4,6,-1,3,A,0.0,0.0,123.6,False,20260925-XRD150U-001-A
45,20260826,2,3,4,165,2,A,161.2,188.15,26.95,False,20260826-LF90D ST-002-A
46,20260826,2,3,4,341,2,B,188.15,215.2,27.05,False,20260826-LF90D ST-002-B
47,20260827,2,3,4,165,2,A,215.2,229.4,14.2,False,20260827-LF90D ST-002-A
48,20260827,2,3,4,341,2,B,229.4,242.3,12.9,False,20260827-LF90D ST-002-B
49,20260828,2,3,4,39,2,A,242.3,242.3,0.0,False,20260828-LF90D ST-002-A
50,20260828,2,3,4,165,2,B,242.3,271.1,28.8,False,20260828-LF90D ST-002-B
51,20260829,2,3,4,39,2,A,271.1,283.4,12.3,False,20260829-LF90D ST-002-A
52,20260829,2,3,4,165,2,B,283.4,286.85,3.45,False,20260829-LF90D ST-002-B
53,20260830,2,3,4,39,2,A,286.85,286.85,0.0,False,20260830-LF90D ST-002-A
54,20260830,2,3,4,165,2,B,286.85,290.8,3.95,False,20260830-LF90D ST-002-B
55,20260925,2,3,4,-1,3,A,0.0,0.0,129.6,False,20260925-LF90D ST-002-A
56,20260826,3,8,12,115,3,A,0.0,0.0,0.0,False,20260826-XRD50U-003-A
57,20260826,3,8,12,82,1,B,0.0,3.2,3.2,False,20260826-XRD50U-003-B
58,20260827,3,8,12,389,1,A,3.2,25.2,22.0,False,20260827-XRD50U-003-A
59,20260827,3,8,12,82,1,B,25.2,53.2,28.0,False,20260827-XRD50U-003-B
60,20260828,3,8,12,389,1,A,53.2,76.0,22.8,False,20260828-XRD50U-003-A
61,20260828,3,8,12,82,1,B,76.0,86.1,10.1,False,20260828-XRD50U-003-B
62,20260828,3,8,12,82,1,B,86.1,93.2,7.1,False,20260828-XRD50U-003-B
63,20260829,3,8,12,389,1,A,93.2,105.2,12.0,False,20260829-XRD50U-003-A
64,20260829,3,8,12,82,3,B,0.0,0.0,0.0,False,20260829-XRD50U-003-B
65,20260830,3,8,14,389,1,A,0.0,3.1,3.1,False,20260830-XRD50U-003-A
66,20260830,3,8,14,82,1,B,3.1,22.0,18.9,False,20260830-XRD50U-003-B
67,20260831,3,8,14,-1,3,A,22.0,0.0,0.0,False,20260831-XRD50U-003-A
68,20260831,3,8,14,-1,3,B,0.0,0.0,0.0,False,20260831-XRD50U-003-B
69,20260901,3,8,14,-1,3,A,0.0,0.0,0.0,False,20260901-XRD50U-003-A
70,20260901,3,8,14,-1,3,B,0.0,0.0,0.0,False,20260901-XRD50U-003-B
71,20260902,3,8,14,-1,3,A,0.0,0.0,0.0,False,20260902-XRD50U-003-A
72,20260902,3,8,14,-1,3,B,0.0,0.0,0.0,False,20260902-XRD50U-003-B
73,20260903,3,8,14,-1,3,A,0.0,0.0,0.0,False,20260903-XRD50U-003-A
74,20260903,3,8,14,-1,3,B,0.0,0.0,0.0,False,20260903-XRD50U-003-B
75,20260904,3,8,14,-1,3,A,0.0,0.0,0.0,False,20260904-XRD50U-003-A
76,20260904,3,8,14,-1,3,B,0.0,0.0,0.0,False,20260904-XRD50U-003-B
77,20260905,3,8,14,-1,3,A,0.0,0.0,0.0,False,20260905-XRD50U-003-A
78,20260905,3,8,14,-1,3,B,0.0,0.0,0.0,False,20260905-XRD50U-003-B
79,20260906,3,8,14,-1,3,A,0.0,0.0,0.0,False,20260906-XRD50U-003-A
80,20260906,3,8,14,-1,3,B,0.0,0.0,0.0,False,20260906-XRD50U-003-B
81,20260907,3,8,14,-1,3,A,0.0,0.0,0.0,False,20260907-XRD50U-003-A
82,20260907,3,8,14,-1,3,B,0.0,0.0,0.0,False,20260907-XRD50U-003-B
83,20260908,3,8,14,-1,3,A,0.0,0.0,0.0,False,20260908-XRD50U-003-A
84,20260908,3,8,14,-1,3,B,0.0,0.0,0.0,False,20260908-XRD50U-003-B
85,20260909,3,8,14,-1,3,A,0.0,0.0,0.0,False,20260909-XRD50U-003-A
86,20260909,3,8,14,-1,3,B,0.0,0.0,0.0,False,20260909-XRD50U-003-B
87,20260910,3,8,14,-1,3,A,0.0,0.0,0.0,False,20260910-XRD50U-003-A
88,20260910,3,8,14,-1,3,B,0.0,0.0,0.0,False,20260910-XRD50U-003-B
89,20260911,3,8,14,-1,3,A,0.0,0.0,0.0,False,20260911-XRD50U-003-A
90,20260911,3,8,14,-1,3,B,0.0,0.0,0.0,False,20260911-XRD50U-003-B
91,20260912,3,8,14,-1,3,A,0.0,0.0,0.0,False,20260912-XRD50U-003-A
92,20260912,3,8,14,-1,3,B,0.0,0.0,0.0,False,20260912-XRD50U-003-B
93,20260913,3,8,14,-1,3,A,0.0,0.0,0.0,False,20260913-XRD50U-003-A
94,20260913,3,8,14,-1,3,B,0.0,0.0,0.0,False,20260913-XRD50U-003-B
95,20260914,3,8,14,-1,3,A,0.0,0.0,0.0,False,20260914-XRD50U-003-A
96,20260914,3,8,14,-1,3,B,0.0,0.0,0.0,False,20260914-XRD50U-003-B
97,20260915,3,8,14,-1,3,A,0.0,0.0,0.0,False,20260915-XRD50U-003-A
98,20260915,3,8,14,-1,3,B,0.0,0.0,0.0,False,20260915-XRD50U-003-B
99,20260916,3,8,14,-1,3,A,0.0,0.0,0.0,False,20260916-XRD50U-003-A
100,20260916,3,8,14,-1,3,B,0.0,0.0,0.0,False,20260916-XRD50U-003-B
101,20260917,3,8,14,-1,3,A,0.0,0.0,0.0,False,20260917-XRD50U-003-A
102,20260917,3,8,14,-1,3,B,0.0,0.0,0.0,False,20260917-XRD50U-003-B
103,20260918,3,8,14,-1,3,A,0.0,0.0,0.0,False,20260918-XRD50U-003-A
104,20260918,3,8,14,-1,3,B,0.0,0.0,0.0,False,20260918-XRD50U-003-B
105,20260919,3,8,14,-1,3,A,0.0,0.0,0.0,False,20260919-XRD50U-003-A
106,20260919,3,8,14,-1,3,B,0.0,0.0,0.0,False,20260919-XRD50U-003-B
107,20260920,3,8,14,-1,3,A,0.0,0.0,0.0,False,20260920-XRD50U-003-A
108,20260920,3,8,14,-1,3,B,0.0,0.0,0.0,False,20260920-XRD50U-003-B
109,20260921,3,8,14,-1,3,A,0.0,0.0,0.0,False,20260921-XRD50U-003-A
110,20260921,3,8,14,-1,3,B,0.0,0.0,0.0,False,20260921-XRD50U-003-B
111,20260922,3,8,14,-1,3,A,0.0,0.0,0.0,False,20260922-XRD50U-003-A
112,20260922,3,8,14,-1,3,B,0.0,0.0,0.0,False,20260922-XRD50U-003-B
113,20260923,3,8,14,-1,3,A,0.0,0.0,0.0,False,20260923-XRD50U-003-A
114,20260923,3,8,14,-1,3,B,0.0,0.0,0.0,False,20260923-XRD50U-003-B
115,20260924,3,8,14,-1,3,A,0.0,0.0,0.0,False,20260924-XRD50U-003-A
116,20260924,3,8,14,-1,3,B,0.0,0.0,0.0,False,20260924-XRD50U-003-B
117,20260925,3,8,14,-1,3,A,0.0,0.0,0.0,False,20260925-XRD50U-003-A
118,20260925,3,8,14,-1,3,B,0.0,0.0,0.0,False,20260925-XRD50U-003-B
119,20260925,3,8,14,-1,3,B,0.0,0.0,127.2,False,20260925-XRD50U-003-B
120,20260826,3,9,9,323,1,A,89.1,102.4,13.3,False,20260826-XRD50USS-004-A
121,20260826,3,9,9,96,1,B,102.4,118.1,15.7,False,20260826-XRD50USS-004-B
122,20260827,3,9,9,29,1,A,118.1,132.0,13.9,False,20260827-XRD50USS-004-A
123,20260827,3,9,9,96,1,B,132.0,145.4,13.4,False,20260827-XRD50USS-004-B
124,20260828,3,9,9,29,1,A,145.4,164.2,18.8,False,20260828-XRD50USS-004-A
125,20260828,3,9,9,96,1,B,164.2,164.2,0.0,False,20260828-XRD50USS-004-B
126,20260829,3,9,9,29,1,A,164.2,180.0,15.8,False,20260829-XRD50USS-004-A
127,20260829,3,9,9,96,1,B,180.0,182.6,2.6,False,20260829-XRD50USS-004-B
128,20260830,3,9,9,29,1,A,182.6,185.3,2.7,False,20260830-XRD50USS-004-A
129,20260830,3,9,9,96,1,B,185.3,185.3,0.0,False,20260830-XRD50USS-004-B
130,20260831,3,9,9,-1,3,A,185.3,0.0,0.0,False,20260831-XRD50USS-004-A
131,20260831,3,9,9,-1,3,B,0.0,0.0,0.0,False,20260831-XRD50USS-004-B
132,20260901,3,9,9,-1,3,A,0.0,0.0,0.0,False,20260901-XRD50USS-004-A
133,20260901,3,9,9,-1,3,B,0.0,0.0,0.0,False,20260901-XRD50USS-004-B
134,20260902,3,9,9,-1,3,A,0.0,0.0,0.0,False,20260902-XRD50USS-004-A
135,20260902,3,9,9,-1,3,B,0.0,0.0,0.0,False,20260902-XRD50USS-004-B
136,20260903,3,9,9,-1,3,A,0.0,0.0,0.0,False,20260903-XRD50USS-004-A
137,20260903,3,9,9,-1,3,B,0.0,0.0,0.0,False,20260903-XRD50USS-004-B
138,20260904,3,9,9,-1,3,A,0.0,0.0,0.0,False,20260904-XRD50USS-004-A
139,20260904,3,9,9,-1,3,B,0.0,0.0,0.0,False,20260904-XRD50USS-004-B
140,20260905,3,9,9,-1,3,A,0.0,0.0,0.0,False,20260905-XRD50USS-004-A
141,20260905,3,9,9,-1,3,B,0.0,0.0,0.0,False,20260905-XRD50USS-004-B
142,20260906,3,9,9,-1,3,A,0.0,0.0,0.0,False,20260906-XRD50USS-004-A
143,20260906,3,9,9,-1,3,B,0.0,0.0,0.0,False,20260906-XRD50USS-004-B
144,20260907,3,9,9,-1,3,A,0.0,0.0,0.0,False,20260907-XRD50USS-004-A
145,20260907,3,9,9,-1,3,B,0.0,0.0,0.0,False,20260907-XRD50USS-004-B
146,20260908,3,9,9,-1,3,A,0.0,0.0,0.0,False,20260908-XRD50USS-004-A
147,20260908,3,9,9,-1,3,B,0.0,0.0,0.0,False,20260908-XRD50USS-004-B
148,20260909,3,9,9,-1,3,A,0.0,0.0,0.0,False,20260909-XRD50USS-004-A
149,20260909,3,9,9,-1,3,B,0.0,0.0,0.0,False,20260909-XRD50USS-004-B
150,20260910,3,9,9,-1,3,A,0.0,0.0,0.0,False,20260910-XRD50USS-004-A
151,20260910,3,9,9,-1,3,B,0.0,0.0,0.0,False,20260910-XRD50USS-004-B
152,20260911,3,9,9,-1,3,A,0.0,0.0,0.0,False,20260911-XRD50USS-004-A
153,20260911,3,9,9,-1,3,B,0.0,0.0,0.0,False,20260911-XRD50USS-004-B
154,20260912,3,9,9,-1,3,A,0.0,0.0,0.0,False,20260912-XRD50USS-004-A
155,20260912,3,9,9,-1,3,B,0.0,0.0,0.0,False,20260912-XRD50USS-004-B
156,20260913,3,9,9,-1,3,A,0.0,0.0,0.0,False,20260913-XRD50USS-004-A
157,20260913,3,9,9,-1,3,B,0.0,0.0,0.0,False,20260913-XRD50USS-004-B
158,20260914,3,9,9,-1,3,A,0.0,0.0,0.0,False,20260914-XRD50USS-004-A
159,20260914,3,9,9,-1,3,B,0.0,0.0,0.0,False,20260914-XRD50USS-004-B
160,20260915,3,9,9,-1,3,A,0.0,0.0,0.0,False,20260915-XRD50USS-004-A
161,20260915,3,9,9,-1,3,B,0.0,0.0,0.0,False,20260915-XRD50USS-004-B
162,20260916,3,9,9,-1,3,A,0.0,0.0,0.0,False,20260916-XRD50USS-004-A
163,20260916,3,9,9,-1,3,B,0.0,0.0,0.0,False,20260916-XRD50USS-004-B
164,20260917,3,9,9,-1,3,A,0.0,0.0,0.0,False,20260917-XRD50USS-004-A
165,20260917,3,9,9,-1,3,B,0.0,0.0,0.0,False,20260917-XRD50USS-004-B
166,20260918,3,9,9,-1,3,A,0.0,0.0,0.0,False,20260918-XRD50USS-004-A
167,20260918,3,9,9,-1,3,B,0.0,0.0,0.0,False,20260918-XRD50USS-004-B
168,20260919,3,9,9,-1,3,A,0.0,0.0,0.0,False,20260919-XRD50USS-004-A
169,20260919,3,9,9,-1,3,B,0.0,0.0,0.0,False,20260919-XRD50USS-004-B
170,20260920,3,9,9,-1,3,A,0.0,0.0,0.0,False,20260920-XRD50USS-004-A
171,20260920,3,9,9,-1,3,B,0.0,0.0,0.0,False,20260920-XRD50USS-004-B
172,20260921,3,9,9,-1,3,A,0.0,0.0,0.0,False,20260921-XRD50USS-004-A
173,20260921,3,9,9,-1,3,B,0.0,0.0,0.0,False,20260921-XRD50USS-004-B
174,20260922,3,9,9,-1,3,A,0.0,0.0,0.0,False,20260922-XRD50USS-004-A
175,20260922,3,9,9,-1,3,B,0.0,0.0,0.0,False,20260922-XRD50USS-004-B
176,20260923,3,9,9,-1,3,A,0.0,0.0,0.0,False,20260923-XRD50USS-004-A
177,20260923,3,9,9,-1,3,B,0.0,0.0,0.0,False,20260923-XRD50USS-004-B
178,20260924,3,9,9,-1,3,A,0.0,0.0,0.0,False,20260924-XRD50USS-004-A
179,20260924,3,9,9,-1,3,B,0.0,0.0,0.0,False,20260924-XRD50USS-004-B
180,20260925,3,9,9,-1,3,A,0.0,0.0,0.0,False,20260925-XRD50USS-004-A
181,20260925,3,9,9,-1,3,B,0.0,0.0,0.0,False,20260925-XRD50USS-004-B
182,20260925,3,9,9,-1,3,B,0.0,0.0,96.2,False,20260925-XRD50USS-004-B
183,20260826,3,6,8,334,1,A,159.6,168.1,8.5,False,20260826-XRD100U-001-A
184,20260826,3,6,8,347,1,B,168.1,189.1,21.0,False,20260826-XRD100U-001-B
185,20260827,3,6,8,402,1,A,189.1,200.0,10.9,False,20260827-XRD100U-001-A
186,20260827,3,6,8,347,3,B,0.0,0.0,0.0,False,20260827-XRD100U-001-B
187,20260828,3,6,8,402,3,A,0.0,0.0,0.0,False,20260828-XRD100U-001-A
188,20260828,3,6,8,347,3,B,0.0,0.0,0.0,False,20260828-XRD100U-001-B
189,20260829,3,6,8,402,3,A,0.0,0.0,0.0,False,20260829-XRD100U-001-A
190,20260829,3,6,13,347,1,B,0.0,25.2,25.2,False,20260829-XRD100U-001-B
191,20260830,3,6,13,402,1,A,25.2,44.8,19.6,False,20260830-XRD100U-001-A
192,20260830,3,6,13,347,1,B,44.8,66.9,22.1,False,20260830-XRD100U-001-B
193,20260831,3,6,13,-1,3,A,66.9,0.0,0.0,False,20260831-XRD100U-001-A
194,20260831,3,6,13,-1,3,B,0.0,0.0,0.0,False,20260831-XRD100U-001-B
195,20260901,3,6,13,-1,3,A,0.0,0.0,0.0,False,20260901-XRD100U-001-A
196,20260901,3,6,13,-1,3,B,0.0,0.0,0.0,False,20260901-XRD100U-001-B
197,20260902,3,6,13,-1,3,A,0.0,0.0,0.0,False,20260902-XRD100U-001-A
198,20260902,3,6,13,-1,3,B,0.0,0.0,0.0,False,20260902-XRD100U-001-B
199,20260903,3,6,13,-1,3,A,0.0,0.0,0.0,False,20260903-XRD100U-001-A
200,20260903,3,6,13,-1,3,B,0.0,0.0,0.0,False,20260903-XRD100U-001-B
201,20260904,3,6,13,-1,3,A,0.0,0.0,0.0,False,20260904-XRD100U-001-A
202,20260904,3,6,13,-1,3,B,0.0,0.0,0.0,False,20260904-XRD100U-001-B
203,20260905,3,6,13,-1,3,A,0.0,0.0,0.0,False,20260905-XRD100U-001-A
204,20260905,3,6,13,-1,3,B,0.0,0.0,0.0,False,20260905-XRD100U-001-B
205,20260906,3,6,13,-1,3,A,0.0,0.0,0.0,False,20260906-XRD100U-001-A
206,20260906,3,6,13,-1,3,B,0.0,0.0,0.0,False,20260906-XRD100U-001-B
207,20260907,3,6,13,-1,3,A,0.0,0.0,0.0,False,20260907-XRD100U-001-A
208,20260907,3,6,13,-1,3,B,0.0,0.0,0.0,False,20260907-XRD100U-001-B
209,20260908,3,6,13,-1,3,A,0.0,0.0,0.0,False,20260908-XRD100U-001-A
210,20260908,3,6,13,-1,3,B,0.0,0.0,0.0,False,20260908-XRD100U-001-B
211,20260909,3,6,13,-1,3,A,0.0,0.0,0.0,False,20260909-XRD100U-001-A
212,20260909,3,6,13,-1,3,B,0.0,0.0,0.0,False,20260909-XRD100U-001-B
213,20260910,3,6,13,-1,3,A,0.0,0.0,0.0,False,20260910-XRD100U-001-A
214,20260910,3,6,13,-1,3,B,0.0,0.0,0.0,False,20260910-XRD100U-001-B
215,20260911,3,6,13,-1,3,A,0.0,0.0,0.0,False,20260911-XRD100U-001-A
216,20260911,3,6,13,-1,3,B,0.0,0.0,0.0,False,20260911-XRD100U-001-B
217,20260912,3,6,13,-1,3,A,0.0,0.0,0.0,False,20260912-XRD100U-001-A
218,20260912,3,6,13,-1,3,B,0.0,0.0,0.0,False,20260912-XRD100U-001-B
219,20260913,3,6,13,-1,3,A,0.0,0.0,0.0,False,20260913-XRD100U-001-A
220,20260913,3,6,13,-1,3,B,0.0,0.0,0.0,False,20260913-XRD100U-001-B
221,20260914,3,6,13,-1,3,A,0.0,0.0,0.0,False,20260914-XRD100U-001-A
222,20260914,3,6,13,-1,3,B,0.0,0.0,0.0,False,20260914-XRD100U-001-B
223,20260915,3,6,13,-1,3,A,0.0,0.0,0.0,False,20260915-XRD100U-001-A
224,20260915,3,6,13,-1,3,B,0.0,0.0,0.0,False,20260915-XRD100U-001-B
225,20260916,3,6,13,-1,3,A,0.0,0.0,0.0,False,20260916-XRD100U-001-A
226,20260916,3,6,13,-1,3,B,0.0,0.0,0.0,False,20260916-XRD100U-001-B
227,20260917,3,6,13,-1,3,A,0.0,0.0,0.0,False,20260917-XRD100U-001-A
228,20260917,3,6,13,-1,3,B,0.0,0.0,0.0,False,20260917-XRD100U-001-B
229,20260918,3,6,13,-1,3,A,0.0,0.0,0.0,False,20260918-XRD100U-001-A
230,20260918,3,6,13,-1,3,B,0.0,0.0,0.0,False,20260918-XRD100U-001-B
231,20260919,3,6,13,-1,3,A,0.0,0.0,0.0,False,20260919-XRD100U-001-A
232,20260919,3,6,13,-1,3,B,0.0,0.0,0.0,False,20260919-XRD100U-001-B
233,20260920,3,6,13,-1,3,A,0.0,0.0,0.0,False,20260920-XRD100U-001-A
234,20260920,3,6,13,-1,3,B,0.0,0.0,0.0,False,20260920-XRD100U-001-B
235,20260921,3,6,13,-1,3,A,0.0,0.0,0.0,False,20260921-XRD100U-001-A
236,20260921,3,6,13,-1,3,B,0.0,0.0,0.0,False,20260921-XRD100U-001-B
237,20260922,3,6,13,-1,3,A,0.0,0.0,0.0,False,20260922-XRD100U-001-A
238,20260922,3,6,13,-1,3,B,0.0,0.0,0.0,False,20260922-XRD100U-001-B
239,20260923,3,6,13,-1,3,A,0.0,0.0,0.0,False,20260923-XRD100U-001-A
240,20260923,3,6,13,-1,3,B,0.0,0.0,0.0,False,20260923-XRD100U-001-B
241,20260924,3,6,13,-1,3,A,0.0,0.0,0.0,False,20260924-XRD100U-001-A
242,20260924,3,6,13,-1,3,B,0.0,0.0,0.0,False,20260924-XRD100U-001-B
243,20260925,3,6,13,-1,3,A,0.0,0.0,0.0,False,20260925-XRD100U-001-A
244,20260925,3,6,13,-1,3,B,0.0,0.0,0.0,False,20260925-XRD100U-001-B
245,20260925,3,6,13,-1,3,B,0.0,0.0,107.3,False,20260925-XRD100U-001-B
246,20260826,3,10,10,410,4,A,71.8,87.8,16.0,False,20260826-XRD90U-005-A
247,20260826,3,10,10,395,4,B,87.8,106.3,18.5,False,20260826-XRD90U-005-B
248,20260827,3,10,10,78,4,A,106.3,116.3,10.0,False,20260827-XRD90U-005-A
249,20260827,3,10,10,395,3,B,0.0,0.0,0.0,False,20260827-XRD90U-005-B
250,20260828,3,10,10,78,3,A,0.0,0.0,0.0,False,20260828-XRD90U-005-A
251,20260828,3,10,10,395,3,B,0.0,0.0,0.0,False,20260828-XRD90U-005-B
252,20260829,3,10,10,78,3,A,0.0,0.0,0.0,False,20260829-XRD90U-005-A
253,20260829,3,10,10,395,3,B,0.0,0.0,0.0,False,20260829-XRD90U-005-B
254,20260830,3,10,10,78,3,A,0.0,0.0,0.0,False,20260830-XRD90U-005-A
255,20260830,3,10,15,395,2,B,0.0,10.0,10.0,False,20260830-XRD90U-005-B
256,20260831,3,10,15,-1,3,A,10.0,0.0,0.0,False,20260831-XRD90U-005-A
257,20260831,3,10,15,-1,3,B,0.0,0.0,0.0,False,20260831-XRD90U-005-B
258,20260901,3,10,15,-1,3,A,0.0,0.0,0.0,False,20260901-XRD90U-005-A
259,20260901,3,10,15,-1,3,B,0.0,0.0,0.0,False,20260901-XRD90U-005-B
260,20260902,3,10,15,-1,3,A,0.0,0.0,0.0,False,20260902-XRD90U-005-A
261,20260902,3,10,15,-1,3,B,0.0,0.0,0.0,False,20260902-XRD90U-005-B
262,20260903,3,10,15,-1,3,A,0.0,0.0,0.0,False,20260903-XRD90U-005-A
263,20260903,3,10,15,-1,3,B,0.0,0.0,0.0,False,20260903-XRD90U-005-B
264,20260904,3,10,15,-1,3,A,0.0,0.0,0.0,False,20260904-XRD90U-005-A
265,20260904,3,10,15,-1,3,B,0.0,0.0,0.0,False,20260904-XRD90U-005-B
266,20260905,3,10,15,-1,3,A,0.0,0.0,0.0,False,20260905-XRD90U-005-A
267,20260905,3,10,15,-1,3,B,0.0,0.0,0.0,False,20260905-XRD90U-005-B
268,20260906,3,10,15,-1,3,A,0.0,0.0,0.0,False,20260906-XRD90U-005-A
269,20260906,3,10,15,-1,3,B,0.0,0.0,0.0,False,20260906-XRD90U-005-B
270,20260907,3,10,15,-1,3,A,0.0,0.0,0.0,False,20260907-XRD90U-005-A
271,20260907,3,10,15,-1,3,B,0.0,0.0,0.0,False,20260907-XRD90U-005-B
272,20260908,3,10,15,-1,3,A,0.0,0.0,0.0,False,20260908-XRD90U-005-A
273,20260908,3,10,15,-1,3,B,0.0,0.0,0.0,False,20260908-XRD90U-005-B
274,20260909,3,10,15,-1,3,A,0.0,0.0,0.0,False,20260909-XRD90U-005-A
275,20260909,3,10,15,-1,3,B,0.0,0.0,0.0,False,20260909-XRD90U-005-B
276,20260910,3,10,15,-1,3,A,0.0,0.0,0.0,False,20260910-XRD90U-005-A
277,20260910,3,10,15,-1,3,B,0.0,0.0,0.0,False,20260910-XRD90U-005-B
278,20260911,3,10,15,-1,3,A,0.0,0.0,0.0,False,20260911-XRD90U-005-A
279,20260911,3,10,15,-1,3,B,0.0,0.0,0.0,False,20260911-XRD90U-005-B
280,20260912,3,10,15,-1,3,A,0.0,0.0,0.0,False,20260912-XRD90U-005-A
281,20260912,3,10,15,-1,3,B,0.0,0.0,0.0,False,20260912-XRD90U-005-B
282,20260913,3,10,15,-1,3,A,0.0,0.0,0.0,False,20260913-XRD90U-005-A
283,20260913,3,10,15,-1,3,B,0.0,0.0,0.0,False,20260913-XRD90U-005-B
284,20260914,3,10,15,-1,3,A,0.0,0.0,0.0,False,20260914-XRD90U-005-A
285,20260914,3,10,15,-1,3,B,0.0,0.0,0.0,False,20260914-XRD90U-005-B
286,20260915,3,10,15,-1,3,A,0.0,0.0,0.0,False,20260915-XRD90U-005-A
287,20260915,3,10,15,-1,3,B,0.0,0.0,0.0,False,20260915-XRD90U-005-B
288,20260916,3,10,15,-1,3,A,0.0,0.0,0.0,False,20260916-XRD90U-005-A
289,20260916,3,10,15,-1,3,B,0.0,0.0,0.0,False,20260916-XRD90U-005-B
290,20260917,3,10,15,-1,3,A,0.0,0.0,0.0,False,20260917-XRD90U-005-A
291,20260917,3,10,15,-1,3,B,0.0,0.0,0.0,False,20260917-XRD90U-005-B
292,20260918,3,10,15,-1,3,A,0.0,0.0,0.0,False,20260918-XRD90U-005-A
293,20260918,3,10,15,-1,3,B,0.0,0.0,0.0,False,20260918-XRD90U-005-B
294,20260919,3,10,15,-1,3,A,0.0,0.0,0.0,False,20260919-XRD90U-005-A
295,20260919,3,10,15,-1,3,B,0.0,0.0,0.0,False,20260919-XRD90U-005-B
296,20260920,3,10,15,-1,3,A,0.0,0.0,0.0,False,20260920-XRD90U-005-A
297,20260920,3,10,15,-1,3,B,0.0,0.0,0.0,False,20260920-XRD90U-005-B
298,20260921,3,10,15,-1,3,A,0.0,0.0,0.0,False,20260921-XRD90U-005-A
299,20260921,3,10,15,-1,3,B,0.0,0.0,0.0,False,20260921-XRD90U-005-B
300,20260922,3,10,15,-1,3,A,0.0,0.0,0.0,False,20260922-XRD90U-005-A
301,20260922,3,10,15,-1,3,B,0.0,0.0,0.0,False,20260922-XRD90U-005-B
302,20260923,3,10,15,-1,3,A,0.0,0.0,0.0,False,20260923-XRD90U-005-A
303,20260923,3,10,15,-1,3,B,0.0,0.0,0.0,False,20260923-XRD90U-005-B
304,20260924,3,10,15,-1,3,A,0.0,0.0,0.0,False,20260924-XRD90U-005-A
305,20260924,3,10,15,-1,3,B,0.0,0.0,0.0,False,20260924-XRD90U-005-B
306,20260925,3,10,15,-1,3,A,0.0,0.0,0.0,False,20260925-XRD90U-005-A
307,20260925,3,10,15,-1,3,B,0.0,0.0,0.0,False,20260925-XRD90U-005-B
308,20260925,3,10,15,-1,3,B,0.0,0.0,54.5,False,20260925-XRD90U-005-B
309,20260826,3,7,11,249,4,A,58.1,58.1,0.0,False,20260826-XRD125UFDR-001-A
310,20260826,3,7,11,177,4,B,58.1,70.2,12.1,False,20260826-XRD125UFDR-001-B
311,20260827,3,7,11,250,4,A,70.2,77.6,7.4,False,20260827-XRD125UFDR-001-A
312,20260827,3,7,11,177,4,B,77.6,97.5,19.9,False,20260827-XRD125UFDR-001-B
313,20260828,3,7,11,250,4,A,97.5,115.7,18.2,False,20260828-XRD125UFDR-001-A
314,20260828,3,7,11,177,4,B,115.7,129.9,14.2,False,20260828-XRD125UFDR-001-B
315,20260829,3,7,11,250,4,A,129.9,143.6,13.7,False,20260829-XRD125UFDR-001-A
316,20260829,3,7,11,177,4,B,143.6,161.8,18.2,False,20260829-XRD125UFDR-001-B
317,20260830,3,7,11,250,4,A,161.8,171.1,9.3,False,20260830-XRD125UFDR-001-A
318,20260830,3,7,11,177,3,B,0.0,0.0,0.0,False,20260830-XRD125UFDR-001-B
319,20260831,3,7,11,-1,3,A,0.0,0.0,0.0,False,20260831-XRD125UFDR-001-A
320,20260831,3,7,11,-1,3,B,0.0,0.0,0.0,False,20260831-XRD125UFDR-001-B
321,20260901,3,7,11,-1,3,A,0.0,0.0,0.0,False,20260901-XRD125UFDR-001-A
322,20260901,3,7,11,-1,3,B,0.0,0.0,0.0,False,20260901-XRD125UFDR-001-B
323,20260902,3,7,11,-1,3,A,0.0,0.0,0.0,False,20260902-XRD125UFDR-001-A
324,20260902,3,7,11,-1,3,B,0.0,0.0,0.0,False,20260902-XRD125UFDR-001-B
325,20260903,3,7,11,-1,3,A,0.0,0.0,0.0,False,20260903-XRD125UFDR-001-A
326,20260903,3,7,11,-1,3,B,0.0,0.0,0.0,False,20260903-XRD125UFDR-001-B
327,20260904,3,7,11,-1,3,A,0.0,0.0,0.0,False,20260904-XRD125UFDR-001-A
328,20260904,3,7,11,-1,3,B,0.0,0.0,0.0,False,20260904-XRD125UFDR-001-B
329,20260905,3,7,11,-1,3,A,0.0,0.0,0.0,False,20260905-XRD125UFDR-001-A
330,20260905,3,7,11,-1,3,B,0.0,0.0,0.0,False,20260905-XRD125UFDR-001-B
331,20260906,3,7,11,-1,3,A,0.0,0.0,0.0,False,20260906-XRD125UFDR-001-A
332,20260906,3,7,11,-1,3,B,0.0,0.0,0.0,False,20260906-XRD125UFDR-001-B
333,20260907,3,7,11,-1,3,A,0.0,0.0,0.0,False,20260907-XRD125UFDR-001-A
334,20260907,3,7,11,-1,3,B,0.0,0.0,0.0,False,20260907-XRD125UFDR-001-B
335,20260908,3,7,11,-1,3,A,0.0,0.0,0.0,False,20260908-XRD125UFDR-001-A
336,20260908,3,7,11,-1,3,B,0.0,0.0,0.0,False,20260908-XRD125UFDR-001-B
337,20260909,3,7,11,-1,3,A,0.0,0.0,0.0,False,20260909-XRD125UFDR-001-A
338,20260909,3,7,11,-1,3,B,0.0,0.0,0.0,False,20260909-XRD125UFDR-001-B
339,20260910,3,7,11,-1,3,A,0.0,0.0,0.0,False,20260910-XRD125UFDR-001-A
340,20260910,3,7,11,-1,3,B,0.0,0.0,0.0,False,20260910-XRD125UFDR-001-B
341,20260911,3,7,11,-1,3,A,0.0,0.0,0.0,False,20260911-XRD125UFDR-001-A
342,20260911,3,7,11,-1,3,B,0.0,0.0,0.0,False,20260911-XRD125UFDR-001-B
343,20260912,3,7,11,-1,3,A,0.0,0.0,0.0,False,20260912-XRD125UFDR-001-A
344,20260912,3,7,11,-1,3,B,0.0,0.0,0.0,False,20260912-XRD125UFDR-001-B
345,20260913,3,7,11,-1,3,A,0.0,0.0,0.0,False,20260913-XRD125UFDR-001-A
346,20260913,3,7,11,-1,3,B,0.0,0.0,0.0,False,20260913-XRD125UFDR-001-B
347,20260914,3,7,11,-1,3,A,0.0,0.0,0.0,False,20260914-XRD125UFDR-001-A
348,20260914,3,7,11,-1,3,B,0.0,0.0,0.0,False,20260914-XRD125UFDR-001-B
349,20260915,3,7,11,-1,3,A,0.0,0.0,0.0,False,20260915-XRD125UFDR-001-A
350,20260915,3,7,11,-1,3,B,0.0,0.0,0.0,False,20260915-XRD125UFDR-001-B
351,20260916,3,7,11,-1,3,A,0.0,0.0,0.0,False,20260916-XRD125UFDR-001-A
352,20260916,3,7,11,-1,3,B,0.0,0.0,0.0,False,20260916-XRD125UFDR-001-B
353,20260917,3,7,11,-1,3,A,0.0,0.0,0.0,False,20260917-XRD125UFDR-001-A
354,20260917,3,7,11,-1,3,B,0.0,0.0,0.0,False,20260917-XRD125UFDR-001-B
355,20260918,3,7,11,-1,3,A,0.0,0.0,0.0,False,20260918-XRD125UFDR-001-A
356,20260918,3,7,11,-1,3,B,0.0,0.0,0.0,False,20260918-XRD125UFDR-001-B
357,20260919,3,7,11,-1,3,A,0.0,0.0,0.0,False,20260919-XRD125UFDR-001-A
358,20260919,3,7,11,-1,3,B,0.0,0.0,0.0,False,20260919-XRD125UFDR-001-B
359,20260920,3,7,11,-1,3,A,0.0,0.0,0.0,False,20260920-XRD125UFDR-001-A
360,20260920,3,7,11,-1,3,B,0.0,0.0,0.0,False,20260920-XRD125UFDR-001-B
361,20260921,3,7,11,-1,3,A,0.0,0.0,0.0,False,20260921-XRD125UFDR-001-A
362,20260921,3,7,11,-1,3,B,0.0,0.0,0.0,False,20260921-XRD125UFDR-001-B
363,20260922,3,7,11,-1,3,A,0.0,0.0,0.0,False,20260922-XRD125UFDR-001-A
364,20260922,3,7,11,-1,3,B,0.0,0.0,0.0,False,20260922-XRD125UFDR-001-B
365,20260923,3,7,11,-1,3,A,0.0,0.0,0.0,False,20260923-XRD125UFDR-001-A
366,20260923,3,7,11,-1,3,B,0.0,0.0,0.0,False,20260923-XRD125UFDR-001-B
367,20260924,3,7,11,-1,3,A,0.0,0.0,0.0,False,20260924-XRD125UFDR-001-A
368,20260924,3,7,11,-1,3,B,0.0,0.0,0.0,False,20260924-XRD125UFDR-001-B
369,20260925,3,7,11,-1,3,A,0.0,0.0,0.0,False,20260925-XRD125UFDR-001-A
370,20260925,3,7,11,-1,3,B,0.0,0.0,0.0,False,20260925-XRD125UFDR-001-B
371,20260925,3,7,11,-1,3,B,0.0,0.0,113.0,False,20260925-XRD125UFDR-001-B
372,20260826,4,11,16,207,2,A,0.0,0.0,0.0,False,20260826-XRD150U-002-A
373,20260826,4,11,16,66,2,B,0.0,7.95,7.95,False,20260826-XRD150U-002-B
374,20260827,4,11,16,207,2,A,7.95,28.8,20.85,False,20260827-XRD150U-002-A
375,20260827,4,11,16,66,2,B,28.8,44.9,16.1,False,20260827-XRD150U-002-B
376,20260828,4,11,16,66,2,A,44.9,60.35,15.45,False,20260828-XRD150U-002-A
377,20260828,4,11,16,6,2,B,60.35,60.35,0.0,False,20260828-XRD150U-002-B
378,20260829,4,11,16,66,2,A,60.35,71.8,11.45,False,20260829-XRD150U-002-A
379,20260829,4,11,17,6,2,B,0.0,0.0,0.0,False,20260829-XRD150U-002-B
380,20260830,4,11,17,66,2,A,0.0,0.0,0.0,False,20260830-XRD150U-002-A
381,20260830,4,11,17,6,2,B,71.8,82.5,10.7,False,20260830-XRD150U-002-B
382,20260825,4,11,17,-1,3,A,0.0,0.0,82.5,False,20260825-XRD150U-002-A
383,20260826,5,16,24,172,2,A,80.7,95.7,15.0,False,20260826-XRD90U-021-A
384,20260826,5,16,24,202,2,B,95.7,116.7,21.0,False,20260826-XRD90U-021-B
385,20260827,5,16,24,237,2,A,116.7,123.2,6.5,False,20260827-XRD90U-021-A
386,20260827,5,16,24,172,2,B,123.2,130.2,7.0,False,20260827-XRD90U-021-B
387,20260828,5,16,24,237,2,A,130.2,149.6,19.4,False,20260828-XRD90U-021-A
388,20260828,5,16,24,172,2,B,149.6,161.5,11.9,False,20260828-XRD90U-021-B
389,20260829,5,16,24,237,2,A,161.5,170.7,9.2,False,20260829-XRD90U-021-A
390,20260829,5,16,24,172,2,B,170.7,170.7,0.0,False,20260829-XRD90U-021-B
391,20260830,5,16,24,237,2,A,170.7,170.7,0.0,False,20260830-XRD90U-021-A
392,20260830,5,16,24,-1,2,B,170.7,170.7,0.0,False,20260830-XRD90U-021-B
393,20260825,5,16,24,-1,3,A,0.0,0.0,90.0,False,20260825-XRD90U-021-A
394,20260826,5,13,18,64,2,A,27.1,57.1,30.0,False,20260826-LM90U-001-A
395,20260826,5,13,18,345,2,B,57.1,63.1,6.0,False,20260826-LM90U-001-B
396,20260827,5,13,18,195,2,A,63.1,90.1,27.0,False,20260827-LM90U-001-A
397,20260827,5,13,18,64,2,B,90.1,123.1,33.0,False,20260827-LM90U-001-B
398,20260828,5,13,18,195,2,A,123.1,152.1,29.0,False,20260828-LM90U-001-A
399,20260828,5,13,18,64,2,B,152.1,179.8,27.7,False,20260828-LM90U-001-B
400,20260829,5,13,18,195,2,A,179.8,200.7,20.9,False,20260829-LM90U-001-A
401,20260829,5,13,18,64,2,B,200.7,215.85,15.15,False,20260829-LM90U-001-B
402,20260830,5,13,18,195,2,A,215.85,215.85,0.0,False,20260830-LM90U-001-A
403,20260830,5,13,18,64,2,B,215.85,215.85,0.0,False,20260830-LM90U-001-B
404,20260825,5,13,18,-1,3,A,0.0,0.0,188.75,False,20260825-LM90U-001-A
405,20260826,5,17,20,397,2,A,103.6,118.65,15.05,False,20260826-XRD90USS-003-A
406,20260826,5,17,20,193,2,B,118.65,133.5,14.85,False,20260826-XRD90USS-003-B
407,20260827,5,17,20,57,2,A,133.5,142.05,8.55,False,20260827-XRD90USS-003-A
408,20260827,5,17,20,397,2,B,142.05,156.0,13.95,False,20260827-XRD90USS-003-B
409,20260828,5,17,20,57,2,A,156.0,156.0,0.0,False,20260828-XRD90USS-003-A
410,20260828,5,17,23,397,2,B,0.0,3.1,3.1,False,20260828-XRD90USS-003-B
411,20260829,5,17,23,57,2,A,3.1,22.25,19.15,False,20260829-XRD90USS-003-A
412,20260829,5,17,23,397,2,B,22.25,48.0,25.75,False,20260829-XRD90USS-003-B
413,20260830,5,17,23,57,2,A,48.0,61.5,13.5,False,20260830-XRD90USS-003-A
414,20260830,5,17,23,397,2,B,61.5,78.5,17.0,False,20260830-XRD90USS-003-B
415,20260825,5,17,23,-1,3,A,0.0,0.0,130.9,False,20260825-XRD90USS-003-A
416,20260826,5,15,26,245,3,A,0.0,0.0,0.0,False,20260826-XRD150USS-005-A
417,20260826,5,15,26,170,3,B,0.0,0.0,0.0,False,20260826-XRD150USS-005-B
418,20260827,5,15,26,399,3,A,0.0,0.0,0.0,False,20260827-XRD150USS-005-A
419,20260827,5,15,26,3,3,B,0.0,0.0,0.0,False,20260827-XRD150USS-005-B
420,20260828,5,15,26,3,3,A,0.0,0.0,0.0,False,20260828-XRD150USS-005-A
421,20260828,5,15,26,399,3,B,0.0,0.0,0.0,False,20260828-XRD150USS-005-B
422,20260829,5,15,26,399,3,A,0.0,0.0,0.0,False,20260829-XRD150USS-005-A
423,20260829,5,15,26,3,3,B,0.0,0.0,0.0,False,20260829-XRD150USS-005-B
424,20260830,5,15,26,399,3,A,0.0,0.0,0.0,False,20260830-XRD150USS-005-A
425,20260830,5,15,26,172,3,B,0.0,0.0,0.0,False,20260830-XRD150USS-005-B
426,20260826,5,14,25,69,2,A,683.5,684.2,0.7,False,20260826-XRD120U-001-A
427,20260826,5,14,19,169,2,B,684.2,684.2,0.0,False,20260826-XRD120U-001-B
428,20260827,5,14,25,59,2,A,684.2,684.2,0.0,False,20260827-XRD120U-001-A
429,20260827,5,14,19,69,2,B,684.2,684.2,0.0,False,20260827-XRD120U-001-B
430,20260828,5,14,25,59,2,A,684.2,697.6,13.4,False,20260828-XRD120U-001-A
431,20260828,5,14,19,69,2,B,697.6,714.25,16.65,False,20260828-XRD120U-001-B
432,20260829,5,14,25,59,2,A,714.25,726.35,12.1,False,20260829-XRD120U-001-A
433,20260829,5,14,19,69,2,B,726.35,742.3,15.95,False,20260829-XRD120U-001-B
434,20260830,5,14,25,59,2,A,742.3,742.3,0.0,False,20260830-XRD120U-001-A
435,20260830,5,14,19,69,2,B,742.3,757.85,15.55,False,20260830-XRD120U-001-B
436,20260831,5,14,19,-1,3,A,757.85,0.0,0.0,False,20260831-XRD120U-001-A
437,20260831,5,14,19,-1,3,B,0.0,0.0,0.0,False,20260831-XRD120U-001-B
438,20260801,5,14,19,-1,3,A,0.0,0.0,0.0,False,20260801-XRD120U-001-A
439,20260825,5,14,19,-1,3,A,0.0,0.0,74.35,False,20260825-XRD120U-001-A
440,20260826,5,12,21,321,2,A,60.5,74.6,14.1,False,20260826-LM110U-001-A
441,20260826,5,12,21,417,2,B,74.6,79.5,4.9,False,20260826-LM110U-001-B
442,20260827,5,12,21,275,2,A,79.5,90.1,10.6,False,20260827-LM110U-001-A
443,20260827,5,12,21,321,2,B,90.1,106.7,16.6,False,20260827-LM110U-001-B
444,20260828,5,12,21,275,2,A,106.7,106.7,0.0,False,20260828-LM110U-001-A
445,20260828,5,12,22,321,2,B,0.0,11.1,11.1,False,20260828-LM110U-001-B
446,20260829,5,12,22,275,2,A,11.1,35.45,24.35,False,20260829-LM110U-001-A
447,20260829,5,12,22,321,2,B,35.45,61.4,25.95,False,20260829-LM110U-001-B
448,20260830,5,12,22,275,2,A,61.4,81.1,19.7,False,20260830-LM110U-001-A
449,20260830,5,12,22,321,2,B,81.1,101.4,20.3,False,20260830-LM110U-001-B
450,20260825,5,12,22,-1,3,A,0.0,0.0,147.6,False,20260825-LM110U-001-A
451,20260826,6,21,27,175,4,A,142.3,149.5,7.2,False,20260826-XRD50UFDR-001-A
452,20260826,6,21,27,263,4,B,149.5,161.3,11.8,False,20260826-XRD50UFDR-001-B
453,20260827,6,21,32,175,1,A,0.0,0.0,0.0,False,20260827-XRD50UFDR-001-A
454,20260827,6,21,32,263,1,B,0.0,10.2,10.2,False,20260827-XRD50UFDR-001-B
455,20260828,6,21,32,175,1,A,10.2,39.4,29.2,False,20260828-XRD50UFDR-001-A
456,20260828,6,21,32,263,1,B,39.4,74.6,35.2,False,20260828-XRD50UFDR-001-B
457,20260829,6,21,32,175,1,A,74.6,85.0,10.4,False,20260829-XRD50UFDR-001-A
458,20260829,6,21,33,263,1,B,0.0,16.4,16.4,False,20260829-XRD50UFDR-001-B
459,20260830,6,21,33,175,1,A,16.4,51.4,35.0,False,20260830-XRD50UFDR-001-A
460,20260830,6,21,33,263,1,B,51.4,83.0,31.6,False,20260830-XRD50UFDR-001-B
461,20260925,6,21,33,-1,3,A,0.0,0.0,187.0,False,20260925-XRD50UFDR-001-A
462,20260826,6,18,30,72,1,A,0.0,7.9,7.9,False,20260826-XLM75UFDR-003-A
463,20260826,6,18,30,37,1,B,7.9,22.5,14.6,False,20260826-XLM75UFDR-003-B
464,20260827,6,18,30,72,1,A,22.5,42.1,19.6,False,20260827-XLM75UFDR-003-A
465,20260827,6,18,30,37,1,B,42.1,54.6,12.5,False,20260827-XLM75UFDR-003-B
466,20260828,6,18,30,72,1,A,54.6,70.0,15.4,False,20260828-XLM75UFDR-003-A
467,20260828,6,18,30,37,1,B,70.0,100.5,30.5,False,20260828-XLM75UFDR-003-B
468,20260829,6,18,30,72,1,A,100.5,129.0,28.5,False,20260829-XLM75UFDR-003-A
469,20260829,6,18,30,37,1,B,129.0,154.5,25.5,False,20260829-XLM75UFDR-003-B
470,20260830,6,18,34,72,1,A,0.0,15.5,15.5,False,20260830-XLM75UFDR-003-A
471,20260830,6,18,34,37,1,B,15.5,36.5,21.0,False,20260830-XLM75UFDR-003-B
472,20260925,6,18,34,-1,3,A,0.0,0.0,191.0,False,20260925-XLM75UFDR-003-A
473,20260826,6,22,31,71,2,A,0.0,0.0,0.0,False,20260826-XRD80USS-006-A
474,20260826,6,22,31,364,2,B,0.0,0.0,0.0,False,20260826-XRD80USS-006-B
475,20260827,6,22,31,71,2,A,0.0,21.0,21.0,False,20260827-XRD80USS-006-A
476,20260827,6,22,31,364,2,B,21.0,27.0,6.0,False,20260827-XRD80USS-006-B
477,20260828,6,22,31,71,4,A,27.0,48.0,21.0,False,20260828-XRD80USS-006-A
478,20260828,6,22,31,364,4,B,48.0,60.0,12.0,False,20260828-XRD80USS-006-B
479,20260829,6,22,31,71,2,A,60.0,61.3,1.3,False,20260829-XRD80USS-006-A
480,20260829,6,22,31,71,4,A,61.3,73.1,11.8,False,20260829-XRD80USS-006-A
481,20260829,6,22,31,364,4,B,73.1,84.7,11.6,False,20260829-XRD80USS-006-B
482,20260830,6,22,31,71,4,A,84.7,101.0,16.3,False,20260830-XRD80USS-006-A
483,20260830,6,22,31,364,4,B,101.0,135.1,34.1,False,20260830-XRD80USS-006-B
484,20260925,6,22,31,-1,3,A,0.0,0.0,135.1,False,20260925-XRD80USS-006-A
485,20260826,6,19,29,306,4,A,39.0,49.3,10.3,False,20260826-XRD125UFDR-002-A
486,20260826,6,19,29,253,4,B,49.3,61.2,11.9,False,20260826-XRD125UFDR-002-B
487,20260827,6,19,29,306,4,A,61.2,82.5,21.3,False,20260827-XRD125UFDR-002-A
488,20260827,6,19,29,253,4,B,82.5,104.3,21.8,False,20260827-XRD125UFDR-002-B
489,20260828,6,19,29,306,4,A,104.3,113.8,9.5,False,20260828-XRD125UFDR-002-A
490,20260828,6,19,29,253,4,B,113.8,127.1,13.3,False,20260828-XRD125UFDR-002-B
491,20260829,6,19,29,306,4,A,127.1,141.7,14.6,False,20260829-XRD125UFDR-002-A
492,20260829,6,19,29,253,4,B,141.7,168.0,26.3,False,20260829-XRD125UFDR-002-B
493,20260830,6,19,29,306,4,A,168.0,196.4,28.4,False,20260830-XRD125UFDR-002-A
494,20260830,6,19,35,253,4,B,0.0,0.0,0.0,False,20260830-XRD125UFDR-002-B
495,20260925,6,19,35,-1,3,A,0.0,0.0,157.4,False,20260925-XRD125UFDR-002-A
496,20260826,6,20,28,214,2,A,93.9,124.6,30.7,False,20260826-XRD150U-008-A
497,20260826,6,20,28,325,2,B,124.6,136.0,11.4,False,20260826-XRD150U-008-B
498,20260827,6,20,28,214,2,A,136.0,143.7,7.7,False,20260827-XRD150U-008-A
499,20260827,6,20,28,325,2,B,143.7,150.3,6.6,False,20260827-XRD150U-008-B
500,20260828,6,20,28,214,2,A,150.3,153.9,3.6,False,20260828-XRD150U-008-A
501,20260828,6,20,28,325,2,B,153.9,168.1,14.2,False,20260828-XRD150U-008-B
502,20260829,6,20,28,214,2,A,168.1,198.2,30.1,False,20260829-XRD150U-008-A
503,20260829,6,20,28,325,2,B,198.2,223.5,25.3,False,20260829-XRD150U-008-B
504,20260830,6,20,28,214,2,A,223.5,233.9,10.4,False,20260830-XRD150U-008-A
505,20260830,6,20,36,325,2,B,0.0,0.0,0.0,False,20260830-XRD150U-008-B
506,20260925,6,20,36,-1,3,A,0.0,0.0,140.0,False,20260925-XRD150U-008-A
507,20260826,7,23,37,284,1,A,345.5,352.8,7.3,False,20260826-XRD80USS-012-A
508,20260826,7,23,37,405,1,B,352.8,369.0,16.2,False,20260826-XRD80USS-012-B
509,20260827,7,23,37,123,1,A,369.0,378.6,9.6,False,20260827-XRD80USS-012-A
510,20260827,7,23,37,284,1,B,378.6,390.0,11.4,False,20260827-XRD80USS-012-B
511,20260828,7,23,37,123,1,A,390.0,390.0,0.0,False,20260828-XRD80USS-012-A
512,20260828,7,23,37,284,1,B,390.0,402.5,12.5,False,20260828-XRD80USS-012-B
513,20260829,7,23,37,123,1,A,402.5,419.4,16.9,False,20260829-XRD80USS-012-A
514,20260829,7,23,37,284,1,B,419.4,428.2,8.8,False,20260829-XRD80USS-012-B
515,20260830,7,23,37,123,1,A,428.2,444.9,16.7,False,20260830-XRD80USS-012-A
516,20260830,7,23,37,284,1,B,0.0,0.0,0.0,False,20260830-XRD80USS-012-B
517,20260925,7,23,37,-1,3,A,0.0,0.0,99.4,False,20260925-XRD80USS-012-A
518,20260826,8,27,38,344,2,A,36.0,38.2,2.2,False,20260826-XRD80ITH-001-A
519,20260826,8,27,38,3,2,B,38.2,38.2,0.0,False,20260826-XRD80ITH-001-B
520,20260827,8,27,38,3,2,A,38.2,38.2,0.0,False,20260827-XRD80ITH-001-A
521,20260827,8,27,38,3,2,B,38.2,38.2,0.0,False,20260827-XRD80ITH-001-B
522,20260828,8,27,38,344,2,A,38.2,38.2,0.0,False,20260828-XRD80ITH-001-A
523,20260828,8,27,39,117,2,B,0.0,31.5,31.5,False,20260828-XRD80ITH-001-B
524,20260829,8,27,39,-1,2,A,31.5,31.5,0.0,False,20260829-XRD80ITH-001-A
525,20260829,8,27,39,-1,2,B,31.5,31.5,0.0,False,20260829-XRD80ITH-001-B
526,20260830,8,27,39,-1,2,A,31.5,31.5,0.0,False,20260830-XRD80ITH-001-A
527,20260830,8,27,39,-1,2,B,31.5,31.5,0.0,False,20260830-XRD80ITH-001-B
528,20260825,8,27,39,-1,3,A,0.0,0.0,33.7,False,20260825-XRD80ITH-001-A
529,20260826,8,24,43,272,1,A,91.7,103.7,12.0,False,20260826-XLM75UFDR-002-A
530,20260826,8,24,43,332,1,B,103.7,122.8,19.1,False,20260826-XLM75UFDR-002-B
531,20260827,8,24,43,62,1,A,122.8,140.6,17.8,False,20260827-XLM75UFDR-002-A
532,20260827,8,24,43,272,1,B,140.6,159.6,19.0,False,20260827-XLM75UFDR-002-B
533,20260828,8,24,43,62,1,A,159.6,171.4,11.8,False,20260828-XLM75UFDR-002-A
534,20260828,8,24,43,272,1,B,171.4,171.4,0.0,False,20260828-XLM75UFDR-002-B
535,20260829,8,24,45,62,1,A,0.0,39.1,39.1,False,20260829-XLM75UFDR-002-A
536,20260829,8,24,45,272,1,B,39.1,82.6,43.5,False,20260829-XLM75UFDR-002-B
537,20260830,8,24,45,62,1,A,82.6,109.5,26.9,False,20260830-XLM75UFDR-002-A
538,20260830,8,24,45,272,1,B,109.5,136.8,27.3,False,20260830-XLM75UFDR-002-B
539,20260825,8,24,45,-1,3,A,0.0,0.0,216.5,False,20260825-XLM75UFDR-002-A
540,20260826,8,25,40,122,4,A,127.2,135.9,8.7,False,20260826-XLM75UFDR-004-A
541,20260826,8,25,40,369,4,B,135.9,150.0,14.1,False,20260826-XLM75UFDR-004-B
542,20260827,8,25,40,189,4,A,150.0,150.0,0.0,False,20260827-XLM75UFDR-004-A
543,20260827,8,25,41,122,4,B,0.0,25.5,25.5,False,20260827-XLM75UFDR-004-B
544,20260828,8,25,41,189,4,A,25.5,53.8,28.3,False,20260828-XLM75UFDR-004-A
545,20260828,8,25,41,122,4,B,53.8,82.5,28.7,False,20260828-XLM75UFDR-004-B
546,20260829,8,25,41,189,4,A,82.5,90.9,8.4,False,20260829-XLM75UFDR-004-A
547,20260829,8,25,41,122,4,B,90.9,101.7,10.8,False,20260829-XLM75UFDR-004-B
548,20260830,8,25,41,189,4,A,101.7,114.9,13.2,False,20260830-XLM75UFDR-004-A
549,20260830,8,25,41,122,4,B,114.9,122.0,7.1,False,20260830-XLM75UFDR-004-B
550,20260825,8,25,41,-1,3,A,0.0,0.0,144.8,False,20260825-XLM75UFDR-004-A
551,20260826,8,26,42,292,2,A,321.0,321.0,0.0,False,20260826-XRD150USS-003-A
552,20260826,8,26,42,143,2,B,321.0,321.0,0.0,False,20260826-XRD150USS-003-B
553,20260827,8,26,44,315,2,A,0.0,0.7,0.7,False,20260827-XRD150USS-003-A
554,20260827,8,26,44,292,2,B,0.7,23.1,22.4,False,20260827-XRD150USS-003-B
555,20260828,8,26,44,315,2,A,23.1,36.0,12.9,False,20260828-XRD150USS-003-A
556,20260828,8,26,44,292,2,B,36.0,56.3,20.3,False,20260828-XRD150USS-003-B
557,20260829,8,26,44,315,2,A,56.3,65.0,8.7,False,20260829-XRD150USS-003-A
558,20260829,8,26,44,292,2,B,65.0,74.4,9.4,False,20260829-XRD150USS-003-B
559,20260830,8,26,44,315,2,A,74.4,83.4,9.0,False,20260830-XRD150USS-003-A
560,20260830,8,26,44,292,2,B,83.4,84.0,0.6,False,20260830-XRD150USS-003-B
561,20260825,8,26,44,-1,3,A,0.0,0.0,84.0,False,20260825-XRD150USS-003-A
562,20260826,9,28,46,255,2,A,0.0,0.0,0.0,False,20260826-XRD100ST-001-A
563,20260826,9,28,46,221,2,B,0.0,0.0,0.0,False,20260826-XRD100ST-001-B
564,20260827,9,28,46,221,2,A,0.0,0.0,0.0,False,20260827-XRD100ST-001-A
565,20260827,9,28,46,277,2,B,0.0,0.0,0.0,False,20260827-XRD100ST-001-B
566,20260828,9,28,47,221,2,A,0.0,0.0,0.0,False,20260828-XRD100ST-001-A
567,20260828,9,28,47,277,2,B,0.0,8.1,8.1,False,20260828-XRD100ST-001-B
568,20260829,9,28,47,221,2,A,8.1,17.1,9.0,False,20260829-XRD100ST-001-A
569,20260829,9,28,47,277,2,B,17.1,41.1,24.0,False,20260829-XRD100ST-001-B
570,20260830,9,28,47,221,2,A,41.1,68.1,27.0,False,20260830-XRD100ST-001-A
571,20260830,9,28,47,277,2,B,68.1,95.1,27.0,False,20260830-XRD100ST-001-B
572,20260825,9,28,47,-1,3,A,0.0,0.0,95.1,False,20260825-XRD100ST-001-A
573,20260826,10,33,53,23,4,A,0.0,0.0,0.0,False,20260826-XRD80USS-008-A
574,20260826,10,33,53,3,4,B,0.0,0.0,0.0,False,20260826-XRD80USS-008-B
575,20260827,10,33,53,23,4,A,0.0,0.0,0.0,False,20260827-XRD80USS-008-A
576,20260827,10,33,53,3,4,B,0.0,0.0,0.0,False,20260827-XRD80USS-008-B
577,20260828,10,33,65,381,4,A,0.0,0.0,0.0,False,20260828-XRD80USS-008-A
578,20260828,10,33,65,74,4,B,0.0,0.0,0.0,False,20260828-XRD80USS-008-B
579,20260829,10,33,65,381,4,A,0.0,2.0,2.0,False,20260829-XRD80USS-008-A
580,20260829,10,33,65,74,4,B,2.0,6.0,4.0,False,20260829-XRD80USS-008-B
581,20260830,10,33,66,398,4,A,0.0,6.0,6.0,False,20260830-XRD80USS-008-A
582,20260830,10,33,64,74,4,B,0.0,6.0,6.0,False,20260830-XRD80USS-008-B
583,20260925,10,33,64,-1,3,A,0.0,0.0,18.0,False,20260925-XRD80USS-008-A
584,20260826,10,35,50,336,2,A,327.3,341.3,14.0,False,20260826-XRD90U-016-A
585,20260826,10,35,50,409,2,B,341.3,358.5,17.2,False,20260826-XRD90U-016-B
586,20260827,10,35,50,336,2,A,358.5,370.6,12.1,False,20260827-XRD90U-016-A
587,20260827,10,35,50,409,2,B,370.6,370.6,0.0,False,20260827-XRD90U-016-B
588,20260828,10,35,50,409,2,A,370.6,370.6,0.0,False,20260828-XRD90U-016-A
589,20260828,10,35,52,354,2,B,0.0,12.0,12.0,False,20260828-XRD90U-016-B
590,20260829,10,35,52,409,2,A,12.0,41.9,29.9,False,20260829-XRD90U-016-A
591,20260829,10,35,52,354,2,B,41.9,67.6,25.7,False,20260829-XRD90U-016-B
592,20260830,10,35,52,409,2,A,67.6,71.8,4.2,False,20260830-XRD90U-016-A
593,20260830,10,35,52,354,2,B,71.8,85.7,13.9,False,20260830-XRD90U-016-B
594,20260925,10,35,52,-1,3,A,0.0,0.0,129.0,False,20260925-XRD90U-016-A
595,20260826,10,30,51,310,2,A,235.5,249.3,13.8,False,20260826-XRD150U-003-A
596,20260826,10,30,51,380,2,B,249.3,255.3,6.0,False,20260826-XRD150U-003-B
597,20260827,10,30,51,310,2,A,255.3,265.7,10.4,False,20260827-XRD150U-003-A
598,20260827,10,30,51,380,2,B,265.7,280.4,14.7,False,20260827-XRD150U-003-B
599,20260828,10,30,51,380,2,A,280.4,286.5,6.1,False,20260828-XRD150U-003-A
600,20260828,10,30,51,157,2,B,286.5,300.0,13.5,False,20260828-XRD150U-003-B
601,20260829,10,30,51,380,2,A,300.0,316.5,16.5,False,20260829-XRD150U-003-A
602,20260829,10,30,51,157,2,B,316.5,331.5,15.0,False,20260829-XRD150U-003-B
603,20260830,10,30,51,380,2,A,331.5,343.5,12.0,False,20260830-XRD150U-003-A
604,20260830,10,30,51,157,2,B,343.5,357.0,13.5,False,20260830-XRD150U-003-B
605,20260925,10,30,51,-1,3,A,0.0,0.0,121.5,False,20260925-XRD150U-003-A
606,20260826,10,29,54,239,4,A,0.0,0.0,0.0,False,20260826-XLM75UFDR-001-A
607,20260826,10,29,54,3,4,B,0.0,0.0,0.0,False,20260826-XLM75UFDR-001-B
608,20260827,10,29,54,239,4,A,0.0,0.0,0.0,False,20260827-XLM75UFDR-001-A
609,20260827,10,29,55,129,4,B,0.0,15.9,15.9,False,20260827-XLM75UFDR-001-B
610,20260828,10,29,55,129,4,A,15.9,20.7,4.8,False,20260828-XLM75UFDR-001-A
611,20260828,10,29,55,138,4,B,20.7,39.6,18.9,False,20260828-XLM75UFDR-001-B
612,20260829,10,29,55,129,4,A,39.6,39.6,0.0,False,20260829-XLM75UFDR-001-A
613,20260829,10,29,55,138,4,B,39.6,39.6,0.0,False,20260829-XLM75UFDR-001-B
614,20260830,10,29,55,129,4,A,39.6,41.4,1.8,False,20260830-XLM75UFDR-001-A
615,20260830,10,29,55,138,4,B,41.4,42.0,0.6,False,20260830-XLM75UFDR-001-B
616,20260925,10,29,55,-1,3,A,0.0,0.0,42.0,False,20260925-XLM75UFDR-001-A
617,20260826,10,32,48,3,2,A,0.0,0.0,0.0,False,20260826-XRD250U-001-A
618,20260826,10,32,48,3,2,B,0.0,0.0,0.0,False,20260826-XRD250U-001-B
619,20260827,10,32,48,3,2,A,0.0,0.0,0.0,False,20260827-XRD250U-001-A
620,20260827,10,32,48,3,2,B,0.0,0.0,0.0,False,20260827-XRD250U-001-B
621,20260828,10,32,48,3,2,A,0.0,0.0,0.0,False,20260828-XRD250U-001-A
622,20260828,10,32,48,3,2,B,0.0,0.0,0.0,False,20260828-XRD250U-001-B
623,20260829,10,32,48,3,2,A,0.0,0.0,0.0,False,20260829-XRD250U-001-A
624,20260829,10,32,48,3,2,B,0.0,0.0,0.0,False,20260829-XRD250U-001-B
625,20260830,10,32,48,3,2,A,0.0,0.0,0.0,False,20260830-XRD250U-001-A
626,20260830,10,32,48,3,2,B,0.0,0.0,0.0,False,20260830-XRD250U-001-B
627,20260826,10,34,49,190,4,A,159.9,169.5,9.6,False,20260826-XRD90U-012-A
628,20260826,10,34,49,129,4,B,169.5,176.0,6.5,False,20260826-XRD90U-012-B
629,20260827,10,34,49,190,4,A,176.0,176.0,0.0,False,20260827-XRD90U-012-A
630,20260827,10,34,49,3,4,B,176.0,176.0,0.0,False,20260827-XRD90U-012-B
631,20260828,10,34,49,3,4,A,176.0,176.0,0.0,False,20260828-XRD90U-012-A
632,20260828,10,34,49,3,4,B,176.0,176.0,0.0,False,20260828-XRD90U-012-B
633,20260829,10,34,49,3,4,A,176.0,176.0,0.0,False,20260829-XRD90U-012-A
634,20260829,10,34,49,3,4,B,176.0,176.0,0.0,False,20260829-XRD90U-012-B
635,20260830,10,34,49,3,4,A,176.0,176.0,0.0,False,20260830-XRD90U-012-A
636,20260830,10,34,49,3,4,B,176.0,176.0,0.0,False,20260830-XRD90U-012-B
637,20260925,10,34,49,-1,3,A,0.0,0.0,16.1,False,20260925-XRD90U-012-A
638,20260826,10,31,56,411,4,A,0.0,9.0,9.0,False,20260826-XRD150USS-004-A
639,20260826,10,31,63,398,4,B,0.0,9.0,9.0,False,20260826-XRD150USS-004-B
640,20260826,10,31,57,398,4,B,0.0,9.0,9.0,False,20260826-XRD150USS-004-B
641,20260827,10,31,62,411,4,A,0.0,6.0,6.0,False,20260827-XRD150USS-004-A
642,20260827,10,31,58,398,4,B,0.0,12.0,12.0,False,20260827-XRD150USS-004-B
643,20260827,10,31,61,398,4,B,0.0,3.0,3.0,False,20260827-XRD150USS-004-B
644,20260828,10,31,61,398,4,A,3.0,6.0,3.0,False,20260828-XRD150USS-004-A
645,20260828,10,31,59,279,4,B,0.0,12.0,12.0,False,20260828-XRD150USS-004-B
646,20260828,10,31,60,279,4,B,0.0,9.0,9.0,False,20260828-XRD150USS-004-B
647,20260829,10,31,60,398,4,A,9.0,12.0,3.0,False,20260829-XRD150USS-004-A
648,20260829,10,31,59,279,4,B,12.0,12.0,0.0,False,20260829-XRD150USS-004-B
649,20260830,10,31,59,381,4,A,12.0,12.0,0.0,False,20260830-XRD150USS-004-A
650,20260830,10,31,67,279,4,B,0.0,0.0,0.0,False,20260830-XRD150USS-004-B
651,20260925,10,31,67,-1,3,A,0.0,0.0,75.0,False,20260925-XRD150USS-004-A
652,20260826,11,36,71,197,2,A,161.1,174.1,13.0,False,20260826-XRD150U-004-A
653,20260826,11,36,71,31,2,B,174.1,184.0,9.9,False,20260826-XRD150U-004-B
654,20260827,11,36,71,197,2,A,184.0,202.0,18.0,False,20260827-XRD150U-004-A
655,20260827,11,36,71,31,2,B,202.0,215.6,13.6,False,20260827-XRD150U-004-B
656,20260828,11,36,71,197,2,A,215.6,227.8,12.2,False,20260828-XRD150U-004-A
657,20260828,11,36,71,31,2,B,227.8,239.1,11.3,False,20260828-XRD150U-004-B
658,20260829,11,36,71,197,2,A,239.1,256.1,17.0,False,20260829-XRD150U-004-A
659,20260829,11,36,71,31,2,B,256.1,274.2,18.1,False,20260829-XRD150U-004-B
660,20260830,11,36,71,197,2,A,274.2,287.7,13.5,False,20260830-XRD150U-004-A
661,20260830,11,36,71,31,2,B,287.7,297.9,10.2,False,20260830-XRD150U-004-B
662,20260925,11,36,71,-1,3,A,0.0,0.0,136.8,False,20260925-XRD150U-004-A
663,20260826,11,37,68,257,2,A,94.1,106.1,12.0,False,20260826-XRD150U-006-A
664,20260826,11,37,68,385,2,B,106.1,121.6,15.5,False,20260826-XRD150U-006-B
665,20260827,11,37,68,257,2,A,121.6,150.7,29.1,False,20260827-XRD150U-006-A
666,20260827,11,37,69,385,2,B,0.0,24.0,24.0,False,20260827-XRD150U-006-B
667,20260828,11,37,70,257,2,A,0.0,36.6,36.6,False,20260828-XRD150U-006-A
668,20260828,11,37,70,385,2,B,36.6,73.1,36.5,False,20260828-XRD150U-006-B
669,20260829,11,37,70,257,2,A,73.1,89.2,16.1,False,20260829-XRD150U-006-A
670,20260829,11,37,70,385,2,B,89.2,98.4,9.2,False,20260829-XRD150U-006-B
671,20260830,11,37,70,257,2,A,98.4,115.6,17.2,False,20260830-XRD150U-006-A
672,20260830,11,37,70,385,2,B,115.6,132.1,16.5,False,20260830-XRD150U-006-B
673,20260925,11,37,70,-1,3,A,0.0,0.0,212.7,False,20260925-XRD150U-006-A
674,20260826,12,40,72,294,2,A,239.7,241.0,1.3,False,20260826-XRD90USS-005-A
675,20260826,12,40,72,167,2,B,241.0,248.5,7.5,False,20260826-XRD90USS-005-B
676,20260827,12,40,72,294,2,A,248.5,254.8,6.3,False,20260827-XRD90USS-005-A
677,20260827,12,40,72,136,3,B,0.0,0.0,0.0,False,20260827-XRD90USS-005-B
678,20260828,12,40,72,120,2,A,254.8,263.8,9.0,False,20260828-XRD90USS-005-A
679,20260828,12,40,72,136,3,B,0.0,0.0,0.0,False,20260828-XRD90USS-005-B
680,20260829,12,40,72,161,2,A,263.8,269.8,6.0,False,20260829-XRD90USS-005-A
681,20260829,12,40,72,-1,3,B,0.0,0.0,0.0,False,20260829-XRD90USS-005-B
682,20260830,12,40,72,161,2,A,269.8,280.5,10.7,False,20260830-XRD90USS-005-A
683,20260830,12,40,72,-1,3,B,280.5,0.0,0.0,False,20260830-XRD90USS-005-B
684,20260925,12,40,72,-1,3,A,0.0,0.0,40.8,False,20260925-XRD90USS-005-A
685,20260826,12,38,74,136,4,A,100.95,100.95,0.0,False,20260826-XRD150USS-002-A
686,20260826,12,38,74,52,4,B,100.95,131.55,30.6,False,20260826-XRD150USS-002-B
687,20260827,12,38,74,136,3,A,0.0,0.0,0.0,False,20260827-XRD150USS-002-A
688,20260827,12,38,74,52,4,B,131.55,169.7,38.15,False,20260827-XRD150USS-002-B
689,20260828,12,38,74,136,3,A,0.0,0.0,0.0,False,20260828-XRD150USS-002-A
690,20260828,12,38,74,295,4,B,169.7,186.0,16.3,False,20260828-XRD150USS-002-B
691,20260829,12,38,74,136,3,A,0.0,0.0,0.0,False,20260829-XRD150USS-002-A
692,20260829,12,38,74,295,4,B,186.0,190.2,4.2,False,20260829-XRD150USS-002-B
693,20260830,12,38,74,-1,3,A,0.0,0.0,0.0,False,20260830-XRD150USS-002-A
694,20260830,12,38,74,295,4,B,190.2,202.0,11.8,False,20260830-XRD150USS-002-B
695,20260925,12,38,74,-1,3,A,0.0,0.0,101.05,False,20260925-XRD150USS-002-A
696,20260826,12,39,73,-1,3,A,0.0,0.0,0.0,False,20260826-XRD80USS-011-A
697,20260826,12,39,73,-1,3,B,0.0,0.0,0.0,False,20260826-XRD80USS-011-B
698,20260827,12,39,73,-1,3,A,0.0,0.0,0.0,False,20260827-XRD80USS-011-A
699,20260827,12,39,73,166,4,B,0.0,0.0,0.0,False,20260827-XRD80USS-011-B
700,20260828,12,39,73,161,4,A,0.0,0.0,0.0,False,20260828-XRD80USS-011-A
701,20260828,12,39,73,-1,3,B,0.0,0.0,0.0,False,20260828-XRD80USS-011-B
702,20260829,12,39,73,-1,3,A,0.0,0.0,0.0,False,20260829-XRD80USS-011-A
703,20260829,12,39,73,120,4,B,0.0,0.0,0.0,False,20260829-XRD80USS-011-B
704,20260830,12,39,73,-1,3,A,0.0,0.0,0.0,False,20260830-XRD80USS-011-A
705,20260830,12,39,73,120,4,B,0.0,0.0,0.0,False,20260830-XRD80USS-011-B
706,20260826,13,44,77,85,1,A,90.67,99.49,8.82,False,20260826-XRD90USS-004-A
707,20260826,13,44,79,215,1,B,0.0,18.02,18.02,False,20260826-XRD90USS-004-B
708,20260827,13,44,79,85,1,A,18.02,40.3,22.28,False,20260827-XRD90USS-004-A
709,20260827,13,44,79,215,1,B,40.3,77.79,37.49,False,20260827-XRD90USS-004-B
710,20260828,13,44,79,85,1,A,77.79,100.11,22.32,False,20260828-XRD90USS-004-A
711,20260828,13,44,79,215,1,B,100.11,106.39,6.28,False,20260828-XRD90USS-004-B
712,20260829,13,44,80,85,1,A,0.0,23.86,23.86,False,20260829-XRD90USS-004-A
713,20260829,13,44,80,215,1,B,23.86,53.98,30.12,False,20260829-XRD90USS-004-B
714,20260830,13,44,80,85,1,A,53.98,88.32,34.34,False,20260830-XRD90USS-004-A
715,20260830,13,44,80,215,1,B,88.32,103.45,15.13,False,20260830-XRD90USS-004-B
716,20260825,13,44,80,-1,3,A,0.0,0.0,218.66,False,20260825-XRD90USS-004-A
717,20260826,13,43,78,401,1,A,33.86,55.8,21.94,False,20260826-XRD90USS-001-A
718,20260826,13,43,78,308,1,B,55.8,0.0,0.0,False,20260826-XRD90USS-001-B
719,20260827,13,43,78,401,1,A,55.8,68.61,12.81,False,20260827-XRD90USS-001-A
720,20260827,13,43,78,308,1,B,68.61,75.06,6.45,False,20260827-XRD90USS-001-B
721,20260827,13,43,78,308,1,B,75.06,90.43,15.37,False,20260827-XRD90USS-001-B
722,20260828,13,43,78,401,1,A,90.43,106.61,16.18,False,20260828-XRD90USS-001-A
723,20260828,13,43,78,308,1,B,106.61,112.61,6.0,False,20260828-XRD90USS-001-B
724,20260829,13,43,81,401,1,A,0.0,5.58,5.58,False,20260829-XRD90USS-001-A
725,20260829,13,43,81,308,1,B,5.58,27.51,21.93,False,20260829-XRD90USS-001-B
726,20260830,13,43,81,401,1,A,27.51,0.0,0.0,False,20260830-XRD90USS-001-A
727,20260830,13,43,81,308,1,B,27.51,52.3,24.79,False,20260830-XRD90USS-001-B
728,20260825,13,43,81,-1,3,A,0.0,0.0,131.05,False,20260825-XRD90USS-001-A
729,20260826,13,42,76,394,3,A,0.0,0.0,0.0,False,20260826-XRD150UBT-001-A
730,20260826,13,42,76,233,3,B,0.0,0.0,0.0,False,20260826-XRD150UBT-001-B
731,20260827,13,42,76,394,2,A,0.0,34.33,34.33,False,20260827-XRD150UBT-001-A
732,20260827,13,42,76,233,2,B,34.33,62.0,27.67,False,20260827-XRD150UBT-001-B
733,20260828,13,42,76,394,2,A,62.0,93.02,31.02,False,20260828-XRD150UBT-001-A
734,20260828,13,42,76,233,2,B,93.02,113.45,20.43,False,20260828-XRD150UBT-001-B
735,20260829,13,42,76,394,2,A,113.45,128.96,15.51,False,20260829-XRD150UBT-001-A
736,20260829,13,42,76,233,2,B,128.96,146.04,17.08,False,20260829-XRD150UBT-001-B
737,20260830,13,42,76,394,2,A,146.04,165.67,19.63,False,20260830-XRD150UBT-001-A
738,20260830,13,42,76,233,2,B,165.67,177.9,12.23,False,20260830-XRD150UBT-001-B
739,20260825,13,42,76,-1,3,A,0.0,0.0,177.9,False,20260825-XRD150UBT-001-A
740,20260826,13,41,75,351,2,A,83.36,95.92,12.56,False,20260826-XRD150U-005-A
741,20260826,13,41,75,229,2,B,95.92,111.15,15.23,False,20260826-XRD150U-005-B
742,20260827,13,41,75,351,2,A,111.15,117.83,6.68,False,20260827-XRD150U-005-A
743,20260827,13,41,75,229,2,B,117.83,123.85,6.02,False,20260827-XRD150U-005-B
744,20260828,13,41,75,351,2,A,123.85,136.61,12.76,False,20260828-XRD150U-005-A
745,20260828,13,41,75,229,2,B,136.61,157.53,20.92,False,20260828-XRD150U-005-B
746,20260829,13,41,75,351,2,A,157.53,171.75,14.22,False,20260829-XRD150U-005-A
747,20260829,13,41,75,229,2,B,171.75,176.44,4.69,False,20260829-XRD150U-005-B
748,20260830,13,41,75,351,2,A,176.44,182.63,6.19,False,20260830-XRD150U-005-A
749,20260830,13,41,75,229,2,B,182.63,189.58,6.95,False,20260830-XRD150U-005-B
750,20260825,13,41,75,-1,3,A,0.0,0.0,106.22,False,20260825-XRD150U-005-A
751,20260826,14,48,83,191,2,A,140.0,142.0,2.0,False,20260826-XRD90U-023-A
752,20260826,14,48,83,140,2,B,142.0,144.2,2.2,False,20260826-XRD90U-023-B
753,20260827,14,48,83,191,2,A,144.2,145.5,1.3,False,20260827-XRD90U-023-A
754,20260827,14,48,83,140,3,B,145.5,0.0,0.0,False,20260827-XRD90U-023-B
755,20260828,14,48,83,191,3,A,0.0,0.0,0.0,False,20260828-XRD90U-023-A
756,20260828,14,48,85,140,2,B,0.0,27.15,27.15,False,20260828-XRD90U-023-B
757,20260829,14,48,85,191,3,A,27.15,0.0,0.0,False,20260829-XRD90U-023-A
758,20260829,14,48,85,140,3,B,0.0,0.0,0.0,False,20260829-XRD90U-023-B
759,20260830,14,48,85,191,3,A,0.0,0.0,0.0,False,20260830-XRD90U-023-A
760,20260830,14,48,85,140,3,B,0.0,0.0,0.0,False,20260830-XRD90U-023-B
761,20260831,14,48,85,-1,3,A,0.0,0.0,0.0,False,20260831-XRD90U-023-A
762,20260831,14,48,85,-1,3,B,0.0,0.0,0.0,False,20260831-XRD90U-023-B
763,20260801,14,48,85,-1,3,A,0.0,0.0,0.0,False,20260801-XRD90U-023-A
764,20260801,14,48,85,-1,3,B,0.0,0.0,0.0,False,20260801-XRD90U-023-B
765,20260802,14,48,85,-1,3,A,0.0,0.0,0.0,False,20260802-XRD90U-023-A
766,20260802,14,48,85,-1,3,B,0.0,0.0,0.0,False,20260802-XRD90U-023-B
767,20260803,14,48,85,-1,3,A,0.0,0.0,0.0,False,20260803-XRD90U-023-A
768,20260803,14,48,85,-1,3,B,0.0,0.0,0.0,False,20260803-XRD90U-023-B
769,20260804,14,48,85,-1,3,A,0.0,0.0,0.0,False,20260804-XRD90U-023-A
770,20260804,14,48,85,-1,3,B,0.0,0.0,0.0,False,20260804-XRD90U-023-B
771,20260805,14,48,85,-1,3,A,0.0,0.0,0.0,False,20260805-XRD90U-023-A
772,20260805,14,48,85,-1,3,B,0.0,0.0,0.0,False,20260805-XRD90U-023-B
773,20260806,14,48,85,-1,3,A,0.0,0.0,0.0,False,20260806-XRD90U-023-A
774,20260806,14,48,85,-1,3,B,0.0,0.0,0.0,False,20260806-XRD90U-023-B
775,20260807,14,48,85,-1,3,A,0.0,0.0,0.0,False,20260807-XRD90U-023-A
776,20260807,14,48,85,-1,3,B,0.0,0.0,0.0,False,20260807-XRD90U-023-B
777,20260808,14,48,85,-1,3,A,0.0,0.0,0.0,False,20260808-XRD90U-023-A
778,20260808,14,48,85,-1,3,B,0.0,0.0,0.0,False,20260808-XRD90U-023-B
779,20260809,14,48,85,-1,3,A,0.0,0.0,0.0,False,20260809-XRD90U-023-A
780,20260809,14,48,85,-1,3,B,0.0,0.0,0.0,False,20260809-XRD90U-023-B
781,20260810,14,48,85,-1,3,A,0.0,0.0,0.0,False,20260810-XRD90U-023-A
782,20260810,14,48,85,-1,3,B,0.0,0.0,0.0,False,20260810-XRD90U-023-B
783,20260811,14,48,85,-1,3,A,0.0,0.0,0.0,False,20260811-XRD90U-023-A
784,20260811,14,48,85,-1,3,B,0.0,0.0,0.0,False,20260811-XRD90U-023-B
785,20260812,14,48,85,-1,3,A,0.0,0.0,0.0,False,20260812-XRD90U-023-A
786,20260812,14,48,85,-1,3,B,0.0,0.0,0.0,False,20260812-XRD90U-023-B
787,20260813,14,48,85,-1,3,A,0.0,0.0,0.0,False,20260813-XRD90U-023-A
788,20260813,14,48,85,-1,3,B,0.0,0.0,0.0,False,20260813-XRD90U-023-B
789,20260814,14,48,85,-1,3,A,0.0,0.0,0.0,False,20260814-XRD90U-023-A
790,20260814,14,48,85,-1,3,B,0.0,0.0,0.0,False,20260814-XRD90U-023-B
791,20260815,14,48,85,-1,3,A,0.0,0.0,0.0,False,20260815-XRD90U-023-A
792,20260815,14,48,85,-1,3,B,0.0,0.0,0.0,False,20260815-XRD90U-023-B
793,20260816,14,48,85,-1,3,A,0.0,0.0,0.0,False,20260816-XRD90U-023-A
794,20260816,14,48,85,-1,3,B,0.0,0.0,0.0,False,20260816-XRD90U-023-B
795,20260817,14,48,85,-1,3,A,0.0,0.0,0.0,False,20260817-XRD90U-023-A
796,20260817,14,48,85,-1,3,B,0.0,0.0,0.0,False,20260817-XRD90U-023-B
797,20260818,14,48,85,-1,3,A,0.0,0.0,0.0,False,20260818-XRD90U-023-A
798,20260818,14,48,85,-1,3,B,0.0,0.0,0.0,False,20260818-XRD90U-023-B
799,20260819,14,48,85,-1,3,A,0.0,0.0,0.0,False,20260819-XRD90U-023-A
800,20260819,14,48,85,-1,3,B,0.0,0.0,0.0,False,20260819-XRD90U-023-B
801,20260820,14,48,85,-1,3,A,0.0,0.0,0.0,False,20260820-XRD90U-023-A
802,20260820,14,48,85,-1,3,B,0.0,0.0,0.0,False,20260820-XRD90U-023-B
803,20260821,14,48,85,-1,3,A,0.0,0.0,0.0,False,20260821-XRD90U-023-A
804,20260821,14,48,85,-1,3,B,0.0,0.0,0.0,False,20260821-XRD90U-023-B
805,20260822,14,48,85,-1,3,A,0.0,0.0,0.0,False,20260822-XRD90U-023-A
806,20260822,14,48,85,-1,3,B,0.0,0.0,0.0,False,20260822-XRD90U-023-B
807,20260823,14,48,85,-1,3,A,0.0,0.0,0.0,False,20260823-XRD90U-023-A
808,20260823,14,48,85,-1,3,B,0.0,0.0,0.0,False,20260823-XRD90U-023-B
809,20260824,14,48,85,-1,3,A,0.0,0.0,0.0,False,20260824-XRD90U-023-A
810,20260824,14,48,85,-1,3,B,0.0,0.0,0.0,False,20260824-XRD90U-023-B
811,20260825,14,48,85,-1,3,A,0.0,0.0,0.0,False,20260825-XRD90U-023-A
812,20260825,14,48,85,-1,3,B,0.0,0.0,0.0,False,20260825-XRD90U-023-B
813,20260825,14,48,85,-1,3,B,0.0,0.0,32.65,False,20260825-XRD90U-023-B
814,20260826,14,47,84,40,2,A,98.95,121.9,22.95,False,20260826-XRD90U-004-A
815,20260826,14,47,84,116,2,B,121.9,140.85,18.95,False,20260826-XRD90U-004-B
816,20260827,14,47,84,40,2,A,140.85,155.7,14.85,False,20260827-XRD90U-004-A
817,20260827,14,47,84,116,2,B,155.7,180.4,24.7,False,20260827-XRD90U-004-B
818,20260828,14,47,84,40,2,A,180.4,200.9,20.5,False,20260828-XRD90U-004-A
819,20260828,14,47,84,116,2,B,200.9,218.75,17.85,False,20260828-XRD90U-004-B
820,20260829,14,47,84,40,3,A,0.0,0.0,0.0,False,20260829-XRD90U-004-A
821,20260829,14,47,84,116,3,B,0.0,0.0,0.0,False,20260829-XRD90U-004-B
822,20260830,14,47,84,116,2,B,218.75,222.4,3.65,False,20260830-XRD90U-004-B
823,20260825,14,47,84,-1,3,A,0.0,0.0,123.45,False,20260825-XRD90U-004-A
824,20260826,14,46,86,47,3,A,0.0,0.0,0.0,False,20260826-XRD150U-012-A
825,20260826,14,46,86,408,3,B,0.0,0.0,0.0,False,20260826-XRD150U-012-B
826,20260827,14,46,86,47,3,A,0.0,0.0,0.0,False,20260827-XRD150U-012-A
827,20260827,14,46,86,408,3,B,0.0,0.0,0.0,False,20260827-XRD150U-012-B
828,20260828,14,46,86,47,3,A,0.0,0.0,0.0,False,20260828-XRD150U-012-A
829,20260828,14,46,86,408,3,B,0.0,0.0,0.0,False,20260828-XRD150U-012-B
830,20260829,14,46,86,47,3,A,0.0,0.0,0.0,False,20260829-XRD150U-012-A
831,20260829,14,46,86,408,3,B,0.0,0.0,0.0,False,20260829-XRD150U-012-B
832,20260830,14,46,86,-1,3,B,0.0,0.0,0.0,False,20260830-XRD150U-012-B
833,20260826,14,45,82,15,2,A,170.1,178.3,8.2,False,20260826-DE710ST-001-A
834,20260826,14,45,82,73,2,B,178.3,186.8,8.5,False,20260826-DE710ST-001-B
835,20260827,14,45,82,15,2,A,186.8,188.5,1.7,False,20260827-DE710ST-001-A
836,20260827,14,45,82,73,2,B,188.5,204.0,15.5,False,20260827-DE710ST-001-B
837,20260828,14,45,82,15,2,A,204.0,217.3,13.3,False,20260828-DE710ST-001-A
838,20260828,14,45,82,73,2,B,217.3,233.8,16.5,False,20260828-DE710ST-001-B
839,20260829,14,45,82,15,3,A,0.0,0.0,0.0,False,20260829-DE710ST-001-A
840,20260829,14,45,82,73,3,B,0.0,0.0,0.0,False,20260829-DE710ST-001-B
841,20260830,14,45,82,15,3,A,0.0,0.0,0.0,False,20260830-DE710ST-001-A
842,20260830,14,45,82,73,3,B,0.0,0.0,0.0,False,20260830-DE710ST-001-B
843,20260825,14,45,82,-1,3,A,0.0,0.0,63.7,False,20260825-DE710ST-001-A
844,20260826,15,49,88,112,2,A,32.8,44.2,11.4,False,20260826-DE710T-002-A
845,20260826,15,49,88,151,2,B,44.2,74.75,30.55,False,20260826-DE710T-002-B
846,20260827,15,49,88,112,2,A,74.75,106.65,31.9,False,20260827-DE710T-002-A
847,20260827,15,49,88,151,2,B,106.65,129.0,22.35,False,20260827-DE710T-002-B
848,20260828,15,49,88,112,2,A,129.0,155.1,26.1,False,20260828-DE710T-002-A
849,20260828,15,49,88,151,2,B,155.1,190.7,35.6,False,20260828-DE710T-002-B
850,20260829,15,49,88,112,2,A,190.7,209.7,19.0,False,20260829-DE710T-002-A
851,20260829,15,49,88,151,2,B,0.0,0.0,0.0,False,20260829-DE710T-002-B
852,20260830,15,49,88,112,2,A,0.0,0.0,0.0,False,20260830-DE710T-002-A
853,20260830,15,49,88,151,2,B,0.0,0.0,0.0,False,20260830-DE710T-002-B
854,20260925,15,49,88,-1,3,A,0.0,0.0,176.9,False,20260925-DE710T-002-A
855,20260826,15,50,87,77,2,A,118.5,130.25,11.75,False,20260826-XRD150U-009-A
856,20260826,15,50,87,183,2,B,130.25,140.45,10.2,False,20260826-XRD150U-009-B
857,20260827,15,50,87,77,2,A,140.45,145.1,4.65,False,20260827-XRD150U-009-A
858,20260827,15,50,87,183,2,B,145.1,159.65,14.55,False,20260827-XRD150U-009-B
859,20260828,15,50,87,77,2,A,159.65,170.25,10.6,False,20260828-XRD150U-009-A
860,20260828,15,50,87,183,2,B,170.25,180.1,9.85,False,20260828-XRD150U-009-B
861,20260829,15,50,87,77,2,A,180.1,187.55,7.45,False,20260829-XRD150U-009-A
862,20260829,15,50,87,183,2,B,187.55,199.3,11.75,False,20260829-XRD150U-009-B
863,20260830,15,50,87,77,2,A,199.3,202.4,3.1,False,20260830-XRD150U-009-A
864,20260830,15,50,87,183,2,B,202.4,214.7,12.3,False,20260830-XRD150U-009-B
865,20260825,15,50,87,-1,3,A,0.0,0.0,96.2,False,20260825-XRD150U-009-A
866,20260826,16,51,89,34,2,A,271.55,281.1,9.55,False,20260826-XRD150U-007-A
867,20260826,16,51,89,383,2,B,281.1,306.45,25.35,False,20260826-XRD150U-007-B
868,20260827,16,51,89,110,2,A,306.45,320.1,13.65,False,20260827-XRD150U-007-A
869,20260827,16,51,89,383,2,B,320.1,340.55,20.45,False,20260827-XRD150U-007-B
870,20260828,16,51,89,222,2,A,340.55,347.05,6.5,False,20260828-XRD150U-007-A
871,20260828,16,51,89,110,2,B,347.05,347.05,0.0,False,20260828-XRD150U-007-B
872,20260829,16,51,89,222,2,A,347.05,347.05,0.0,False,20260829-XRD150U-007-A
873,20260829,16,51,89,110,2,B,347.05,347.05,0.0,False,20260829-XRD150U-007-B
874,20260830,16,51,90,222,2,A,0.0,0.0,0.0,False,20260830-XRD150U-007-A
875,20260830,16,51,90,110,2,B,0.0,29.35,29.35,False,20260830-XRD150U-007-B
876,20260825,16,51,90,-1,3,A,0.0,0.0,104.85,False,20260825-XRD150U-007-A
877,20260826,17,54,92,125,1,A,74.3,119.15,44.85,False,20260826-XRD50USS-003-A
878,20260826,17,54,92,301,1,B,119.15,144.75,25.6,False,20260826-XRD50USS-003-B
879,20260827,17,54,92,125,1,A,144.75,176.6,31.85,False,20260827-XRD50USS-003-A
880,20260827,17,54,92,301,1,B,176.6,205.2,28.6,False,20260827-XRD50USS-003-B
881,20260828,17,54,92,125,1,A,205.2,232.4,27.2,False,20260828-XRD50USS-003-A
882,20260828,17,54,92,301,1,B,232.4,253.05,20.65,False,20260828-XRD50USS-003-B
883,20260829,17,54,92,125,1,A,253.05,274.5,21.45,False,20260829-XRD50USS-003-A
884,20260829,17,54,92,301,1,B,274.5,280.6,6.1,False,20260829-XRD50USS-003-B
885,20260830,17,54,92,125,1,A,280.6,292.0,11.4,False,20260830-XRD50USS-003-A
886,20260830,17,54,92,301,1,B,292.0,298.25,6.25,False,20260830-XRD50USS-003-B
887,20260925,17,54,92,-1,3,A,0.0,0.0,223.95,False,20260925-XRD50USS-003-A
888,20260826,17,52,93,359,1,A,14.75,41.3,26.55,False,20260826-XDR50USS-00T-A
889,20260826,17,52,93,33,1,B,41.3,52.8,11.5,False,20260826-XDR50USS-00T-B
890,20260827,17,52,93,359,1,A,52.8,69.15,16.35,False,20260827-XDR50USS-00T-A
891,20260827,17,52,93,33,1,B,69.15,85.75,16.6,False,20260827-XDR50USS-00T-B
892,20260828,17,52,93,359,1,A,85.75,117.0,31.25,False,20260828-XDR50USS-00T-A
893,20260828,17,52,93,33,1,B,117.0,131.4,14.4,False,20260828-XDR50USS-00T-B
894,20260829,17,52,93,359,1,A,0.0,0.0,0.0,False,20260829-XDR50USS-00T-A
895,20260829,17,52,93,33,1,B,0.0,3.85,3.85,False,20260829-XDR50USS-00T-B
896,20260830,17,52,93,359,1,A,3.85,25.45,21.6,False,20260830-XDR50USS-00T-A
897,20260830,17,52,93,33,1,B,25.45,45.55,20.1,False,20260830-XDR50USS-00T-B
898,20260925,17,52,93,-1,3,A,0.0,0.0,162.2,False,20260925-XDR50USS-00T-A
899,20260826,17,53,91,297,2,A,181.45,181.45,0.0,False,20260826-XRD125USS-001-A
900,20260826,17,53,91,269,2,B,181.45,202.5,21.05,False,20260826-XRD125USS-001-B
901,20260827,17,53,91,297,2,A,202.5,217.25,14.75,False,20260827-XRD125USS-001-A
902,20260827,17,53,91,269,2,B,217.25,232.2,14.95,False,20260827-XRD125USS-001-B
903,20260828,17,53,91,297,2,A,232.2,236.9,4.7,False,20260828-XRD125USS-001-A
904,20260828,17,53,91,269,2,B,236.9,241.5,4.6,False,20260828-XRD125USS-001-B
905,20260829,17,53,91,297,2,A,241.5,241.5,0.0,False,20260829-XRD125USS-001-A
906,20260829,17,53,91,269,2,B,241.5,250.3,8.8,False,20260829-XRD125USS-001-B
907,20260830,17,53,91,297,2,A,250.3,0.0,0.0,False,20260830-XRD125USS-001-A
908,20260830,17,53,91,269,2,B,0.0,0.0,0.0,False,20260830-XRD125USS-001-B
909,20260925,17,53,91,-1,3,A,0.0,0.0,68.85,False,20260925-XRD125USS-001-A
910,20260826,18,56,94,160,2,A,104.8,113.2,8.4,False,20260826-XRD150USS-001-A
911,20260826,18,56,94,305,2,B,113.2,130.6,17.4,False,20260826-XRD150USS-001-B
912,20260827,18,56,94,160,2,A,130.6,130.6,0.0,False,20260827-XRD150USS-001-A
913,20260827,18,56,95,132,2,B,0.0,13.4,13.4,False,20260827-XRD150USS-001-B
914,20260828,18,56,95,160,2,A,13.4,47.9,34.5,False,20260828-XRD150USS-001-A
915,20260828,18,56,95,132,2,B,47.9,67.3,19.4,False,20260828-XRD150USS-001-B
916,20260829,18,56,95,160,2,A,67.3,82.2,14.9,False,20260829-XRD150USS-001-A
917,20260829,18,56,95,132,2,B,82.2,84.3,2.1,False,20260829-XRD150USS-001-B
918,20260830,18,56,95,160,2,A,84.3,84.3,0.0,False,20260830-XRD150USS-001-A
919,20260830,18,56,95,132,2,B,84.3,84.3,0.0,False,20260830-XRD150USS-001-B
920,20260825,18,56,95,-1,3,A,0.0,0.0,110.1,False,20260825-XRD150USS-001-A
921,20260826,18,55,96,179,2,A,66.1,86.2,20.1,False,20260826-XRD150U-011-A
922,20260826,18,55,96,176,2,B,86.2,99.8,13.6,False,20260826-XRD150U-011-B
923,20260827,18,55,96,248,2,A,99.8,125.9,26.1,False,20260827-XRD150U-011-A
924,20260827,18,55,96,176,2,B,125.9,143.1,17.2,False,20260827-XRD150U-011-B
925,20260828,18,55,96,204,2,A,143.1,149.9,6.8,False,20260828-XRD150U-011-A
926,20260828,18,55,96,176,2,B,149.9,166.9,17.0,False,20260828-XRD150U-011-B
927,20260829,18,55,96,204,2,A,166.9,166.9,0.0,False,20260829-XRD150U-011-A
928,20260829,18,55,96,176,2,B,166.9,178.7,11.8,False,20260829-XRD150U-011-B
929,20260830,18,55,96,204,3,A,0.0,0.0,0.0,False,20260830-XRD150U-011-A
930,20260830,18,55,96,176,3,B,0.0,0.0,0.0,False,20260830-XRD150U-011-B
931,20260831,18,55,96,-1,3,A,0.0,0.0,0.0,False,20260831-XRD150U-011-A
932,20260831,18,55,96,-1,3,B,0.0,0.0,0.0,False,20260831-XRD150U-011-B
933,20260825,18,55,96,-1,3,A,0.0,0.0,112.6,False,20260825-XRD150U-011-A
