HOJA_FECHA,FECHA,CTR,MAQUINA,TURNO_ESTANDAR,METRAJE_CI,SE_PERFORO,ID_CLAVE_UNICA
26.08,2026-08-26,AMERICANA,XRD50U-002,A,35.0,SI,20260826-XRD50U-002-A
26.08,2026-08-26,AMERICANA,XRD50U-002,B,15.5,SI,20260826-XRD50U-002-B
26.08,2026-08-26,AMERICANA,XRD50USS-001,A,0.0,SI,20260826-XRD50USS-001-A
26.08,2026-08-26,AMERICANA,XRD50USS-001,B,0.0,SI,20260826-XRD50USS-001-B
26.08,2026-08-26,COLQUISIRI,XRD80USS-012,A,7.3,SI,20260826-XRD80USS-012-A
26.08,2026-08-26,COLQUISIRI,XRD80USS-012,B,16.2,SI,20260826-XRD80USS-012-B
26.08,2026-08-26,CUCULI,XRD100ST-001,A,0.0,SI,20260826-XRD100ST-001-A
26.08,2026-08-26,CUCULI,XRD100ST-001,B,0.0,SI,20260826-XRD100ST-001-B
26.08,2026-08-26,SAN CRISTOBAL,XRD90U-023,A,2.0,SI,20260826-XRD90U-023-A
26.08,2026-08-26,SAN CRISTOBAL,XRD90U-023,B,2.2,SI,20260826-XRD90U-023-B
26.08,2026-08-26,SAN CRISTOBAL,XRD90U-004,A,22.95,SI,20260826-XRD90U-004-A
26.08,2026-08-26,SAN CRISTOBAL,XRD90U-004,B,18.95,SI,20260826-XRD90U-004-B
26.08,2026-08-26,SAN CRISTOBAL,XRD150U-012,A,0.0,SI,20260826-XRD150U-012-A
26.08,2026-08-26,SAN CRISTOBAL,XRD150U-012,B,0.0,SI,20260826-XRD150U-012-B
26.08,2026-08-26,SAN CRISTOBAL,DE710ST-001,A,8.2,SI,20260826-DE710ST-001-A
26.08,2026-08-26,SAN CRISTOBAL,DE710ST-001,B,8.5,SI,20260826-DE710ST-001-B
26.08,2026-08-26,CATALINA HUANCA,XRD50U-003,A,0.0,SI,20260826-XRD50U-003-A
26.08,2026-08-26,CATALINA HUANCA,XRD50U-003,B,3.2,SI,20260826-XRD50U-003-B
26.08,2026-08-26,CATALINA HUANCA,XRD50USS-004,A,13.3,SI,20260826-XRD50USS-004-A
26.08,2026-08-26,CATALINA HUANCA,XRD50USS-004,B,15.7,SI,20260826-XRD50USS-004-B
26.08,2026-08-26,CATALINA HUANCA,XRD100U-001,A,8.5,SI,20260826-XRD100U-001-A
26.08,2026-08-26,CATALINA HUANCA,XRD100U-001,B,21.0,SI,20260826-XRD100U-001-B
26.08,2026-08-26,CATALINA HUANCA,XRD90U-005,A,16.0,SI,20260826-XRD90U-005-A
26.08,2026-08-26,CATALINA HUANCA,XRD90U-005,B,18.5,SI,20260826-XRD90U-005-B
26.08,2026-08-26,CATALINA HUANCA,XRD125UFDR-001,A,0.0,SI,20260826-XRD125UFDR-001-A
26.08,2026-08-26,CATALINA HUANCA,XRD125UFDR-001,B,12.1,SI,20260826-XRD125UFDR-001-B
26.08,2026-08-26,COBRIZA,XRD50UFDR-001,A,7.2,SI,20260826-XRD50UFDR-001-A
26.08,2026-08-26,COBRIZA,XRD50UFDR-001,B,11.8,SI,20260826-XRD50UFDR-001-B
26.08,2026-08-26,COBRIZA,XRD90U-019,A,0.0,NO,20260826-XRD90U-019-A
26.08,2026-08-26,COBRIZA,XRD90U-019,B,0.0,NO,20260826-XRD90U-019-B
26.08,2026-08-26,COBRIZA,XRD80USS-006,A,0.0,SI,20260826-XRD80USS-006-A
26.08,2026-08-26,COBRIZA,XRD80USS-006,B,0.0,SI,20260826-XRD80USS-006-B
26.08,2026-08-26,COBRIZA,XRD50USS-002,A,0.0,NO,20260826-XRD50USS-002-A
26.08,2026-08-26,COBRIZA,XRD50USS-002,B,0.0,NO,20260826-XRD50USS-002-B
26.08,2026-08-26,COBRIZA,XLM75UFDR-003,A,7.9,SI,20260826-XLM75UFDR-003-A
26.08,2026-08-26,COBRIZA,XLM75UFDR-003,B,14.6,SI,20260826-XLM75UFDR-003-B
26.08,2026-08-26,COBRIZA,XRD125UFDR-002,A,10.3,SI,20260826-XRD125UFDR-002-A
26.08,2026-08-26,COBRIZA,XRD125UFDR-002,B,11.9,SI,20260826-XRD125UFDR-002-B
26.08,2026-08-26,COBRIZA,XRD150U-008,A,30.7,SI,20260826-XRD150U-008-A
26.08,2026-08-26,COBRIZA,XRD150U-008,B,11.4,SI,20260826-XRD150U-008-B
26.08,2026-08-26,RAURA,XRD90USS-004,A,8.82,SI,20260826-XRD90USS-004-A
26.08,2026-08-26,RAURA,XRD90USS-004,B,18.02,SI,20260826-XRD90USS-004-B
26.08,2026-08-26,RAURA,XRD90USS-001,A,21.94,SI,20260826-XRD90USS-001-A
26.08,2026-08-26,RAURA,XRD90USS-001,B,0.0,SI,20260826-XRD90USS-001-B
26.08,2026-08-26,RAURA,XRD150UBT-001,A,0.0,SI,20260826-XRD150UBT-001-A
26.08,2026-08-26,RAURA,XRD150UBT-001,B,0.0,SI,20260826-XRD150UBT-001-B
26.08,2026-08-26,RAURA,XRD150U-005,A,12.56,SI,20260826-XRD150U-005-A
26.08,2026-08-26,RAURA,XRD150U-005,B,15.23,SI,20260826-XRD150U-005-B
26.08,2026-08-26,CHUNGAR,XRD120U-001,A,0.7,SI,20260826-XRD120U-001-A
26.08,2026-08-26,CHUNGAR,XRD120U-001,B,0.0,SI,20260826-XRD120U-001-B
26.08,2026-08-26,CHUNGAR,XRD150USS-005,A,0.0,NO,20260826-XRD150USS-005-A
26.08,2026-08-26,CHUNGAR,XRD150USS-005,B,0.0,SI,20260826-XRD150USS-005-B
26.08,2026-08-26,CHUNGAR,XRD90U-021,A,15.0,SI,20260826-XRD90U-021-A
26.08,2026-08-26,CHUNGAR,XRD90U-021,B,21.0,SI,20260826-XRD90U-021-B
26.08,2026-08-26,CHUNGAR,XRD90USS-003,A,15.05,SI,20260826-XRD90USS-003-A
26.08,2026-08-26,CHUNGAR,XRD90USS-003,B,14.85,SI,20260826-XRD90USS-003-B
26.08,2026-08-26,CHUNGAR,LM90U-001,A,30.0,SI,20260826-LM90U-001-A
26.08,2026-08-26,CHUNGAR,LM90U-001,B,6.0,SI,20260826-LM90U-001-B
26.08,2026-08-26,CHUNGAR,LM110U-001,A,14.1,SI,20260826-LM110U-001-A
26.08,2026-08-26,CHUNGAR,LM110U-001,B,4.9,SI,20260826-LM110U-001-B
26.08,2026-08-26,CONDESTABLE,XRD80ITH-001,A,2.2,SI,20260826-XRD80ITH-001-A
26.08,2026-08-26,CONDESTABLE,XRD80ITH-001,B,0.0,NO,20260826-XRD80ITH-001-B
26.08,2026-08-26,CONDESTABLE,XRD150USS-003,A,0.0,SI,20260826-XRD150USS-003-A
26.08,2026-08-26,CONDESTABLE,XRD150USS-003,B,0.0,SI,20260826-XRD150USS-003-B
26.08,2026-08-26,CONDESTABLE,XLM75UFDR-002,A,12.0,SI,20260826-XLM75UFDR-002-A
26.08,2026-08-26,CONDESTABLE,XLM75UFDR-002,B,19.1,SI,20260826-XLM75UFDR-002-B
26.08,2026-08-26,CONDESTABLE,XLM75UFDR-004,A,8.7,SI,20260826-XLM75UFDR-004-A
26.08,2026-08-26,CONDESTABLE,XLM75UFDR-004,B,14.1,SI,20260826-XLM75UFDR-004-B
26.08,2026-08-26,ANDAYCHAGUA,LF90D ST-002,A,26.95,SI,20260826-LF90DST-002-A
26.08,2026-08-26,ANDAYCHAGUA,LF90D ST-002,B,27.05,SI,20260826-LF90DST-002-B
26.08,2026-08-26,ANDAYCHAGUA,XRD80USS-010,A,0.0,SI,20260826-XRD80USS-010-A
26.08,2026-08-26,ANDAYCHAGUA,XRD80USS-010,B,28.3,SI,20260826-XRD80USS-010-B
26.08,2026-08-26,ANDAYCHAGUA,XRD150U-001,A,20.0,SI,20260826-XRD150U-001-A
26.08,2026-08-26,ANDAYCHAGUA,XRD150U-001,B,8.7,SI,20260826-XRD150U-001-B
26.08,2026-08-26,YAULIYACU,XRD50USS-003,A,44.85,SI,20260826-XRD50USS-003-A
26.08,2026-08-26,YAULIYACU,XRD50USS-003,B,25.6,SI,20260826-XRD50USS-003-B
26.08,2026-08-26,YAULIYACU,XDR50USS-00T,A,26.55,SI,20260826-XDR50USS-00T-A
26.08,2026-08-26,YAULIYACU,XDR50USS-00T,B,11.5,SI,20260826-XDR50USS-00T-B
26.08,2026-08-26,YAULIYACU,XRD125USS-001,A,0.0,SI,20260826-XRD125USS-001-A
26.08,2026-08-26,YAULIYACU,XRD125USS-001,B,21.05,SI,20260826-XRD125USS-001-B
26.08,2026-08-26,MOROCOCHA,XRD80USS-011,A,0.0,SI,20260826-XRD80USS-011-A
26.08,2026-08-26,MOROCOCHA,XRD80USS-011,B,0.0,NO,20260826-XRD80USS-011-B
26.08,2026-08-26,MOROCOCHA,XRD90USS-005,A,1.3,SI,20260826-XRD90USS-005-A
26.08,2026-08-26,MOROCOCHA,XRD90USS-005,B,7.5,SI,20260826-XRD90USS-005-B
26.08,2026-08-26,MOROCOCHA,XRD150USS-002,A,0.0,NO,20260826-XRD150USS-002-A
26.08,2026-08-26,MOROCOCHA,XRD150USS-002,B,30.6,SI,20260826-XRD150USS-002-B
26.08,2026-08-26,INMACULADA,XRD250U-001,A,0.0,NO,20260826-XRD250U-001-A
26.08,2026-08-26,INMACULADA,XRD250U-001,B,0.0,NO,20260826-XRD250U-001-B
26.08,2026-08-26,INMACULADA,XLM75UFDR-001,A,0.0,SI,20260826-XLM75UFDR-001-A
26.08,2026-08-26,INMACULADA,XLM75UFDR-001,B,0.0,SI,20260826-XLM75UFDR-001-B
26.08,2026-08-26,INMACULADA,XRD150U-003,A,13.8,SI,20260826-XRD150U-003-A
26.08,2026-08-26,INMACULADA,XRD150U-003,B,6.0,SI,20260826-XRD150U-003-B
26.08,2026-08-26,INMACULADA,XRD80USS-008,A,0.0,SI,20260826-XRD80USS-008-A
26.08,2026-08-26,INMACULADA,XRD80USS-008,B,0.0,SI,20260826-XRD80USS-008-B
26.08,2026-08-26,INMACULADA,XRD90U-016,A,14.0,SI,20260826-XRD90U-016-A
26.08,2026-08-26,INMACULADA,XRD90U-016,B,17.2,SI,20260826-XRD90U-016-B
26.08,2026-08-26,INMACULADA,XRD90U-012,A,9.6,SI,20260826-XRD90U-012-A
26.08,2026-08-26,INMACULADA,XRD90U-012,B,6.5,SI,20260826-XRD90U-012-B
26.08,2026-08-26,INMACULADA,XRD150USS-004,A,9.0,SI,20260826-XRD150USS-004-A
26.08,2026-08-26,INMACULADA,XRD150USS-004,B,15.0,SI,20260826-XRD150USS-004-B
26.08,2026-08-26,LA ESTRELLA,XRD150U-004,A,13.0,SI,20260826-XRD150U-004-A
26.08,2026-08-26,LA ESTRELLA,XRD150U-004,B,9.9,SI,20260826-XRD150U-004-B
26.08,2026-08-26,LA ESTRELLA,XRD150U-006,A,12.0,SI,20260826-XRD150U-006-A
26.08,2026-08-26,LA ESTRELLA,XRD150U-006,B,15.5,SI,20260826-XRD150U-006-B
26.08,2026-08-26,TICLIO,XRD150U-007,A,9.55,SI,20260826-XRD150U-007-A
26.08,2026-08-26,TICLIO,XRD150U-007,B,25.35,SI,20260826-XRD150U-007-B
26.08,2026-08-26,CERRO,XRD150U-002,A,0.0,SI,20260826-XRD150U-002-A
26.08,2026-08-26,CERRO,XRD150U-002,B,7.95,SI,20260826-XRD150U-002-B
26.08,2026-08-26,YAURICOCHA,XRD150USS-001,A,8.4,SI,20260826-XRD150USS-001-A
26.08,2026-08-26,YAURICOCHA,XRD150USS-001,B,17.4,SI,20260826-XRD150USS-001-B
26.08,2026-08-26,YAURICOCHA,XRD150U-011,A,20.1,SI,20260826-XRD150U-011-A
26.08,2026-08-26,YAURICOCHA,XRD150U-011,B,13.6,SI,20260826-XRD150U-011-B
26.08,2026-08-26,TAMBOJASA,DE710T-002,A,11.4,SI,20260826-DE710T-002-A
26.08,2026-08-26,TAMBOJASA,DE710T-002,B,30.55,SI,20260826-DE710T-002-B
26.08,2026-08-26,TAMBOJASA,XRD150U-009,A,11.75,SI,20260826-XRD150U-009-A
26.08,2026-08-26,TAMBOJASA,XRD150U-009,B,10.2,SI,20260826-XRD150U-009-B
27.08,2026-08-27,AMERICANA,XRD50U-002,A,30.4,SI,20260827-XRD50U-002-A
27.08,2026-08-27,AMERICANA,XRD50U-002,B,12.0,SI,20260827-XRD50U-002-B
27.08,2026-08-27,AMERICANA,XRD50USS-001,A,0.0,SI,20260827-XRD50USS-001-A
27.08,2026-08-27,AMERICANA,XRD50USS-001,B,35.0,SI,20260827-XRD50USS-001-B
27.08,2026-08-27,COLQUISIRI,XRD80USS-012,A,9.6,SI,20260827-XRD80USS-012-A
27.08,2026-08-27,COLQUISIRI,XRD80USS-012,B,11.4,SI,20260827-XRD80USS-012-B
27.08,2026-08-27,CUCULI,XRD100ST-001,A,0.0,SI,20260827-XRD100ST-001-A
27.08,2026-08-27,CUCULI,XRD100ST-001,B,0.0,SI,20260827-XRD100ST-001-B
27.08,2026-08-27,SAN CRISTOBAL,XRD90U-023,A,1.3,SI,20260827-XRD90U-023-A
27.08,2026-08-27,SAN CRISTOBAL,XRD90U-023,B,0.0,SI,20260827-XRD90U-023-B
27.08,2026-08-27,SAN CRISTOBAL,XRD90U-004,A,14.85,SI,20260827-XRD90U-004-A
27.08,2026-08-27,SAN CRISTOBAL,XRD90U-004,B,24.7,SI,20260827-XRD90U-004-B
27.08,2026-08-27,SAN CRISTOBAL,XRD150U-012,A,0.0,SI,20260827-XRD150U-012-A
27.08,2026-08-27,SAN CRISTOBAL,XRD150U-012,B,0.0,SI,20260827-XRD150U-012-B
27.08,2026-08-27,SAN CRISTOBAL,DE710ST-001,A,1.7,SI,20260827-DE710ST-001-A
27.08,2026-08-27,SAN CRISTOBAL,DE710ST-001,B,15.5,SI,20260827-DE710ST-001-B
27.08,2026-08-27,CATALINA HUANCA,XRD50U-003,A,22.0,SI,20260827-XRD50U-003-A
27.08,2026-08-27,CATALINA HUANCA,XRD50U-003,B,28.0,SI,20260827-XRD50U-003-B
27.08,2026-08-27,CATALINA HUANCA,XRD50USS-004,A,13.9,SI,20260827-XRD50USS-004-A
27.08,2026-08-27,CATALINA HUANCA,XRD50USS-004,B,13.4,SI,20260827-XRD50USS-004-B
27.08,2026-08-27,CATALINA HUANCA,XRD100U-001,A,10.9,SI,20260827-XRD100U-001-A
27.08,2026-08-27,CATALINA HUANCA,XRD100U-001,B,0.0,SI,20260827-XRD100U-001-B
27.08,2026-08-27,CATALINA HUANCA,XRD90U-005,A,10.0,SI,20260827-XRD90U-005-A
27.08,2026-08-27,CATALINA HUANCA,XRD90U-005,B,0.0,SI,20260827-XRD90U-005-B
27.08,2026-08-27,CATALINA HUANCA,XRD125UFDR-001,A,7.4,SI,20260827-XRD125UFDR-001-A
27.08,2026-08-27,CATALINA HUANCA,XRD125UFDR-001,B,19.9,SI,20260827-XRD125UFDR-001-B
27.08,2026-08-27,COBRIZA,XRD50UFDR-001,A,0.0,SI,20260827-XRD50UFDR-001-A
27.08,2026-08-27,COBRIZA,XRD50UFDR-001,B,10.2,SI,20260827-XRD50UFDR-001-B
27.08,2026-08-27,COBRIZA,XRD90U-019,A,0.0,NO,20260827-XRD90U-019-A
27.08,2026-08-27,COBRIZA,XRD90U-019,B,0.0,NO,20260827-XRD90U-019-B
27.08,2026-08-27,COBRIZA,XRD80USS-006,A,21.0,SI,20260827-XRD80USS-006-A
27.08,2026-08-27,COBRIZA,XRD80USS-006,B,6.0,SI,20260827-XRD80USS-006-B
27.08,2026-08-27,COBRIZA,XRD50USS-002,A,0.0,NO,20260827-XRD50USS-002-A
27.08,2026-08-27,COBRIZA,XRD50USS-002,B,0.0,NO,20260827-XRD50USS-002-B
27.08,2026-08-27,COBRIZA,XLM75UFDR-003,A,19.6,SI,20260827-XLM75UFDR-003-A
27.08,2026-08-27,COBRIZA,XLM75UFDR-003,B,12.5,SI,20260827-XLM75UFDR-003-B
27.08,2026-08-27,COBRIZA,XRD125UFDR-002,A,21.3,SI,20260827-XRD125UFDR-002-A
27.08,2026-08-27,COBRIZA,XRD125UFDR-002,B,21.8,SI,20260827-XRD125UFDR-002-B
27.08,2026-08-27,COBRIZA,XRD150U-008,A,7.7,SI,20260827-XRD150U-008-A
27.08,2026-08-27,COBRIZA,XRD150U-008,B,6.6,SI,20260827-XRD150U-008-B
27.08,2026-08-27,RAURA,XRD90USS-004,A,22.28,SI,20260827-XRD90USS-004-A
27.08,2026-08-27,RAURA,XRD90USS-004,B,37.49,SI,20260827-XRD90USS-004-B
27.08,2026-08-27,RAURA,XRD90USS-001,A,12.81,SI,20260827-XRD90USS-001-A
27.08,2026-08-27,RAURA,XRD90USS-001,B,21.82,SI,20260827-XRD90USS-001-B
27.08,2026-08-27,RAURA,XRD150UBT-001,A,34.33,SI,20260827-XRD150UBT-001-A
27.08,2026-08-27,RAURA,XRD150UBT-001,B,27.67,SI,20260827-XRD150UBT-001-B
27.08,2026-08-27,RAURA,XRD150U-005,A,6.68,SI,20260827-XRD150U-005-A
27.08,2026-08-27,RAURA,XRD150U-005,B,6.02,SI,20260827-XRD150U-005-B
27.08,2026-08-27,CHUNGAR,XRD120U-001,A,0.0,SI,20260827-XRD120U-001-A
27.08,2026-08-27,CHUNGAR,XRD120U-001,B,0.0,SI,20260827-XRD120U-001-B
27.08,2026-08-27,CHUNGAR,XRD150USS-005,A,0.0,SI,20260827-XRD150USS-005-A
27.08,2026-08-27,CHUNGAR,XRD150USS-005,B,0.0,NO,20260827-XRD150USS-005-B
27.08,2026-08-27,CHUNGAR,XRD90U-021,A,6.5,SI,20260827-XRD90U-021-A
27.08,2026-08-27,CHUNGAR,XRD90U-021,B,7.0,SI,20260827-XRD90U-021-B
27.08,2026-08-27,CHUNGAR,XRD90USS-003,A,8.55,SI,20260827-XRD90USS-003-A
27.08,2026-08-27,CHUNGAR,XRD90USS-003,B,13.95,SI,20260827-XRD90USS-003-B
27.08,2026-08-27,CHUNGAR,LM90U-001,A,27.0,SI,20260827-LM90U-001-A
27.08,2026-08-27,CHUNGAR,LM90U-001,B,33.0,SI,20260827-LM90U-001-B
27.08,2026-08-27,CHUNGAR,LM110U-001,A,10.6,SI,20260827-LM110U-001-A
27.08,2026-08-27,CHUNGAR,LM110U-001,B,16.6,SI,20260827-LM110U-001-B
27.08,2026-08-27,CONDESTABLE,XRD80ITH-001,A,0.0,NO,20260827-XRD80ITH-001-A
27.08,2026-08-27,CONDESTABLE,XRD80ITH-001,B,0.0,NO,20260827-XRD80ITH-001-B
27.08,2026-08-27,CONDESTABLE,XRD150USS-003,A,0.7,SI,20260827-XRD150USS-003-A
27.08,2026-08-27,CONDESTABLE,XRD150USS-003,B,22.4,SI,20260827-XRD150USS-003-B
27.08,2026-08-27,CONDESTABLE,XLM75UFDR-002,A,17.8,SI,20260827-XLM75UFDR-002-A
27.08,2026-08-27,CONDESTABLE,XLM75UFDR-002,B,19.0,SI,20260827-XLM75UFDR-002-B
27.08,2026-08-27,CONDESTABLE,XLM75UFDR-004,A,0.0,SI,20260827-XLM75UFDR-004-A
27.08,2026-08-27,CONDESTABLE,XLM75UFDR-004,B,25.5,SI,20260827-XLM75UFDR-004-B
27.08,2026-08-27,ANDAYCHAGUA,LF90D ST-002,A,14.2,SI,20260827-LF90DST-002-A
27.08,2026-08-27,ANDAYCHAGUA,LF90D ST-002,B,12.9,SI,20260827-LF90DST-002-B
27.08,2026-08-27,ANDAYCHAGUA,XRD80USS-010,A,0.0,SI,20260827-XRD80USS-010-A
27.08,2026-08-27,ANDAYCHAGUA,XRD80USS-010,B,20.4,SI,20260827-XRD80USS-010-B
27.08,2026-08-27,ANDAYCHAGUA,XRD150U-001,A,10.85,SI,20260827-XRD150U-001-A
27.08,2026-08-27,ANDAYCHAGUA,XRD150U-001,B,9.15,SI,20260827-XRD150U-001-B
27.08,2026-08-27,YAULIYACU,XRD50USS-003,A,31.85,SI,20260827-XRD50USS-003-A
27.08,2026-08-27,YAULIYACU,XRD50USS-003,B,28.6,SI,20260827-XRD50USS-003-B
27.08,2026-08-27,YAULIYACU,XDR50USS-00T,A,16.35,SI,20260827-XDR50USS-00T-A
27.08,2026-08-27,YAULIYACU,XDR50USS-00T,B,16.6,SI,20260827-XDR50USS-00T-B
27.08,2026-08-27,YAULIYACU,XRD125USS-001,A,14.75,SI,20260827-XRD125USS-001-A
27.08,2026-08-27,YAULIYACU,XRD125USS-001,B,14.95,SI,20260827-XRD125USS-001-B
27.08,2026-08-27,MOROCOCHA,XRD80USS-011,A,0.0,NO,20260827-XRD80USS-011-A
27.08,2026-08-27,MOROCOCHA,XRD80USS-011,B,0.0,SI,20260827-XRD80USS-011-B
27.08,2026-08-27,MOROCOCHA,XRD90USS-005,A,6.3,SI,20260827-XRD90USS-005-A
27.08,2026-08-27,MOROCOCHA,XRD90USS-005,B,0.0,SI,20260827-XRD90USS-005-B
27.08,2026-08-27,MOROCOCHA,XRD150USS-002,A,0.0,NO,20260827-XRD150USS-002-A
27.08,2026-08-27,MOROCOCHA,XRD150USS-002,B,38.15,SI,20260827-XRD150USS-002-B
27.08,2026-08-27,INMACULADA,XRD250U-001,A,0.0,NO,20260827-XRD250U-001-A
27.08,2026-08-27,INMACULADA,XRD250U-001,B,0.0,NO,20260827-XRD250U-001-B
27.08,2026-08-27,INMACULADA,XLM75UFDR-001,A,0.0,SI,20260827-XLM75UFDR-001-A
27.08,2026-08-27,INMACULADA,XLM75UFDR-001,B,15.9,SI,20260827-XLM75UFDR-001-B
27.08,2026-08-27,INMACULADA,XRD150U-003,A,10.4,SI,20260827-XRD150U-003-A
27.08,2026-08-27,INMACULADA,XRD150U-003,B,14.7,SI,20260827-XRD150U-003-B
27.08,2026-08-27,INMACULADA,XRD80USS-008,A,0.0,SI,20260827-XRD80USS-008-A
27.08,2026-08-27,INMACULADA,XRD80USS-008,B,0.0,SI,20260827-XRD80USS-008-B
27.08,2026-08-27,INMACULADA,XRD90U-016,A,12.1,SI,20260827-XRD90U-016-A
27.08,2026-08-27,INMACULADA,XRD90U-016,B,0.0,SI,20260827-XRD90U-016-B
27.08,2026-08-27,INMACULADA,XRD90U-012,A,0.0,SI,20260827-XRD90U-012-A
27.08,2026-08-27,INMACULADA,XRD90U-012,B,0.0,SI,20260827-XRD90U-012-B
27.08,2026-08-27,INMACULADA,XRD150USS-004,A,6.0,SI,20260827-XRD150USS-004-A
27.08,2026-08-27,INMACULADA,XRD150USS-004,B,15.0,SI,20260827-XRD150USS-004-B
27.08,2026-08-27,LA ESTRELLA,XRD150U-004,A,18.0,SI,20260827-XRD150U-004-A
27.08,2026-08-27,LA ESTRELLA,XRD150U-004,B,13.6,SI,20260827-XRD150U-004-B
27.08,2026-08-27,LA ESTRELLA,XRD150U-006,A,29.1,SI,20260827-XRD150U-006-A
27.08,2026-08-27,LA ESTRELLA,XRD150U-006,B,24.0,SI,20260827-XRD150U-006-B
27.08,2026-08-27,TICLIO,XRD150U-007,A,13.65,SI,20260827-XRD150U-007-A
27.08,2026-08-27,TICLIO,XRD150U-007,B,20.12,SI,20260827-XRD150U-007-B
27.08,2026-08-27,CERRO,XRD150U-002,A,20.85,SI,20260827-XRD150U-002-A
27.08,2026-08-27,CERRO,XRD150U-002,B,16.1,SI,20260827-XRD150U-002-B
27.08,2026-08-27,YAURICOCHA,XRD150USS-001,A,0.0,SI,20260827-XRD150USS-001-A
27.08,2026-08-27,YAURICOCHA,XRD150USS-001,B,13.4,SI,20260827-XRD150USS-001-B
27.08,2026-08-27,YAURICOCHA,XRD150U-011,A,26.1,SI,20260827-XRD150U-011-A
27.08,2026-08-27,YAURICOCHA,XRD150U-011,B,17.2,SI,20260827-XRD150U-011-B
27.08,2026-08-27,TAMBOJASA,DE710T-002,A,31.9,SI,20260827-DE710T-002-A
27.08,2026-08-27,TAMBOJASA,DE710T-002,B,22.35,SI,20260827-DE710T-002-B
27.08,2026-08-27,TAMBOJASA,XRD150U-009,A,4.65,SI,20260827-XRD150U-009-A
27.08,2026-08-27,TAMBOJASA,XRD150U-009,B,14.55,SI,20260827-XRD150U-009-B
28.08,2026-08-28,AMERICANA,XRD50U-002,A,5.0,SI,20260828-XRD50U-002-A
28.08,2026-08-28,AMERICANA,XRD50U-002,B,15.3,SI,20260828-XRD50U-002-B
28.08,2026-08-28,AMERICANA,XRD50USS-001,A,35.0,SI,20260828-XRD50USS-001-A
28.08,2026-08-28,AMERICANA,XRD50USS-001,B,35.0,SI,20260828-XRD50USS-001-B
28.08,2026-08-28,COLQUISIRI,XRD80USS-012,A,0.0,SI,20260828-XRD80USS-012-A
28.08,2026-08-28,COLQUISIRI,XRD80USS-012,B,12.5,SI,20260828-XRD80USS-012-B
28.08,2026-08-28,CUCULI,XRD100ST-001,A,0.0,SI,20260828-XRD100ST-001-A
28.08,2026-08-28,CUCULI,XRD100ST-001,B,8.1,SI,20260828-XRD100ST-001-B
28.08,2026-08-28,SAN CRISTOBAL,XRD90U-023,A,0.0,SI,20260828-XRD90U-023-A
28.08,2026-08-28,SAN CRISTOBAL,XRD90U-023,B,27.15,SI,20260828-XRD90U-023-B
28.08,2026-08-28,SAN CRISTOBAL,XRD90U-004,A,20.5,SI,20260828-XRD90U-004-A
28.08,2026-08-28,SAN CRISTOBAL,XRD90U-004,B,17.85,SI,20260828-XRD90U-004-B
28.08,2026-08-28,SAN CRISTOBAL,XRD150U-012,A,0.0,SI,20260828-XRD150U-012-A
28.08,2026-08-28,SAN CRISTOBAL,XRD150U-012,B,0.0,SI,20260828-XRD150U-012-B
28.08,2026-08-28,SAN CRISTOBAL,DE710ST-001,A,13.3,SI,20260828-DE710ST-001-A
28.08,2026-08-28,SAN CRISTOBAL,DE710ST-001,B,16.5,SI,20260828-DE710ST-001-B
28.08,2026-08-28,CATALINA HUANCA,XRD50U-003,A,22.8,SI,20260828-XRD50U-003-A
28.08,2026-08-28,CATALINA HUANCA,XRD50U-003,B,17.2,SI,20260828-XRD50U-003-B
28.08,2026-08-28,CATALINA HUANCA,XRD50USS-004,A,18.8,SI,20260828-XRD50USS-004-A
28.08,2026-08-28,CATALINA HUANCA,XRD50USS-004,B,0.0,SI,20260828-XRD50USS-004-B
28.08,2026-08-28,CATALINA HUANCA,XRD100U-001,A,0.0,SI,20260828-XRD100U-001-A
28.08,2026-08-28,CATALINA HUANCA,XRD100U-001,B,0.0,SI,20260828-XRD100U-001-B
28.08,2026-08-28,CATALINA HUANCA,XRD90U-005,A,0.0,SI,20260828-XRD90U-005-A
28.08,2026-08-28,CATALINA HUANCA,XRD90U-005,B,0.0,SI,20260828-XRD90U-005-B
28.08,2026-08-28,CATALINA HUANCA,XRD125UFDR-001,A,18.2,SI,20260828-XRD125UFDR-001-A
28.08,2026-08-28,CATALINA HUANCA,XRD125UFDR-001,B,14.2,SI,20260828-XRD125UFDR-001-B
28.08,2026-08-28,COBRIZA,XRD50UFDR-001,A,29.2,SI,20260828-XRD50UFDR-001-A
28.08,2026-08-28,COBRIZA,XRD50UFDR-001,B,35.2,SI,20260828-XRD50UFDR-001-B
28.08,2026-08-28,COBRIZA,XRD90U-019,A,0.0,NO,20260828-XRD90U-019-A
28.08,2026-08-28,COBRIZA,XRD90U-019,B,0.0,NO,20260828-XRD90U-019-B
28.08,2026-08-28,COBRIZA,XRD80USS-006,A,21.0,SI,20260828-XRD80USS-006-A
28.08,2026-08-28,COBRIZA,XRD80USS-006,B,12.0,SI,20260828-XRD80USS-006-B
28.08,2026-08-28,COBRIZA,XRD50USS-002,A,0.0,NO,20260828-XRD50USS-002-A
28.08,2026-08-28,COBRIZA,XRD50USS-002,B,0.0,NO,20260828-XRD50USS-002-B
28.08,2026-08-28,COBRIZA,XLM75UFDR-003,A,15.4,SI,20260828-XLM75UFDR-003-A
28.08,2026-08-28,COBRIZA,XLM75UFDR-003,B,30.5,SI,20260828-XLM75UFDR-003-B
28.08,2026-08-28,COBRIZA,XRD125UFDR-002,A,9.5,SI,20260828-XRD125UFDR-002-A
28.08,2026-08-28,COBRIZA,XRD125UFDR-002,B,13.3,SI,20260828-XRD125UFDR-002-B
28.08,2026-08-28,COBRIZA,XRD150U-008,A,3.6,SI,20260828-XRD150U-008-A
28.08,2026-08-28,COBRIZA,XRD150U-008,B,14.2,SI,20260828-XRD150U-008-B
28.08,2026-08-28,RAURA,XRD90USS-004,A,22.32,SI,20260828-XRD90USS-004-A
28.08,2026-08-28,RAURA,XRD90USS-004,B,6.28,SI,20260828-XRD90USS-004-B
28.08,2026-08-28,RAURA,XRD90USS-001,A,16.18,SI,20260828-XRD90USS-001-A
28.08,2026-08-28,RAURA,XRD90USS-001,B,6.0,SI,20260828-XRD90USS-001-B
28.08,2026-08-28,RAURA,XRD150UBT-001,A,31.02,SI,20260828-XRD150UBT-001-A
28.08,2026-08-28,RAURA,XRD150UBT-001,B,20.43,SI,20260828-XRD150UBT-001-B
28.08,2026-08-28,RAURA,XRD150U-005,A,12.76,SI,20260828-XRD150U-005-A
28.08,2026-08-28,RAURA,XRD150U-005,B,20.92,SI,20260828-XRD150U-005-B
28.08,2026-08-28,CHUNGAR,XRD120U-001,A,13.4,SI,20260828-XRD120U-001-A
28.08,2026-08-28,CHUNGAR,XRD120U-001,B,16.65,SI,20260828-XRD120U-001-B
28.08,2026-08-28,CHUNGAR,XRD150USS-005,A,0.0,SI,20260828-XRD150USS-005-A
28.08,2026-08-28,CHUNGAR,XRD150USS-005,B,0.0,NO,20260828-XRD150USS-005-B
28.08,2026-08-28,CHUNGAR,XRD90U-021,A,19.4,SI,20260828-XRD90U-021-A
28.08,2026-08-28,CHUNGAR,XRD90U-021,B,11.9,SI,20260828-XRD90U-021-B
28.08,2026-08-28,CHUNGAR,XRD90USS-003,A,0.0,SI,20260828-XRD90USS-003-A
28.08,2026-08-28,CHUNGAR,XRD90USS-003,B,3.1,SI,20260828-XRD90USS-003-B
28.08,2026-08-28,CHUNGAR,LM90U-001,A,29.0,SI,20260828-LM90U-001-A
28.08,2026-08-28,CHUNGAR,LM90U-001,B,27.7,SI,20260828-LM90U-001-B
28.08,2026-08-28,CHUNGAR,LM110U-001,A,0.0,SI,20260828-LM110U-001-A
28.08,2026-08-28,CHUNGAR,LM110U-001,B,11.1,SI,20260828-LM110U-001-B
28.08,2026-08-28,CONDESTABLE,XRD80ITH-001,A,0.0,SI,20260828-XRD80ITH-001-A
28.08,2026-08-28,CONDESTABLE,XRD80ITH-001,B,31.5,SI,20260828-XRD80ITH-001-B
28.08,2026-08-28,CONDESTABLE,XRD150USS-003,A,12.9,SI,20260828-XRD150USS-003-A
28.08,2026-08-28,CONDESTABLE,XRD150USS-003,B,20.3,SI,20260828-XRD150USS-003-B
28.08,2026-08-28,CONDESTABLE,XLM75UFDR-002,A,11.8,SI,20260828-XLM75UFDR-002-A
28.08,2026-08-28,CONDESTABLE,XLM75UFDR-002,B,0.0,SI,20260828-XLM75UFDR-002-B
28.08,2026-08-28,CONDESTABLE,XLM75UFDR-004,A,28.3,SI,20260828-XLM75UFDR-004-A
28.08,2026-08-28,CONDESTABLE,XLM75UFDR-004,B,28.7,SI,20260828-XLM75UFDR-004-B
28.08,2026-08-28,ANDAYCHAGUA,LF90D ST-002,A,0.0,SI,20260828-LF90DST-002-A
28.08,2026-08-28,ANDAYCHAGUA,LF90D ST-002,B,28.8,SI,20260828-LF90DST-002-B
28.08,2026-08-28,ANDAYCHAGUA,XRD80USS-010,A,20.2,SI,20260828-XRD80USS-010-A
28.08,2026-08-28,ANDAYCHAGUA,XRD80USS-010,B,20.1,SI,20260828-XRD80USS-010-B
28.08,2026-08-28,ANDAYCHAGUA,XRD150U-001,A,20.6,SI,20260828-XRD150U-001-A
28.08,2026-08-28,ANDAYCHAGUA,XRD150U-001,B,20.3,SI,20260828-XRD150U-001-B
28.08,2026-08-28,YAULIYACU,XRD50USS-003,A,27.2,SI,20260828-XRD50USS-003-A
28.08,2026-08-28,YAULIYACU,XRD50USS-003,B,20.65,SI,20260828-XRD50USS-003-B
28.08,2026-08-28,YAULIYACU,XDR50USS-00T,A,31.25,SI,20260828-XDR50USS-00T-A
28.08,2026-08-28,YAULIYACU,XDR50USS-00T,B,14.4,SI,20260828-XDR50USS-00T-B
28.08,2026-08-28,YAULIYACU,XRD125USS-001,A,4.7,SI,20260828-XRD125USS-001-A
28.08,2026-08-28,YAULIYACU,XRD125USS-001,B,4.6,SI,20260828-XRD125USS-001-B
28.08,2026-08-28,MOROCOCHA,XRD80USS-011,A,0.0,SI,20260828-XRD80USS-011-A
28.08,2026-08-28,MOROCOCHA,XRD80USS-011,B,0.0,NO,20260828-XRD80USS-011-B
28.08,2026-08-28,MOROCOCHA,XRD90USS-005,A,9.0,SI,20260828-XRD90USS-005-A
28.08,2026-08-28,MOROCOCHA,XRD90USS-005,B,0.0,SI,20260828-XRD90USS-005-B
28.08,2026-08-28,MOROCOCHA,XRD150USS-002,A,0.0,NO,20260828-XRD150USS-002-A
28.08,2026-08-28,MOROCOCHA,XRD150USS-002,B,16.3,SI,20260828-XRD150USS-002-B
28.08,2026-08-28,INMACULADA,XRD250U-001,A,0.0,NO,20260828-XRD250U-001-A
28.08,2026-08-28,INMACULADA,XRD250U-001,B,0.0,NO,20260828-XRD250U-001-B
28.08,2026-08-28,INMACULADA,XLM75UFDR-001,A,4.8,SI,20260828-XLM75UFDR-001-A
28.08,2026-08-28,INMACULADA,XLM75UFDR-001,B,18.9,SI,20260828-XLM75UFDR-001-B
28.08,2026-08-28,INMACULADA,XRD150U-003,A,6.1,SI,20260828-XRD150U-003-A
28.08,2026-08-28,INMACULADA,XRD150U-003,B,13.5,SI,20260828-XRD150U-003-B
28.08,2026-08-28,INMACULADA,XRD80USS-008,A,0.0,SI,20260828-XRD80USS-008-A
28.08,2026-08-28,INMACULADA,XRD80USS-008,B,0.0,SI,20260828-XRD80USS-008-B
28.08,2026-08-28,INMACULADA,XRD90U-016,A,0.0,SI,20260828-XRD90U-016-A
28.08,2026-08-28,INMACULADA,XRD90U-016,B,12.0,SI,20260828-XRD90U-016-B
28.08,2026-08-28,INMACULADA,XRD90U-012,A,0.0,SI,20260828-XRD90U-012-A
28.08,2026-08-28,INMACULADA,XRD90U-012,B,0.0,SI,20260828-XRD90U-012-B
28.08,2026-08-28,INMACULADA,XRD150USS-004,A,3.0,SI,20260828-XRD150USS-004-A
28.08,2026-08-28,INMACULADA,XRD150USS-004,B,21.0,SI,20260828-XRD150USS-004-B
28.08,2026-08-28,LA ESTRELLA,XRD150U-004,A,12.2,SI,20260828-XRD150U-004-A
28.08,2026-08-28,LA ESTRELLA,XRD150U-004,B,11.3,SI,20260828-XRD150U-004-B
28.08,2026-08-28,LA ESTRELLA,XRD150U-006,A,36.6,SI,20260828-XRD150U-006-A
28.08,2026-08-28,LA ESTRELLA,XRD150U-006,B,36.5,SI,20260828-XRD150U-006-B
28.08,2026-08-28,TICLIO,XRD150U-007,A,6.5,SI,20260828-XRD150U-007-A
28.08,2026-08-28,TICLIO,XRD150U-007,B,0.0,SI,20260828-XRD150U-007-B
28.08,2026-08-28,CERRO,XRD150U-002,A,15.45,SI,20260828-XRD150U-002-A
28.08,2026-08-28,CERRO,XRD150U-002,B,0.0,SI,20260828-XRD150U-002-B
28.08,2026-08-28,YAURICOCHA,XRD150USS-001,A,34.5,SI,20260828-XRD150USS-001-A
28.08,2026-08-28,YAURICOCHA,XRD150USS-001,B,19.4,SI,20260828-XRD150USS-001-B
28.08,2026-08-28,YAURICOCHA,XRD150U-011,A,6.8,SI,20260828-XRD150U-011-A
28.08,2026-08-28,YAURICOCHA,XRD150U-011,B,17.0,SI,20260828-XRD150U-011-B
28.08,2026-08-28,TAMBOJASA,DE710T-002,A,26.1,SI,20260828-DE710T-002-A
28.08,2026-08-28,TAMBOJASA,DE710T-002,B,35.6,SI,20260828-DE710T-002-B
28.08,2026-08-28,TAMBOJASA,XRD150U-009,A,10.6,SI,20260828-XRD150U-009-A
28.08,2026-08-28,TAMBOJASA,XRD150U-009,B,9.85,SI,20260828-XRD150U-009-B
29.08,2026-08-29,AMERICANA,XRD50U-002,A,24.7,SI,20260829-XRD50U-002-A
29.08,2026-08-29,AMERICANA,XRD50U-002,B,0.0,SI,20260829-XRD50U-002-B
29.08,2026-08-29,AMERICANA,XRD50USS-001,A,26.4,SI,20260829-XRD50USS-001-A
29.08,2026-08-29,AMERICANA,XRD50USS-001,B,35.0,SI,20260829-XRD50USS-001-B
29.08,2026-08-29,COLQUISIRI,XRD80USS-012,A,16.9,SI,20260829-XRD80USS-012-A
29.08,2026-08-29,COLQUISIRI,XRD80USS-012,B,8.8,SI,20260829-XRD80USS-012-B
29.08,2026-08-29,CUCULI,XRD100ST-001,A,9.0,SI,20260829-XRD100ST-001-A
29.08,2026-08-29,CUCULI,XRD100ST-001,B,24.0,SI,20260829-XRD100ST-001-B
29.08,2026-08-29,SAN CRISTOBAL,XRD90U-023,A,0.0,SI,20260829-XRD90U-023-A
29.08,2026-08-29,SAN CRISTOBAL,XRD90U-023,B,0.0,SI,20260829-XRD90U-023-B
29.08,2026-08-29,SAN CRISTOBAL,XRD90U-004,A,0.0,SI,20260829-XRD90U-004-A
29.08,2026-08-29,SAN CRISTOBAL,XRD90U-004,B,0.0,SI,20260829-XRD90U-004-B
29.08,2026-08-29,SAN CRISTOBAL,XRD150U-012,A,0.0,SI,20260829-XRD150U-012-A
29.08,2026-08-29,SAN CRISTOBAL,XRD150U-012,B,0.0,SI,20260829-XRD150U-012-B
29.08,2026-08-29,SAN CRISTOBAL,DE710ST-001,A,0.0,SI,20260829-DE710ST-001-A
29.08,2026-08-29,SAN CRISTOBAL,DE710ST-001,B,0.0,SI,20260829-DE710ST-001-B
29.08,2026-08-29,CATALINA HUANCA,XRD50U-003,A,12.0,SI,20260829-XRD50U-003-A
29.08,2026-08-29,CATALINA HUANCA,XRD50U-003,B,0.0,SI,20260829-XRD50U-003-B
29.08,2026-08-29,CATALINA HUANCA,XRD50USS-004,A,15.8,SI,20260829-XRD50USS-004-A
29.08,2026-08-29,CATALINA HUANCA,XRD50USS-004,B,2.6,SI,20260829-XRD50USS-004-B
29.08,2026-08-29,CATALINA HUANCA,XRD100U-001,A,0.0,SI,20260829-XRD100U-001-A
29.08,2026-08-29,CATALINA HUANCA,XRD100U-001,B,25.2,SI,20260829-XRD100U-001-B
29.08,2026-08-29,CATALINA HUANCA,XRD90U-005,A,0.0,SI,20260829-XRD90U-005-A
29.08,2026-08-29,CATALINA HUANCA,XRD90U-005,B,0.0,SI,20260829-XRD90U-005-B
29.08,2026-08-29,CATALINA HUANCA,XRD125UFDR-001,A,13.7,SI,20260829-XRD125UFDR-001-A
29.08,2026-08-29,CATALINA HUANCA,XRD125UFDR-001,B,18.2,SI,20260829-XRD125UFDR-001-B
29.08,2026-08-29,COBRIZA,XRD50UFDR-001,A,10.4,SI,20260829-XRD50UFDR-001-A
29.08,2026-08-29,COBRIZA,XRD50UFDR-001,B,16.4,SI,20260829-XRD50UFDR-001-B
29.08,2026-08-29,COBRIZA,XRD90U-019,A,0.0,NO,20260829-XRD90U-019-A
29.08,2026-08-29,COBRIZA,XRD90U-019,B,0.0,NO,20260829-XRD90U-019-B
29.08,2026-08-29,COBRIZA,XRD80USS-006,A,13.1,SI,20260829-XRD80USS-006-A
29.08,2026-08-29,COBRIZA,XRD80USS-006,B,11.6,SI,20260829-XRD80USS-006-B
29.08,2026-08-29,COBRIZA,XRD50USS-002,A,0.0,NO,20260829-XRD50USS-002-A
29.08,2026-08-29,COBRIZA,XRD50USS-002,B,0.0,NO,20260829-XRD50USS-002-B
29.08,2026-08-29,COBRIZA,XLM75UFDR-003,A,28.5,SI,20260829-XLM75UFDR-003-A
29.08,2026-08-29,COBRIZA,XLM75UFDR-003,B,25.5,SI,20260829-XLM75UFDR-003-B
29.08,2026-08-29,COBRIZA,XRD125UFDR-002,A,14.6,SI,20260829-XRD125UFDR-002-A
29.08,2026-08-29,COBRIZA,XRD125UFDR-002,B,26.3,SI,20260829-XRD125UFDR-002-B
29.08,2026-08-29,COBRIZA,XRD150U-008,A,30.1,SI,20260829-XRD150U-008-A
29.08,2026-08-29,COBRIZA,XRD150U-008,B,25.3,SI,20260829-XRD150U-008-B
29.08,2026-08-29,RAURA,XRD90USS-004,A,23.86,SI,20260829-XRD90USS-004-A
29.08,2026-08-29,RAURA,XRD90USS-004,B,30.12,SI,20260829-XRD90USS-004-B
29.08,2026-08-29,RAURA,XRD90USS-001,A,5.58,SI,20260829-XRD90USS-001-A
29.08,2026-08-29,RAURA,XRD90USS-001,B,21.93,SI,20260829-XRD90USS-001-B
29.08,2026-08-29,RAURA,XRD150UBT-001,A,15.51,SI,20260829-XRD150UBT-001-A
29.08,2026-08-29,RAURA,XRD150UBT-001,B,17.08,SI,20260829-XRD150UBT-001-B
29.08,2026-08-29,RAURA,XRD150U-005,A,14.22,SI,20260829-XRD150U-005-A
29.08,2026-08-29,RAURA,XRD150U-005,B,4.69,SI,20260829-XRD150U-005-B
29.08,2026-08-29,CHUNGAR,XRD120U-001,A,12.1,SI,20260829-XRD120U-001-A
29.08,2026-08-29,CHUNGAR,XRD120U-001,B,15.95,SI,20260829-XRD120U-001-B
29.08,2026-08-29,CHUNGAR,XRD150USS-005,A,0.0,SI,20260829-XRD150USS-005-A
29.08,2026-08-29,CHUNGAR,XRD150USS-005,B,0.0,NO,20260829-XRD150USS-005-B
29.08,2026-08-29,CHUNGAR,XRD90U-021,A,9.2,SI,20260829-XRD90U-021-A
29.08,2026-08-29,CHUNGAR,XRD90U-021,B,0.0,SI,20260829-XRD90U-021-B
29.08,2026-08-29,CHUNGAR,XRD90USS-003,A,19.15,SI,20260829-XRD90USS-003-A
29.08,2026-08-29,CHUNGAR,XRD90USS-003,B,25.75,SI,20260829-XRD90USS-003-B
29.08,2026-08-29,CHUNGAR,LM90U-001,A,20.9,SI,20260829-LM90U-001-A
29.08,2026-08-29,CHUNGAR,LM90U-001,B,15.15,SI,20260829-LM90U-001-B
29.08,2026-08-29,CHUNGAR,LM110U-001,A,24.35,SI,20260829-LM110U-001-A
29.08,2026-08-29,CHUNGAR,LM110U-001,B,25.95,SI,20260829-LM110U-001-B
29.08,2026-08-29,CONDESTABLE,XRD80ITH-001,A,0.0,NO,20260829-XRD80ITH-001-A
29.08,2026-08-29,CONDESTABLE,XRD80ITH-001,B,0.0,NO,20260829-XRD80ITH-001-B
29.08,2026-08-29,CONDESTABLE,XRD150USS-003,A,8.7,SI,20260829-XRD150USS-003-A
29.08,2026-08-29,CONDESTABLE,XRD150USS-003,B,9.4,SI,20260829-XRD150USS-003-B
29.08,2026-08-29,CONDESTABLE,XLM75UFDR-002,A,39.1,SI,20260829-XLM75UFDR-002-A
29.08,2026-08-29,CONDESTABLE,XLM75UFDR-002,B,43.5,SI,20260829-XLM75UFDR-002-B
29.08,2026-08-29,CONDESTABLE,XLM75UFDR-004,A,8.4,SI,20260829-XLM75UFDR-004-A
29.08,2026-08-29,CONDESTABLE,XLM75UFDR-004,B,10.8,SI,20260829-XLM75UFDR-004-B
29.08,2026-08-29,ANDAYCHAGUA,LF90D ST-002,A,12.3,SI,20260829-LF90DST-002-A
29.08,2026-08-29,ANDAYCHAGUA,LF90D ST-002,B,3.45,SI,20260829-LF90DST-002-B
29.08,2026-08-29,ANDAYCHAGUA,XRD80USS-010,A,20.05,SI,20260829-XRD80USS-010-A
29.08,2026-08-29,ANDAYCHAGUA,XRD80USS-010,B,13.0,SI,20260829-XRD80USS-010-B
29.08,2026-08-29,ANDAYCHAGUA,XRD150U-001,A,18.2,SI,20260829-XRD150U-001-A
29.08,2026-08-29,ANDAYCHAGUA,XRD150U-001,B,15.8,SI,20260829-XRD150U-001-B
29.08,2026-08-29,YAULIYACU,XRD50USS-003,A,21.45,SI,20260829-XRD50USS-003-A
29.08,2026-08-29,YAULIYACU,XRD50USS-003,B,6.1,SI,20260829-XRD50USS-003-B
29.08,2026-08-29,YAULIYACU,XDR50USS-00T,A,0.0,SI,20260829-XDR50USS-00T-A
29.08,2026-08-29,YAULIYACU,XDR50USS-00T,B,3.85,SI,20260829-XDR50USS-00T-B
29.08,2026-08-29,YAULIYACU,XRD125USS-001,A,0.0,SI,20260829-XRD125USS-001-A
29.08,2026-08-29,YAULIYACU,XRD125USS-001,B,8.8,SI,20260829-XRD125USS-001-B
29.08,2026-08-29,MOROCOCHA,XRD80USS-011,A,0.0,NO,20260829-XRD80USS-011-A
29.08,2026-08-29,MOROCOCHA,XRD80USS-011,B,0.0,SI,20260829-XRD80USS-011-B
29.08,2026-08-29,MOROCOCHA,XRD90USS-005,A,6.0,SI,20260829-XRD90USS-005-A
29.08,2026-08-29,MOROCOCHA,XRD90USS-005,B,0.0,SI,20260829-XRD90USS-005-B
29.08,2026-08-29,MOROCOCHA,XRD150USS-002,A,0.0,NO,20260829-XRD150USS-002-A
29.08,2026-08-29,MOROCOCHA,XRD150USS-002,B,4.2,SI,20260829-XRD150USS-002-B
29.08,2026-08-29,INMACULADA,XRD250U-001,A,0.0,NO,20260829-XRD250U-001-A
29.08,2026-08-29,INMACULADA,XRD250U-001,B,0.0,NO,20260829-XRD250U-001-B
29.08,2026-08-29,INMACULADA,XLM75UFDR-001,A,0.0,SI,20260829-XLM75UFDR-001-A
29.08,2026-08-29,INMACULADA,XLM75UFDR-001,B,0.0,SI,20260829-XLM75UFDR-001-B
29.08,2026-08-29,INMACULADA,XRD150U-003,A,16.5,SI,20260829-XRD150U-003-A
29.08,2026-08-29,INMACULADA,XRD150U-003,B,15.0,SI,20260829-XRD150U-003-B
29.08,2026-08-29,INMACULADA,XRD80USS-008,A,2.0,SI,20260829-XRD80USS-008-A
29.08,2026-08-29,INMACULADA,XRD80USS-008,B,4.0,SI,20260829-XRD80USS-008-B
29.08,2026-08-29,INMACULADA,XRD90U-016,A,29.9,SI,20260829-XRD90U-016-A
29.08,2026-08-29,INMACULADA,XRD90U-016,B,25.7,SI,20260829-XRD90U-016-B
29.08,2026-08-29,INMACULADA,XRD90U-012,A,0.0,SI,20260829-XRD90U-012-A
29.08,2026-08-29,INMACULADA,XRD90U-012,B,0.0,SI,20260829-XRD90U-012-B
29.08,2026-08-29,INMACULADA,XRD150USS-004,A,3.0,SI,20260829-XRD150USS-004-A
29.08,2026-08-29,INMACULADA,XRD150USS-004,B,0.0,SI,20260829-XRD150USS-004-B
29.08,2026-08-29,LA ESTRELLA,XRD150U-004,A,17.0,SI,20260829-XRD150U-004-A
29.08,2026-08-29,LA ESTRELLA,XRD150U-004,B,18.1,SI,20260829-XRD150U-004-B
29.08,2026-08-29,LA ESTRELLA,XRD150U-006,A,16.1,SI,20260829-XRD150U-006-A
29.08,2026-08-29,LA ESTRELLA,XRD150U-006,B,9.2,SI,20260829-XRD150U-006-B
29.08,2026-08-29,TICLIO,XRD150U-007,A,0.0,SI,20260829-XRD150U-007-A
29.08,2026-08-29,TICLIO,XRD150U-007,B,0.0,SI,20260829-XRD150U-007-B
29.08,2026-08-29,CERRO,XRD150U-002,A,11.45,SI,20260829-XRD150U-002-A
29.08,2026-08-29,CERRO,XRD150U-002,B,0.0,SI,20260829-XRD150U-002-B
29.08,2026-08-29,YAURICOCHA,XRD150USS-001,A,14.9,SI,20260829-XRD150USS-001-A
29.08,2026-08-29,YAURICOCHA,XRD150USS-001,B,2.1,SI,20260829-XRD150USS-001-B
29.08,2026-08-29,YAURICOCHA,XRD150U-011,A,0.0,SI,20260829-XRD150U-011-A
29.08,2026-08-29,YAURICOCHA,XRD150U-011,B,11.8,SI,20260829-XRD150U-011-B
29.08,2026-08-29,TAMBOJASA,DE710T-002,A,18.7,SI,20260829-DE710T-002-A
29.08,2026-08-29,TAMBOJASA,DE710T-002,B,0.0,SI,20260829-DE710T-002-B
29.08,2026-08-29,TAMBOJASA,XRD150U-009,A,7.55,SI,20260829-XRD150U-009-A
29.08,2026-08-29,TAMBOJASA,XRD150U-009,B,11.75,SI,20260829-XRD150U-009-B
30.08,2026-08-30,AMERICANA,XRD50U-002,A,0.0,SI,20260830-XRD50U-002-A
30.08,2026-08-30,AMERICANA,XRD50U-002,B,0.0,SI,20260830-XRD50U-002-B
30.08,2026-08-30,AMERICANA,XRD50USS-001,A,18.7,SI,20260830-XRD50USS-001-A
30.08,2026-08-30,AMERICANA,XRD50USS-001,B,35.0,SI,20260830-XRD50USS-001-B
30.08,2026-08-30,COLQUISIRI,XRD80USS-012,A,16.7,SI,20260830-XRD80USS-012-A
30.08,2026-08-30,COLQUISIRI,XRD80USS-012,B,0.0,SI,20260830-XRD80USS-012-B
30.08,2026-08-30,CUCULI,XRD100ST-001,A,27.0,SI,20260830-XRD100ST-001-A
30.08,2026-08-30,CUCULI,XRD100ST-001,B,27.0,SI,20260830-XRD100ST-001-B
30.08,2026-08-30,SAN CRISTOBAL,XRD90U-023,A,0.0,SI,20260830-XRD90U-023-A
30.08,2026-08-30,SAN CRISTOBAL,XRD90U-023,B,21.3,SI,20260830-XRD90U-023-B
30.08,2026-08-30,SAN CRISTOBAL,XRD90U-004,A,0.0,SI,20260830-XRD90U-004-A
30.08,2026-08-30,SAN CRISTOBAL,XRD90U-004,B,3.65,SI,20260830-XRD90U-004-B
30.08,2026-08-30,SAN CRISTOBAL,XRD150U-012,A,0.0,SI,20260830-XRD150U-012-A
30.08,2026-08-30,SAN CRISTOBAL,XRD150U-012,B,0.0,SI,20260830-XRD150U-012-B
30.08,2026-08-30,SAN CRISTOBAL,DE710ST-001,A,0.0,SI,20260830-DE710ST-001-A
30.08,2026-08-30,SAN CRISTOBAL,DE710ST-001,B,0.0,SI,20260830-DE710ST-001-B
30.08,2026-08-30,CATALINA HUANCA,XRD50U-003,A,3.1,SI,20260830-XRD50U-003-A
30.08,2026-08-30,CATALINA HUANCA,XRD50U-003,B,18.9,SI,20260830-XRD50U-003-B
30.08,2026-08-30,CATALINA HUANCA,XRD50USS-004,A,2.7,SI,20260830-XRD50USS-004-A
30.08,2026-08-30,CATALINA HUANCA,XRD50USS-004,B,0.0,SI,20260830-XRD50USS-004-B
30.08,2026-08-30,CATALINA HUANCA,XRD100U-001,A,19.6,SI,20260830-XRD100U-001-A
30.08,2026-08-30,CATALINA HUANCA,XRD100U-001,B,22.1,SI,20260830-XRD100U-001-B
30.08,2026-08-30,CATALINA HUANCA,XRD90U-005,A,0.0,SI,20260830-XRD90U-005-A
30.08,2026-08-30,CATALINA HUANCA,XRD90U-005,B,10.0,SI,20260830-XRD90U-005-B
30.08,2026-08-30,CATALINA HUANCA,XRD125UFDR-001,A,9.3,SI,20260830-XRD125UFDR-001-A
30.08,2026-08-30,CATALINA HUANCA,XRD125UFDR-001,B,0.0,SI,20260830-XRD125UFDR-001-B
30.08,2026-08-30,COBRIZA,XRD50UFDR-001,A,35.0,SI,20260830-XRD50UFDR-001-A
30.08,2026-08-30,COBRIZA,XRD50UFDR-001,B,31.6,SI,20260830-XRD50UFDR-001-B
30.08,2026-08-30,COBRIZA,XRD90U-019,A,0.0,NO,20260830-XRD90U-019-A
30.08,2026-08-30,COBRIZA,XRD90U-019,B,0.0,NO,20260830-XRD90U-019-B
30.08,2026-08-30,COBRIZA,XRD80USS-006,A,16.3,SI,20260830-XRD80USS-006-A
30.08,2026-08-30,COBRIZA,XRD80USS-006,B,34.1,SI,20260830-XRD80USS-006-B
30.08,2026-08-30,COBRIZA,XRD50USS-002,A,0.0,NO,20260830-XRD50USS-002-A
30.08,2026-08-30,COBRIZA,XRD50USS-002,B,0.0,NO,20260830-XRD50USS-002-B
30.08,2026-08-30,COBRIZA,XLM75UFDR-003,A,15.5,SI,20260830-XLM75UFDR-003-A
30.08,2026-08-30,COBRIZA,XLM75UFDR-003,B,21.0,SI,20260830-XLM75UFDR-003-B
30.08,2026-08-30,COBRIZA,XRD125UFDR-002,A,28.4,SI,20260830-XRD125UFDR-002-A
30.08,2026-08-30,COBRIZA,XRD125UFDR-002,B,0.0,SI,20260830-XRD125UFDR-002-B
30.08,2026-08-30,COBRIZA,XRD150U-008,A,10.4,SI,20260830-XRD150U-008-A
30.08,2026-08-30,COBRIZA,XRD150U-008,B,0.0,SI,20260830-XRD150U-008-B
30.08,2026-08-30,RAURA,XRD90USS-004,A,34.34,SI,20260830-XRD90USS-004-A
30.08,2026-08-30,RAURA,XRD90USS-004,B,15.13,SI,20260830-XRD90USS-004-B
30.08,2026-08-30,RAURA,XRD90USS-001,A,0.0,SI,20260830-XRD90USS-001-A
30.08,2026-08-30,RAURA,XRD90USS-001,B,24.79,SI,20260830-XRD90USS-001-B
30.08,2026-08-30,RAURA,XRD150UBT-001,A,19.63,SI,20260830-XRD150UBT-001-A
30.08,2026-08-30,RAURA,XRD150UBT-001,B,12.23,SI,20260830-XRD150UBT-001-B
30.08,2026-08-30,RAURA,XRD150U-005,A,6.19,SI,20260830-XRD150U-005-A
30.08,2026-08-30,RAURA,XRD150U-005,B,6.95,SI,20260830-XRD150U-005-B
30.08,2026-08-30,CHUNGAR,XRD120U-001,A,0.0,SI,20260830-XRD120U-001-A
30.08,2026-08-30,CHUNGAR,XRD120U-001,B,15.55,SI,20260830-XRD120U-001-B
30.08,2026-08-30,CHUNGAR,XRD150USS-005,A,0.0,SI,20260830-XRD150USS-005-A
30.08,2026-08-30,CHUNGAR,XRD150USS-005,B,0.0,SI,20260830-XRD150USS-005-B
30.08,2026-08-30,CHUNGAR,XRD90U-021,A,0.0,SI,20260830-XRD90U-021-A
30.08,2026-08-30,CHUNGAR,XRD90U-021,B,0.0,NO,20260830-XRD90U-021-B
30.08,2026-08-30,CHUNGAR,XRD90USS-003,A,13.5,SI,20260830-XRD90USS-003-A
30.08,2026-08-30,CHUNGAR,XRD90USS-003,B,17.0,SI,20260830-XRD90USS-003-B
30.08,2026-08-30,CHUNGAR,LM90U-001,A,0.0,SI,20260830-LM90U-001-A
30.08,2026-08-30,CHUNGAR,LM90U-001,B,0.0,SI,20260830-LM90U-001-B
30.08,2026-08-30,CHUNGAR,LM110U-001,A,19.7,SI,20260830-LM110U-001-A
30.08,2026-08-30,CHUNGAR,LM110U-001,B,20.3,SI,20260830-LM110U-001-B
30.08,2026-08-30,CONDESTABLE,XRD80ITH-001,A,0.0,NO,20260830-XRD80ITH-001-A
30.08,2026-08-30,CONDESTABLE,XRD80ITH-001,B,0.0,NO,20260830-XRD80ITH-001-B
30.08,2026-08-30,CONDESTABLE,XRD150USS-003,A,9.0,SI,20260830-XRD150USS-003-A
30.08,2026-08-30,CONDESTABLE,XRD150USS-003,B,0.6,SI,20260830-XRD150USS-003-B
30.08,2026-08-30,CONDESTABLE,XLM75UFDR-002,A,26.9,SI,20260830-XLM75UFDR-002-A
30.08,2026-08-30,CONDESTABLE,XLM75UFDR-002,B,27.3,SI,20260830-XLM75UFDR-002-B
30.08,2026-08-30,CONDESTABLE,XLM75UFDR-004,A,13.2,SI,20260830-XLM75UFDR-004-A
30.08,2026-08-30,CONDESTABLE,XLM75UFDR-004,B,7.1,SI,20260830-XLM75UFDR-004-B
30.08,2026-08-30,ANDAYCHAGUA,LF90D ST-002,A,0.0,SI,20260830-LF90DST-002-A
30.08,2026-08-30,ANDAYCHAGUA,LF90D ST-002,B,4.95,SI,20260830-LF90DST-002-B
30.08,2026-08-30,ANDAYCHAGUA,XRD80USS-010,A,0.0,SI,20260830-XRD80USS-010-A
30.08,2026-08-30,ANDAYCHAGUA,XRD80USS-010,B,20.3,SI,20260830-XRD80USS-010-B
30.08,2026-08-30,ANDAYCHAGUA,XRD150U-001,A,0.0,SI,20260830-XRD150U-001-A
30.08,2026-08-30,ANDAYCHAGUA,XRD150U-001,B,0.0,SI,20260830-XRD150U-001-B
30.08,2026-08-30,YAULIYACU,XRD50USS-003,A,11.4,SI,20260830-XRD50USS-003-A
30.08,2026-08-30,YAULIYACU,XRD50USS-003,B,6.25,SI,20260830-XRD50USS-003-B
30.08,2026-08-30,YAULIYACU,XDR50USS-00T,A,21.6,SI,20260830-XDR50USS-00T-A
30.08,2026-08-30,YAULIYACU,XDR50USS-00T,B,20.1,SI,20260830-XDR50USS-00T-B
30.08,2026-08-30,YAULIYACU,XRD125USS-001,A,0.0,SI,20260830-XRD125USS-001-A
30.08,2026-08-30,YAULIYACU,XRD125USS-001,B,0.0,SI,20260830-XRD125USS-001-B
30.08,2026-08-30,MOROCOCHA,XRD80USS-011,A,0.0,NO,20260830-XRD80USS-011-A
30.08,2026-08-30,MOROCOCHA,XRD80USS-011,B,0.0,SI,20260830-XRD80USS-011-B
30.08,2026-08-30,MOROCOCHA,XRD90USS-005,A,10.7,SI,20260830-XRD90USS-005-A
30.08,2026-08-30,MOROCOCHA,XRD90USS-005,B,0.0,SI,20260830-XRD90USS-005-B
30.08,2026-08-30,MOROCOCHA,XRD150USS-002,A,0.0,NO,20260830-XRD150USS-002-A
30.08,2026-08-30,MOROCOCHA,XRD150USS-002,B,11.8,SI,20260830-XRD150USS-002-B
30.08,2026-08-30,INMACULADA,XRD250U-001,A,0.0,NO,20260830-XRD250U-001-A
30.08,2026-08-30,INMACULADA,XRD250U-001,B,0.0,NO,20260830-XRD250U-001-B
30.08,2026-08-30,INMACULADA,XLM75UFDR-001,A,1.8,SI,20260830-XLM75UFDR-001-A
30.08,2026-08-30,INMACULADA,XLM75UFDR-001,B,0.6,SI,20260830-XLM75UFDR-001-B
30.08,2026-08-30,INMACULADA,XRD150U-003,A,12.0,SI,20260830-XRD150U-003-A
30.08,2026-08-30,INMACULADA,XRD150U-003,B,13.5,SI,20260830-XRD150U-003-B
30.08,2026-08-30,INMACULADA,XRD80USS-008,A,6.0,SI,20260830-XRD80USS-008-A
30.08,2026-08-30,INMACULADA,XRD80USS-008,B,7.5,SI,20260830-XRD80USS-008-B
30.08,2026-08-30,INMACULADA,XRD90U-016,A,4.2,SI,20260830-XRD90U-016-A
30.08,2026-08-30,INMACULADA,XRD90U-016,B,13.9,SI,20260830-XRD90U-016-B
30.08,2026-08-30,INMACULADA,XRD90U-012,A,0.0,SI,20260830-XRD90U-012-A
30.08,2026-08-30,INMACULADA,XRD90U-012,B,0.0,SI,20260830-XRD90U-012-B
30.08,2026-08-30,INMACULADA,XRD150USS-004,A,0.0,SI,20260830-XRD150USS-004-A
30.08,2026-08-30,INMACULADA,XRD150USS-004,B,0.0,SI,20260830-XRD150USS-004-B
30.08,2026-08-30,LA ESTRELLA,XRD150U-004,A,13.5,SI,20260830-XRD150U-004-A
30.08,2026-08-30,LA ESTRELLA,XRD150U-004,B,10.2,SI,20260830-XRD150U-004-B
30.08,2026-08-30,LA ESTRELLA,XRD150U-006,A,17.2,SI,20260830-XRD150U-006-A
30.08,2026-08-30,LA ESTRELLA,XRD150U-006,B,16.5,SI,20260830-XRD150U-006-B
30.08,2026-08-30,TICLIO,XRD150U-007,A,0.0,SI,20260830-XRD150U-007-A
30.08,2026-08-30,TICLIO,XRD150U-007,B,29.35,SI,20260830-XRD150U-007-B
30.08,2026-08-30,CERRO,XRD150U-002,A,0.0,SI,20260830-XRD150U-002-A
30.08,2026-08-30,CERRO,XRD150U-002,B,10.25,SI,20260830-XRD150U-002-B
30.08,2026-08-30,YAURICOCHA,XRD150USS-001,A,18.9,SI,20260830-XRD150USS-001-A
30.08,2026-08-30,YAURICOCHA,XRD150USS-001,B,23.8,SI,20260830-XRD150USS-001-B
30.08,2026-08-30,YAURICOCHA,XRD150U-011,A,0.0,SI,20260830-XRD150U-011-A
30.08,2026-08-30,YAURICOCHA,XRD150U-011,B,0.0,SI,20260830-XRD150U-011-B
30.08,2026-08-30,TAMBOJASA,DE710T-002,A,0.0,SI,20260830-DE710T-002-A
30.08,2026-08-30,TAMBOJASA,DE710T-002,B,0.0,SI,20260830-DE710T-002-B
30.08,2026-08-30,TAMBOJASA,XRD150U-009,A,3.0,SI,20260830-XRD150U-009-A
30.08,2026-08-30,TAMBOJASA,XRD150U-009,B,12.3,SI,20260830-XRD150U-009-B
